depth,latitude,longitude,hour,month,day,risk_level,magnitude
9.4183,36.7591,-116.805,21,8,28,0,2.63
4.3084,32.121,-102.219,20,8,28,0,2.6
10.0,-6.211,151.7381,20,8,28,1,5.0
10.0,-28.3225,62.5441,19,8,28,1,4.9
118.362,6.4352,126.7143,17,8,28,1,4.4
26.8,51.196,-178.25,15,8,28,0,3.5
9.80000019073486,37.5839996337891,-119.422500610352,14,8,28,0,2.68
67.134,40.2476,141.9657,14,8,28,1,4.4
55.32,18.4013333333333,-64.8641666666667,14,8,28,0,2.91
131.354,-21.2109,-68.5089,14,8,28,1,4.6
20.1,51.009,-178.761,13,8,28,0,2.7
115.8,51.781,-179.9,13,8,28,0,2.6
34.4,51.092,-178.844,13,8,28,0,2.6
65.7,51.716,-175.392,13,8,28,0,2.7
25.4,51.036,-178.741,12,8,28,0,2.8
15.5,51.554,-173.346,12,8,28,0,2.9
10.0,-3.6651,141.2038,12,8,28,1,4.5
5.84000015258789,39.3171653747559,-123.217834472656,12,8,28,0,2.69
35.4,51.037,-178.668,11,8,28,0,2.7
535.422,-21.1233,-178.6454,10,8,28,1,4.4
13.62,18.4908333333333,-66.6331666666667,10,8,28,0,2.58
10.0,-6.9733,127.3738,10,8,28,1,4.6
24.0,56.079,-154.419,10,8,28,0,3.1
131.746,25.8399,125.2609,10,8,28,1,4.5
7.5354,31.667,-104.368,10,8,28,0,2.8
-1.93,41.5596666666667,-109.888833333333,9,8,28,0,2.98
14.9,50.995,-178.702,9,8,28,0,2.6
10.0,52.1245,160.6615,9,8,28,1,5.0
10.0,-19.2675,168.2841,8,8,28,1,5.0
0.1,63.042,-143.778,6,8,28,0,3.1
35.0,10.0415,-78.4292,6,8,28,1,4.3
74.1,51.521,179.964,6,8,28,0,3.1
25.6,51.363,-178.196,5,8,28,0,2.5
10.0,29.2752,105.229,5,8,28,1,5.0
10.0,-50.116,111.5852,4,8,28,1,5.2
39.21,18.871,-64.3788333333333,4,8,28,0,3.42
25.83,19.1956666666667,-66.0928333333333,3,8,28,0,3.3
10.0,8.4191,-103.4604,2,8,28,1,5.0
24.315,47.155,-113.4515,2,8,28,0,3.2
12.071,22.0405,120.3615,2,8,28,1,4.4
2.2,65.462,-149.986,1,8,28,0,3.0
74.035,1.7526,126.8948,0,8,28,1,4.6
10.0,10.2402,-67.3313,0,8,28,1,4.4
130.0,-6.3912,130.3094,0,8,28,1,4.1
267.472,-3.934,152.0206,23,8,27,1,4.4
37.8,58.162,-151.537,23,8,27,0,3.2
520.313,-20.3798,-177.6957,23,8,27,1,4.9
35.0,53.1231,-166.831,22,8,27,0,2.9
63.668,42.0315,142.2416,22,8,27,1,4.6
12.6026,40.6068,-119.5801,14,9,14,0,3.42
16.9200000762939,37.8748321533203,-121.809829711914,13,9,14,0,2.99
595.732,-17.9042,-178.5152,11,9,14,1,4.2
20.0,52.617,-164.33,11,9,14,0,2.9
49.4,56.196,-154.116,11,9,14,0,3.0
137.2,59.813,-153.41,11,9,14,0,2.7
51.32,37.6068,141.5344,10,9,14,1,4.6
162.179,2.4223,128.1704,10,9,14,1,5.6
10.0,-8.5419,105.8726,9,9,14,1,5.5
35.0,37.1853,142.2375,7,9,14,1,4.5
10.797,35.6153,-98.0473,6,9,14,0,2.6
99.155,-5.0593,144.6082,6,9,14,1,4.5
7.1,60.657,-149.406,5,9,14,0,2.5
189.041,-24.1313,-66.9986,5,9,14,1,4.4
9.9,51.18,-176.39,4,9,14,0,2.6
71.9,51.504,179.332,3,9,14,0,2.5
10.0,25.5449,-45.3828,2,9,14,1,5.4
33.378,-9.2825,112.9014,1,9,14,1,4.8
10.0,-8.1301,120.3101,0,9,14,1,4.6
438.237,-23.5079,-179.619,23,9,13,1,4.4
10.0,22.7398,121.6019,22,9,13,1,4.6
10.0,-8.1597,120.3822,22,9,13,1,5.1
16.7999992370605,37.8741683959961,-121.803169250488,22,9,13,0,2.55
20.0,50.375,-174.139,21,9,13,0,2.8
10.0,-20.2006,168.8337,19,9,13,1,4.9
10.0,-26.1559,-66.5753,19,9,13,1,4.7
12.223,23.5992,121.4016,19,9,13,1,4.2
11.3400001525879,19.1650009155273,-155.486328125,18,9,13,0,2.61
12.87,19.1606666666667,-155.480833333333,18,9,13,0,3.95
153.773,6.8511,-73.0464,17,9,13,1,4.3
5.05,18.8685,-67.2978333333333,16,9,13,0,3.42
623.081,-17.8176,-178.452,15,9,13,1,4.3
12.6026,40.6068,-119.5801,14,9,14,0,3.42
16.9200000762939,37.8748321533203,-121.809829711914,13,9,14,0,2.99
595.732,-17.9042,-178.5152,11,9,14,1,4.2
20.0,52.617,-164.33,11,9,14,0,2.9
49.4,56.196,-154.116,11,9,14,0,3.0
137.2,59.813,-153.41,11,9,14,0,2.7
51.32,37.6068,141.5344,10,9,14,1,4.6
162.179,2.4223,128.1704,10,9,14,1,5.6
10.0,-8.5419,105.8726,9,9,14,1,5.5
35.0,37.1853,142.2375,7,9,14,1,4.5
10.797,35.6153,-98.0473,6,9,14,0,2.6
99.155,-5.0593,144.6082,6,9,14,1,4.5
7.1,60.657,-149.406,5,9,14,0,2.5
189.041,-24.1313,-66.9986,5,9,14,1,4.4
9.9,51.18,-176.39,4,9,14,0,2.6
71.9,51.504,179.332,3,9,14,0,2.5
10.0,25.5449,-45.3828,2,9,14,1,5.4
33.378,-9.2825,112.9014,1,9,14,1,4.8
10.0,-8.1301,120.3101,0,9,14,1,4.6
438.237,-23.5079,-179.619,23,9,13,1,4.4
10.0,22.7398,121.6019,22,9,13,1,4.6
10.0,-8.1597,120.3822,22,9,13,1,5.1
16.7999992370605,37.8741683959961,-121.803169250488,22,9,13,0,2.55
20.0,50.375,-174.139,21,9,13,0,2.8
10.0,-20.2006,168.8337,19,9,13,1,4.9
10.0,-26.1559,-66.5753,19,9,13,1,4.7
12.223,23.5992,121.4016,19,9,13,1,4.2
11.3400001525879,19.1650009155273,-155.486328125,18,9,13,0,2.61
12.87,19.1606666666667,-155.480833333333,18,9,13,0,3.95
153.773,6.8511,-73.0464,17,9,13,1,4.3
5.05,18.8685,-67.2978333333333,16,9,13,0,3.42
623.081,-17.8176,-178.452,15,9,13,1,4.3
79.99,19.4113333333333,-65.2633333333333,14,9,13,0,3.22
5.21999979019165,39.417667388916,-123.288497924805,13,9,13,0,2.53
103.6,60.792,-152.211,13,9,13,0,2.8
10.7955,39.3196,-119.0472,13,9,13,0,2.58
10.0,-33.3311,-72.5473,12,9,13,0,3.9
0.4,56.072,-159.873,11,9,13,0,2.5
16.0,19.557,-65.3043,10,9,13,0,3.53
6.0999,31.661,-104.432,10,9,13,0,3.4
0.5,65.783,-145.644,10,9,13,0,3.4
20.0,51.043,-178.036,10,9,13,0,3.5
9.8,53.509,-163.203,8,9,13,0,3.0
120.372,41.5125,141.2715,8,9,13,1,4.7
98.813,-22.2281,171.3544,7,9,13,1,5.0
135.084,-15.2195,167.4363,7,9,13,1,5.2
6.0999,31.661,-104.432,6,9,13,0,2.9
10.0,26.3045,142.2525,3,9,13,1,4.9
10.29,18.8836666666667,-64.34,3,9,13,0,3.39
7.94,19.5111666666667,-65.3446666666667,3,9,13,0,3.4
13.0,19.5855,-65.2498,3,9,13,0,3.63
16.0,18.8401,-65.3013,3,9,13,0,3.51
38.724,51.2163,-178.53,2,9,13,0,3.9
7.074,31.751,-104.336,0,9,13,0,2.9
363.517,34.0948,136.4639,0,9,13,1,4.1
21.65,19.7658333333333,-65.3286666666667,23,9,12,0,3.4
2.62,38.5151666666667,-112.901166666667,22,9,12,0,3.11
188.728,-10.7938,166.08,22,9,12,1,4.3
366.985,-3.4008,152.3384,22,9,12,1,4.3
72.04,19.5828333333333,-65.2731666666667,20,9,12,0,3.41
45.513,29.3244,130.3787,20,9,12,1,5.1
12.7,61.29,-146.12,19,9,12,0,3.5
10.0,53.963,-157.2289,19,9,12,0,2.8
11.6,50.788,-179.184,19,9,12,0,2.5
1.0900000333786,38.8211669921875,-122.764503479004,18,9,12,0,2.9
20.0,49.485,-178.879,18,9,12,0,2.9
33.956,38.1387,20.2555,17,9,12,1,4.8
3.9,52.188,-173.197,17,9,12,0,2.6
8.0,18.9743,-64.5933,16,9,12,0,3.56
188.104,-14.6467,167.2217,15,9,12,1,4.7
17.8,50.138,177.174,15,9,12,0,3.3
102.9,59.996,-152.522,13,9,12,0,2.9
69.0,19.4501,-67.7338,11,9,12,0,3.6
18.79,33.939,-118.303166666667,11,9,12,0,2.64
77.309,4.4114,-76.809,11,9,12,1,4.7
10.8299999237061,33.2573318481445,-118.065002441406,11,9,12,0,3.40807971450025
14.2600002288818,33.2630004882812,-118.071998596191,11,9,12,0,2.97307562276326
98.187,-56.3022,-26.7513,11,9,12,1,4.9
9.74,33.2371666666667,-118.0665,11,9,12,0,2.62
38.859,53.1746,-167.1013,10,9,12,0,3.6
14.39,17.9803333333333,-66.8103333333333,9,9,12,0,2.6
1.73000001907349,19.386999130249,-155.269165039062,9,9,12,0,2.62
1.14999997615814,19.3853340148926,-155.278671264648,9,9,12,0,2.67
16.926,-13.2829,166.3361,9,9,12,1,4.9
76.0,19.0138,-67.726,8,9,12,0,3.51
24.123,-14.4855,-76.2161,8,9,12,1,4.5
35.0,14.0675,-92.4769,8,9,12,1,4.2
0.0,51.618,-172.82,7,9,12,0,2.7
19.18,33.9305,-118.303833333333,7,9,12,0,2.74
17.8899993896484,37.8728332519531,-121.800331115723,7,9,12,0,3.36
10.9,51.826,-172.584,7,9,12,0,3.1
9.0,18.9516,-64.5776,6,9,12,0,3.53
23.263,45.6383,-113.5804,6,9,12,0,2.7
70.3,62.834,-149.049,6,9,12,0,3.9
23.2,53.896,-157.267,6,9,12,0,2.8
134.354,-6.0912,130.5082,6,9,12,1,4.8
3.82,41.7515,-109.806,5,9,12,0,3.79
130.6,59.823,-153.262,5,9,12,0,2.9
44.24,1.0665,126.5851,5,9,12,1,4.7
20.0,51.365,-169.86,5,9,12,0,2.9
20.0,50.308,-173.115,4,9,12,0,3.1
13.39,48.4213333333333,-122.301166666667,4,9,12,0,2.56
19.0,19.6536,-65.5476,4,9,12,0,3.63
19.4,51.132,-178.46,3,9,12,0,3.5
10.0,-8.2634,120.6778,3,9,12,1,4.6
61.47,19.2696666666667,-64.8856666666667,2,9,12,0,3.4
79.0,18.9328,-64.9091,2,9,12,0,3.53
10.0,8.3545,-82.7898,1,9,12,1,4.7
10.0,44.348,-115.1751,1,9,12,0,3.2
10.0,-59.1348,-24.9274,0,9,12,1,5.1
24.3,60.713,-149.634,0,9,12,0,2.7
8.265,32.2661,-103.293,0,9,12,0,2.6
98.772,-15.606,-73.8803,0,9,12,1,4.5
7.6,35.79683333,-96.6525,23,9,11,0,2.9
5.0,60.5682,-139.9761,22,9,11,0,2.9
10.0,-45.7183,-75.8153,22,9,11,1,4.9
35.0,14.3927,-92.9171,21,9,11,1,4.0
372.0,-4.9832,106.8742,21,9,11,2,6.5
10.0,18.9717,-73.2043,20,9,11,1,4.1
20.1,56.305,-152.782,19,9,11,0,2.5
15.1,56.25,-152.951,19,9,11,0,3.2
10.0,53.903,-156.9662,19,9,11,0,3.3
197.014,12.9968,143.2346,18,9,11,1,4.4
32.374,40.1316,143.3706,18,9,11,1,4.4
123.199,26.3827,96.6409,17,9,11,1,4.2
61.088,4.4193,-76.8325,16,9,11,1,4.7
30.7,19.2013333333333,-155.373833333333,15,9,11,0,2.58
35.0,-32.6035,-178.9346,15,9,11,1,4.9
87.8,51.597,-179.123,14,9,11,0,2.6
111.763,-7.2863,128.9383,11,9,11,1,5.9
17.2,51.056,-178.4,11,9,11,0,2.5
20.23,19.2515,-65.3958333333333,11,9,11,0,3.41
24.0,51.194,-178.258,11,9,11,0,2.5
13.8,51.109,-178.434,10,9,11,1,4.3
18.8,51.087,-178.438,10,9,11,0,3.1
40.892,51.213,-178.5429,10,9,11,1,5.3
8.28,34.9093333333333,-117.992166666667,10,9,11,0,2.62
10.0,79.5748,4.4667,8,9,11,1,4.4
90.0,19.3271,-65.2708,8,9,11,0,3.75
43.105,54.034,-163.1555,7,9,11,1,4.5
160.28,-0.2532,123.5477,7,9,11,1,4.3
27.2,62.17,-147.835,7,9,11,1,4.0
18.7,69.603,-143.873,7,9,11,0,2.5
108.762,-19.6983,-69.4096,7,9,11,1,4.1
10.0,13.9298,-92.9367,5,9,11,1,4.2
8.65,51.4728,-178.3759,5,9,11,0,2.8
61.0,58.987,-152.6,2,9,11,0,2.9
18.748,-18.9259,169.3953,2,9,11,1,4.9
10.0,-0.3309,120.2972,0,9,11,1,4.4
79.741,55.0008,-162.8667,23,9,10,0,2.6
25.6,54.24,-159.901,23,9,10,0,2.5
0.5,38.7890014648438,-122.759002685547,23,9,10,0,2.53
5.0,65.211,-166.721,23,9,10,1,4.0
49.877,-13.3249,167.3321,22,9,10,1,4.9
10.0,53.8111,-161.8418,21,9,10,0,2.6
126.1,63.252,-150.504,21,9,10,0,2.7
100.086,51.6792,178.5833,21,9,10,1,4.0
3.85999989509583,38.8621673583984,-122.825836181641,20,9,10,0,3.15
5.1100001335144,38.849666595459,-122.830833435059,20,9,10,0,2.97
10.0,-8.5914,127.7505,18,9,10,1,5.3
10.0,-34.8341,-109.1514,18,9,10,1,5.4
10.0,33.3321,35.3544,18,9,10,1,4.1
35.0,53.4795,-163.1748,16,9,10,0,2.9
10.0,27.1525,103.0684,16,9,10,1,4.7
35.0,52.2916,-169.3204,16,9,10,0,2.7
75.6,18.8363333333333,-64.8395,16,9,10,0,2.89
23.0,56.252,-156.545,15,9,10,0,2.6
87.239,51.6994,179.9653,14,9,10,0,2.6
22.3,52.039,-168.741,14,9,10,0,2.6
10.0,1.7027,-90.6073,14,9,10,1,4.7
10.0,51.581,-174.4688,13,9,10,0,2.8
10.0,14.0976,-92.8815,13,9,10,1,4.5
10.0,12.0265,143.8739,13,9,10,1,5.1
10.0,-44.491,168.3049,13,9,10,1,4.3
22.7,51.217,-177.842,12,9,10,0,2.5
372.617,-17.8933,-65.8339,12,9,10,1,4.8
29.3,54.465,-159.648,11,9,10,0,2.5
22.065,-3.9669,-77.3635,10,9,10,1,4.7
17.6,52.109,-168.806,10,9,10,0,2.7
58.93,18.4903333333333,-64.3048333333333,9,9,10,0,3.16
6.8297,28.678,-98.939,9,9,10,0,3.1
53.4,57.859,-153.432,8,9,10,0,2.5
10.0,9.0275,-84.0624,8,9,10,1,5.0
176.0,51.938,179.582,7,9,10,0,2.8
5.0,56.267,-149.645,7,9,10,0,3.1
36.7,56.771,-148.559,6,9,10,0,3.2
12.4,53.78,-163.708,6,9,10,0,2.7
10.0,-3.873,-77.5027,6,9,10,1,5.3
10.0,14.1276,-93.1639,6,9,10,1,4.4
15.8,62.506,-147.742,5,9,10,1,4.2
20.8,53.671,-165.236,5,9,10,0,2.7
27.3,51.47,-175.74,5,9,10,0,2.5
55.0,51.335,-179.101,4,9,10,0,2.5
10.3299999237061,37.7845001220703,-122.205665588379,2,9,10,0,2.53
11.2,51.975,-169.126,2,9,10,0,2.5
5.0,63.511,-151.407,2,9,10,0,3.6
122.998,-21.0043,-69.2508,1,9,10,1,4.3
20.44,40.2908333333333,-124.531833333333,1,9,10,0,3.63
20.34,40.2893333333333,-124.516333333333,1,9,10,0,3.79
6.3306,31.64,-104.408,0,9,10,0,3.0
68.2,60.323,-151.416,22,9,9,0,2.8
74.3,56.199,-156.548,21,9,9,0,2.9
10.0,-28.5889,74.2522,21,9,9,1,4.8
35.0,14.3007,-93.0181,21,9,9,1,4.3
104.703,-20.9734,169.6974,20,9,9,1,4.7
29.594,38.9879,70.6552,20,9,9,1,4.6
6.7,56.354,-158.902,20,9,9,0,2.5
10.0,28.1285,51.5392,19,9,9,1,4.3
10.0,-19.7477,170.0486,19,9,9,1,4.9
0.490000009536743,38.855167388916,-122.849166870117,19,9,9,0,2.71
8.82,18.9455,-64.585,19,9,9,0,3.1
16.0,51.07,-178.459,18,9,9,0,3.2
49.6,61.247,-150.659,18,9,9,0,2.9
499.414,-20.6521,-178.0932,18,9,9,1,4.6
108.451,36.4387,71.3973,18,9,9,1,4.4
20.0,49.943,-177.895,17,9,9,0,2.5
20.8,51.303,-175.99,17,9,9,0,2.5
32.44,19.0486666666667,-155.382666666667,17,9,9,0,2.63
1.1599999666214,38.8563346862793,-122.846000671387,17,9,9,0,2.58
10.0,-19.777,170.0677,17,9,9,1,5.1
10.0,-19.8279,169.9636,17,9,9,1,5.2
1.911,32.3251,-104.4894,16,9,9,0,2.6
0.7,50.391,-179.323,15,9,9,0,2.6
52.1,51.542,177.966,15,9,9,0,3.3
23.5,51.384,-175.552,12,9,9,0,2.6
10.0,-14.8771,-173.1193,12,9,9,1,4.7
7.82,36.1533333333333,-118.2765,12,9,9,0,2.52
5.0,56.672,-147.957,11,9,9,0,3.2
20.5,51.908,173.859,10,9,9,0,3.6
10.0,34.9849,112.3011,10,9,9,1,4.6
39.3,61.586,-144.808,10,9,9,0,2.8
10.0,-26.1386,-66.5049,10,9,9,1,5.0
5.0,60.65,-139.87,9,9,9,0,2.8
28.5,50.094,-177.082,9,9,9,0,2.6
77.7,61.027,-151.39,7,9,9,0,2.6
10.0,4.0172,125.3233,7,9,9,1,5.0
16.09,17.611,-67.6598333333333,5,9,9,0,3.34
3.1,52.423,-169.742,4,9,9,0,2.5
105.5,51.73,178.464,4,9,9,0,3.0
10.8,51.992,-169.197,4,9,9,0,2.6
115.83,-22.3843,-68.6822,4,9,9,1,4.2
78.2,51.482,-179.826,3,9,9,0,2.5
36.2,51.625,-175.049,2,9,9,0,2.5
17.2,52.525,-169.63,1,9,9,0,2.7
11.8,65.567,-151.994,0,9,9,0,2.7
90.7,51.648,-179.586,0,9,9,0,2.5
54.851,52.3902,-169.479,0,9,9,0,3.4
39.565,-4.9167,102.8454,0,9,9,1,4.5
11.7,52.195,-169.195,0,9,9,0,2.7
4.43,17.9681666666667,-67.3285,0,9,9,0,2.55
10.0,16.5996,148.4279,23,9,8,1,4.9
6.3721,31.717,-101.686,23,9,8,0,2.7
49.3,52.3325,-169.4249,23,9,8,1,4.0
51.12,24.3989,122.4393,22,9,8,1,4.3
10.0,-17.7255,-172.2335,21,9,8,1,4.9
17.467,-8.1535,120.658,21,9,8,1,4.6
2.05,34.4721666666667,-116.508,21,9,8,0,2.67
92.72,18.8671666666667,-67.8091666666667,19,9,8,0,3.23
8.5,53.9015,-166.6335,19,9,8,0,2.64
10.0,56.251,-149.1563,18,9,8,0,3.7
5.0,56.322,-149.249,18,9,8,0,2.9
11.6,52.207,-169.499,18,9,8,0,3.6
82.3,62.864,-148.31,17,9,8,0,2.7
10.0,29.2076,83.9584,16,9,8,1,4.9
10.0,-16.0508,-173.3016,15,9,8,1,4.9
10.0,-7.6809,121.1202,15,9,8,1,5.2
64.43,49.8562,155.7106,14,9,8,1,4.5
110.668,-21.4066,-68.8236,13,9,8,1,4.7
6.93,35.3253333333333,-117.805166666667,12,9,8,0,2.8
10.0,-18.4736,-174.1551,11,9,8,1,5.3
35.0,54.2361,-161.5285,10,9,8,1,4.1
99.602,-23.3881,-68.8859,10,9,8,1,4.2
6.6,64.599,-148.525,9,9,8,0,3.1
10.0,38.4261,21.2463,7,9,8,1,4.6
10.96,44.759,-111.151666666667,7,9,8,0,2.77
22.01,19.9055,-155.139833333333,7,9,8,0,2.76
9.96,19.7613333333333,-155.8345,6,9,8,0,3.13
128.647,-58.1213,-26.2578,6,9,8,1,5.1
10.0,10.733,-69.1624,6,9,8,1,4.7
38.9,56.655,-154.141,4,9,8,0,2.7
10.0,-8.1646,120.5995,4,9,8,1,5.3
77.6,60.639,-151.618,4,9,8,0,2.5
10.335,65.1967,-162.8969,4,9,8,0,2.8
10.0,40.8545,20.8011,3,9,8,1,4.3
10.0,38.3149,21.7065,3,9,8,1,4.3
24.871,51.5605,159.7019,2,9,8,1,4.6
67.08,4.5226,-76.7929,2,9,8,1,4.4
20.14,18.8408333333333,-64.8425,1,9,8,0,3.03
5.7,69.448,-143.492,1,9,8,0,2.8
568.559,-22.3345,-179.7628,1,9,8,1,4.5
167.68,-24.1437,-67.1868,1,9,8,1,4.3
10.0,-19.8072,170.1194,0,9,8,1,5.1
542.371,-17.419,-178.7862,22,9,7,1,4.4
110.678,-35.5421,-71.3275,22,9,7,1,4.3
60.5,51.539,178.877,22,9,7,0,2.5
90.724,-25.0539,-69.2641,21,9,7,1,4.5
24.25,40.5625,-123.6775,21,9,7,0,3.67
8.0,52.522,-166.605,21,9,7,0,2.7
35.0,54.3794,-160.1109,20,9,7,0,3.1
62.9,61.991,-150.369,20,9,7,0,2.6
13.9,18.7436666666667,-66.9951666666667,20,9,7,0,3.17
7.3,54.567,-160.171,19,9,7,0,2.5
82.2,63.031,-149.328,18,9,7,0,3.5
10.0,27.1234,103.5392,17,9,7,1,4.6
10.0,12.8842,50.2446,15,9,7,1,4.4
8.4,54.177,-162.474,14,9,7,0,2.7
3.6,69.729,-146.154,14,9,7,0,2.6
11.6,52.255,-169.124,14,9,7,0,2.8
235.036,2.2478,128.5045,13,9,7,1,4.3
21.5,52.027,-169.34,13,9,7,0,2.7
6.0999,32.005,-103.24,13,9,7,0,2.7
12.9,52.146,-169.097,13,9,7,0,2.7
18.2,51.903,-169.29,12,9,7,0,3.2
-0.64,20.1278333333333,-156.6235,11,9,7,0,2.54
4.7,51.879,-169.41,10,9,7,0,2.8
77.45,18.6896666666667,-64.9836666666667,10,9,7,0,3.02
10.0,56.1153,-150.057,10,9,7,0,2.8
11.3,52.127,-169.303,9,9,7,0,2.7
121.93,18.2023333333333,-67.0481666666667,8,9,7,0,3.18
7.3,44.0513333333333,-110.225833333333,7,9,7,0,2.67
122.4,63.045,-150.656,7,9,7,0,2.8
35.0,51.4209,-175.1358,7,9,7,0,2.7
10.0,-23.4192,171.6769,5,9,7,1,5.5
6.93,44.0468333333333,-110.2185,4,9,7,0,3.44
12.2,52.21,-169.191,3,9,7,0,2.6
10.847,53.8979,-166.6654,3,9,7,0,3.2
10.0,62.434,-170.646,2,9,7,0,3.2
10.0,-9.3217,112.9125,2,9,7,1,4.4
143.0,18.5473,-68.7458,2,9,7,0,3.64
10.0,44.0371,-125.7795,2,9,7,0,2.6
586.221,-31.2726,178.6194,2,9,7,1,4.7
512.564,-24.8477,179.6916,2,9,7,1,4.5
35.0,52.2803,-169.2299,2,9,7,0,3.2
585.921,-31.1216,178.6445,2,9,7,1,4.9
8.776,53.896,-166.6651,2,9,7,0,3.3
585.146,-30.9663,178.5443,2,9,7,1,5.0
16.1,57.914,-138.874,1,9,7,1,4.0
10.0,57.9129,-138.9725,1,9,7,0,3.3
10.0,43.9019,-128.2038,1,9,7,1,5.3
12.294,43.778,-128.1908,1,9,7,0,3.9
35.0,51.6665,176.5226,1,9,7,0,3.7
20.1,61.547,-146.487,0,9,7,0,2.8
159.163,36.1018,70.5544,0,9,7,1,4.0
13.3,52.073,-169.271,23,9,6,0,2.8
5.9,51.911,-169.127,23,9,6,0,2.7
3.0,68.631,-148.63,23,9,6,0,2.8
5.0,51.0168,-178.4169,23,9,6,0,3.4
10.0,54.3654,-161.3814,22,9,6,0,2.6
11.2,52.152,-169.172,22,9,6,0,2.7
61.61,4.5418,-76.795,22,9,6,1,4.4
35.0,-5.2338,153.1235,22,9,6,1,4.1
133.971,13.5914,121.0995,22,9,6,1,4.2
10.0,45.5869,27.7057,22,9,6,1,4.1
20.3,61.601,-146.371,22,9,6,0,2.6
10.8,52.182,-169.217,21,9,6,0,2.7
604.948,-17.9173,-178.4604,21,9,6,1,4.5
35.0,53.5616,-164.926,20,9,6,0,2.8
4.8,54.522,-160.711,20,9,6,0,2.5
10.0,-8.9179,67.2987,20,9,6,1,4.3
109.765,19.6992,145.8811,19,9,6,0,3.9
10.0,16.3468,-99.2958,18,9,6,1,4.8
27.815,56.3841,162.7486,18,9,6,1,4.3
29.791,51.341,-178.9783,18,9,6,0,2.8
94.759,15.6528,146.0731,17,9,6,1,4.0
145.064,-7.2728,128.6598,17,9,6,1,4.2
33.178,22.6827,121.3794,16,9,6,1,4.5
1.0,52.769,-167.654,16,9,6,0,2.5
10.0,44.3368,-115.18,15,9,6,0,3.3
2.81,36.0688333333333,-117.840666666667,15,9,6,0,2.94
10.0,52.0965,-169.139,15,9,6,0,3.6
10.0,52.0016,-169.3393,14,9,6,0,3.1
35.0,51.3499,-175.5714,14,9,6,0,2.7
526.71,-24.1078,179.9338,14,9,6,1,4.1
99.754,54.836,-163.0548,13,9,6,0,2.8
10.0,76.1481,7.1688,12,9,6,1,4.7
2.4,54.1,-162.488,12,9,6,0,3.0
18.3,51.962,-169.147,12,9,6,0,2.8
132.3,58.62,-155.032,12,9,6,0,2.6
35.0,33.2038,140.9156,12,9,6,1,4.6
7.1,56.758,-155.584,12,9,6,0,2.5
10.0,-24.2436,-115.8082,12,9,6,1,5.2
8.8428,31.542,-104.128,11,9,6,0,2.5
16.6,52.124,-169.357,11,9,6,0,2.9
150.632,-8.3411,123.9675,11,9,6,1,4.6
28.4,51.194,-177.436,11,9,6,0,2.5
14.0,52.319,-169.736,11,9,6,0,2.8
36.9,60.047,-148.035,10,9,6,0,2.7
115.537,-22.2344,-68.7038,10,9,6,1,4.8
10.0,-24.5229,-116.0305,10,9,6,1,5.2
10.0,-24.5304,-115.6112,10,9,6,1,5.2
0.6,54.486,-161.02,9,9,6,0,2.8
35.0,-17.21,-72.7654,9,9,6,1,4.2
1.0,52.17,-169.025,9,9,6,0,2.9
20.8,52.175,-169.33,7,9,6,0,2.8
15.81,33.8645,-118.2095,7,9,6,0,3.07
10.0,-0.3104,123.3003,6,9,6,1,4.6
29.806,-8.1041,120.2663,6,9,6,1,4.4
34.45,19.638,-155.096333333333,5,9,6,0,2.93
34.398,40.7281,142.9698,5,9,6,1,4.9
10.5,52.025,-169.165,5,9,6,0,2.9
10.0,-28.5523,-176.8095,4,9,6,1,4.6
22.3,52.022,-169.398,4,9,6,0,2.9
10.1,52.007,-169.21,4,9,6,0,3.7
1.0,51.269,-178.613,4,9,6,0,2.5
38.543,-11.0595,162.519,4,9,6,1,5.6
10.0,12.3142,-90.4217,4,9,6,1,4.3
7.34,18.5276666666667,-64.4975,3,9,6,0,3.41
7.9,50.995,-175.657,3,9,6,0,2.6
10.0,14.1551,-93.2487,2,9,6,1,5.3
17.7,51.068,-179.512,2,9,6,0,3.1
77.6,53.275,-167.228,2,9,6,0,2.7
10.0,70.6365,-14.92,2,9,6,1,4.2
49.996,-20.6208,-69.9347,1,9,6,0,3.5
60.0,51.464,-177.346,1,9,6,0,2.5
7.8,52.13,-169.192,1,9,6,0,2.8
8.5,55.917,-159.742,0,9,6,0,2.8
240.38,-18.8949,169.2507,23,9,5,1,4.6
38.9,61.252,-149.914,23,9,5,0,2.9
15.7,69.319,-147.124,23,9,5,0,3.9
156.7,54.177,-170.352,22,9,5,0,3.5
20.0,50.875,175.314,22,9,5,0,3.4
101.325,3.2041,127.7577,22,9,5,1,4.1
26.5,51.355,-176.562,22,9,5,0,2.5
10.0,-19.914,170.104,21,9,5,1,4.7
191.788,37.4171,72.0665,19,9,5,1,4.2
35.0,51.284,-176.3113,19,9,5,0,3.2
10.089,-39.2175,173.8015,18,9,5,0,3.9
15.6,53.476,-164.814,18,9,5,0,2.5
20.0,52.282,-169.098,18,9,5,0,2.8
28.945,52.2263,-169.32,18,9,5,1,4.9
14.55,18.1911666666667,-67.389,17,9,5,0,2.7
10.0,-0.503,67.803,17,9,5,1,5.4
9.0,-19.7418,170.1102,17,9,5,1,5.6
19.7,52.022,-169.282,16,9,5,0,3.0
5.0,52.259,-169.06,16,9,5,0,2.7
7.3,52.253,-169.047,14,9,5,0,3.0
6.8115,31.715,-101.703,14,9,5,0,3.6
15.0,53.0,-166.636,14,9,5,0,2.6
109.0,-4.5717,153.7143,14,9,5,1,5.5
91.853,1.0574,98.6095,14,9,5,1,5.2
119.4,51.777,-179.539,14,9,5,0,2.5
19.3,51.268,-176.308,13,9,5,0,2.6
6.7,51.916,-169.088,12,9,5,0,2.8
166.28,-14.435,167.1398,12,9,5,1,4.4
15.1,52.032,-169.285,12,9,5,0,2.8
10.0,-26.1078,-66.7176,11,9,5,1,5.1
6.5,51.013,-179.835,11,9,5,0,2.6
17.67,46.2465,-122.642,11,9,5,0,3.75
68.934,-4.4202,102.7513,10,9,5,1,5.0
5.0,69.452,-144.017,10,9,5,0,2.6
10.0,-9.0047,67.4758,10,9,5,1,4.6
1.1,63.188,-147.728,10,9,5,0,2.6
10.0,44.2332,-115.0117,10,9,5,0,2.9
19.8,52.033,-169.377,9,9,5,0,2.7
10.0,3.2202,96.1107,9,9,5,1,4.5
14.3,52.156,-169.427,9,9,5,0,2.7
217.301,-21.273,-67.7185,8,9,5,1,4.3
11.0,19.5255,-66.1496,7,9,5,0,3.68
109.393,-20.4897,-68.9315,7,9,5,1,4.4
202.347,-0.1498,123.1527,6,9,5,1,4.5
12.1,52.085,-169.281,6,9,5,0,2.8
93.0,51.734,-177.483,5,9,5,0,2.5
16.3,51.004,-178.061,5,9,5,0,2.6
10.0,3.4509,-83.0826,5,9,5,1,4.4
10.0,3.5071,-83.151,5,9,5,1,5.0
44.494,-20.2639,-70.4621,4,9,5,0,2.7
9.0,52.027,-169.184,4,9,5,0,2.8
17.7,52.177,-169.437,4,9,5,0,2.8
19.6,51.615,-174.871,4,9,5,0,2.7
14.8,52.062,-169.286,3,9,5,0,3.0
5.0,32.3488,-104.5036,3,9,5,0,2.7
5.7,52.013,-169.113,3,9,5,0,3.1
9.69,17.9311666666667,-66.9536666666667,3,9,5,0,2.57
5.96,19.1018333333333,-67.4383333333333,3,9,5,0,3.36
3.52,19.0715,-67.4855,3,9,5,0,3.06
10.0,44.3304,-124.8858,3,9,5,0,2.9
4.19,19.1206666666667,-67.4576666666667,3,9,5,0,3.27
12.0,52.053,-169.266,2,9,5,0,3.5
20.33,18.093,-66.9276666666667,2,9,5,0,2.67
22.8,52.082,-169.311,2,9,5,0,3.2
33.579,-30.7935,-177.8256,1,9,5,1,4.8
13.3,51.573,-178.435,0,9,5,0,2.7
18.3,69.911,-143.309,0,9,5,0,2.5
33.857,40.6426,143.5636,0,9,5,1,4.5
161.8,53.397,-170.434,0,9,5,0,3.2
57.5,51.348,179.058,23,9,4,0,2.7
32.0,44.9418,149.9838,23,9,4,1,5.5
10.0,9.4666,-40.8475,23,9,4,1,5.1
11.07,19.0521666666667,-66.4545,23,9,4,0,2.94
18.2,64.623,-147.744,23,9,4,0,2.7
76.8,60.727,-151.413,23,9,4,0,2.5
10.0,-8.2997,120.6133,23,9,4,1,4.5
6.9202,31.667,-104.37,23,9,4,0,2.5
42.321,13.2764,-89.8408,21,9,4,1,4.2
156.132,14.339,120.5979,20,9,4,1,4.3
28.5,54.796,-156.983,19,9,4,0,3.5
42.0,57.795,-153.208,19,9,4,0,2.6
48.818,-40.7313,174.7564,18,9,4,1,4.6
131.6,57.811,-156.199,17,9,4,0,3.0
24.8,52.269,-169.505,17,9,4,0,2.6
24.0,52.491,-169.873,17,9,4,0,2.6
2.9,57.111,-157.702,17,9,4,0,2.8
10.0,50.103,179.4176,16,9,4,0,3.0
10.0,50.1674,179.5213,16,9,4,0,3.3
122.009,1.3016,99.0782,16,9,4,1,5.1
10.0,52.0167,-169.395,15,9,4,0,2.9
5.0,56.701,-148.745,15,9,4,0,2.7
32.87,19.148,-155.501833333333,15,9,4,0,3.28
35.0,52.4212,-169.3023,14,9,4,0,3.1
35.0,52.2007,-169.4478,14,9,4,0,3.9
92.8,62.825,-150.634,14,9,4,0,2.5
10.0,52.0409,-169.1361,14,9,4,0,2.9
5.91,18.8636666666667,-67.6021666666667,14,9,4,0,3.21
100.7,-25.7609,-177.087,13,9,4,1,4.9
11.8,19.1573333333333,-155.483666666667,12,9,4,0,3.54
4.3,63.532,-148.831,12,9,4,0,3.0
5.0,69.448,-143.67,12,9,4,0,2.7
21.6,53.438,-165.602,12,9,4,0,2.9
15.1,52.15,-169.125,12,9,4,0,3.1
10.0,-28.5616,-176.6452,11,9,4,1,5.4
18.8,53.91,-163.643,11,9,4,0,2.6
11.4,52.099,-169.331,11,9,4,0,2.9
10.34,17.9886666666667,-66.7555,10,9,4,0,2.94
14.7,52.215,-169.226,10,9,4,0,3.2
5.0,52.437,-168.519,10,9,4,0,2.5
13.1,52.455,-169.889,10,9,4,0,2.6
3.9,45.233,-124.999833333333,9,9,4,0,2.55
10.0,43.6383,-129.0824,9,9,4,0,3.7
12.3,52.187,-169.246,9,9,4,0,3.5
10.24,35.01333333,-97.63633333,9,9,4,0,3.29
10.0,22.6727,121.6177,9,9,4,1,4.3
11.6,52.227,-169.13,8,9,4,0,2.9
61.292,15.1784,120.0504,8,9,4,1,4.7
9.3,52.212,-169.187,8,9,4,0,2.8
21.9,52.153,-169.328,8,9,4,0,2.8
95.89,18.3461666666667,-65.5816666666667,8,9,4,0,3.23
4.8,52.31,-168.993,8,9,4,0,2.7
105.4,54.98,-163.042,8,9,4,0,2.8
37.1,53.07,-166.808,7,9,4,0,2.5
16.7,52.075,-169.39,7,9,4,0,2.8
10.0,52.1592,-169.1728,7,9,4,0,2.8
15.918,52.1527,-169.1273,7,9,4,0,2.7
1.3,52.218,-169.103,6,9,4,0,2.8
130.651,-21.3768,-68.5636,6,9,4,1,4.5
10.0,-56.1536,-26.1632,6,9,4,1,5.0
10.0,51.9779,-169.3076,6,9,4,0,2.6
11.383,52.0453,-169.1385,5,9,4,0,2.5
10.0,52.0005,-169.3049,5,9,4,0,2.6
4.1,52.469,-168.49,5,9,4,0,2.6
9.6,52.188,-169.071,5,9,4,0,2.7
11.614,52.2581,-169.1366,5,9,4,0,2.8
10.0,-7.9867,109.0409,5,9,4,1,5.2
3.9,51.984,-169.175,4,9,4,0,3.5
8.5095,31.542,-104.129,4,9,4,0,3.1
29.5,51.909,-169.346,4,9,4,0,2.8
23.5,52.264,-169.215,3,9,4,0,2.8
9.1,51.939,-169.152,3,9,4,0,3.7
35.625,54.5154,-159.815,3,9,4,1,4.1
24.1,51.962,-169.312,3,9,4,0,2.8
18.5,51.927,-169.258,2,9,4,0,3.0
10.1,52.161,-169.15,2,9,4,0,3.0
10.0,51.9555,176.3482,2,9,4,1,5.0
8.4,51.947,-169.118,2,9,4,0,2.8
29.4,51.961,-169.403,2,9,4,0,2.9
12.4,52.035,-169.256,2,9,4,0,2.8
16.7,51.187,-178.286,2,9,4,0,3.0
35.755,52.0842,-169.3462,2,9,4,0,3.8
27.6,52.01,-169.331,2,9,4,0,3.1
13.7,52.042,-169.214,1,9,4,0,2.8
14.1,51.971,-169.279,1,9,4,0,3.9
0.2,51.996,-169.107,1,9,4,0,2.8
18.4,52.016,-169.343,1,9,4,0,3.5
19.9,51.961,-169.311,1,9,4,0,3.2
7.0,51.988,-169.125,1,9,4,0,2.9
216.7,56.273,-161.825,1,9,4,0,3.1
4.4,52.136,-169.061,1,9,4,0,3.0
24.6,52.063,-169.322,0,9,4,0,2.9
16.8,52.065,-169.208,0,9,4,0,2.8
10.8,51.826,-169.149,23,9,3,0,3.2
10.6,52.148,-169.159,23,9,3,0,2.8
10.0,51.957,-169.189,23,9,3,0,2.8
20.6,52.257,-169.31,23,9,3,0,2.7
10.7,52.212,-169.117,23,9,3,0,2.8
112.1,59.775,-152.86,23,9,3,0,3.4
10.0,52.0704,-169.2724,23,9,3,0,3.0
6.0999,31.656,-104.387,23,9,3,0,2.5
25.3,52.293,-169.363,23,9,3,0,2.8
10.0,52.0907,-169.2923,22,9,3,0,3.3
13.9,52.089,-169.403,22,9,3,0,2.9
10.0,52.1742,-169.2418,22,9,3,0,3.3
12.5,52.323,-169.554,22,9,3,0,3.2
5.3,52.128,-169.106,22,9,3,0,3.0
31.91,19.066,-155.359,22,9,3,0,3.41
11.5,52.206,-169.041,22,9,3,0,2.9
9.6,52.495,-166.772,22,9,3,0,2.6
209.876,36.4686,70.277,21,9,3,1,4.3
126.27,18.1986666666667,-67.0575,21,9,3,0,3.19
81.851,-31.8967,-71.2399,21,9,3,1,4.8
14.14,18.0925,-64.9845,21,9,3,0,3.0
111.177,0.5261,122.1776,21,9,3,1,4.9
10.0,-8.3207,121.6664,21,9,3,1,4.8
11.8,52.252,-169.207,20,9,3,0,2.8
14.4,52.15,-169.196,20,9,3,0,2.8
35.0,52.2355,-169.4752,20,9,3,1,4.2
9.2,52.203,-169.189,20,9,3,0,3.4
10.0,52.0506,-169.1387,20,9,3,1,5.5
25.399,52.2159,-169.3595,20,9,3,0,3.7
35.0,52.2458,-169.3044,20,9,3,0,3.0
80.479,46.1932,151.5914,20,9,3,1,4.4
37.358,52.4092,-169.3281,19,9,3,1,4.0
10.319,51.9219,-169.1633,19,9,3,0,2.6
26.52,51.9781,-169.3551,19,9,3,0,2.5
10.0,52.0522,-169.1236,19,9,3,0,3.0
7.4,52.142,-169.052,19,9,3,0,2.7
10.0,52.1318,-169.1045,18,9,3,0,3.4
23.865,52.4004,-169.1233,18,9,3,0,2.6
10.0,-7.0842,-12.5657,18,9,3,1,4.7
35.0,52.4426,-169.3996,18,9,3,0,3.4
8.854,28.893,-98.093,18,9,3,0,2.6
10.0,52.0027,-169.3329,18,9,3,1,5.3
7.1,52.106,-169.155,18,9,3,0,2.8
608.784,-19.0372,-177.8882,18,9,3,1,4.1
10.0,52.277,-169.0975,18,9,3,0,2.6
24.487,52.1519,-169.3208,18,9,3,0,3.7
616.12,-18.6586,-177.537,18,9,3,1,4.9
3.64,53.4331,-164.6247,18,9,3,0,2.7
29.234,53.5932,-164.8195,18,9,3,0,2.5
47.0,62.585,-148.138,18,9,3,0,2.7
1.36,38.5248333333333,-112.898166666667,18,9,3,0,2.52
10.8,52.155,-169.218,17,9,3,0,2.8
10.0,52.1233,-169.1739,17,9,3,0,3.1
8.447,52.0706,176.3625,17,9,3,1,4.1
8.84,38.501,-122.715,17,9,3,0,3.34
257.692,-16.7329,-174.517,17,9,3,1,4.3
23.3,51.999,-169.261,17,9,3,0,2.8
10.0,40.262,33.5467,17,9,3,1,4.1
10.0,37.7769,95.4643,17,9,3,1,5.1
151.609,6.8319,-73.0592,16,9,3,1,4.5
11.64,40.2171666666667,-124.174833333333,16,9,3,0,2.65
10.0,52.1124,-169.2474,16,9,3,0,2.8
10.0,52.0512,-169.2796,16,9,3,0,3.0
10.0,52.103,-169.257,16,9,3,0,2.7
18.7,54.759,-160.002,16,9,3,0,2.6
52.603,52.5045,-169.5156,16,9,3,1,4.3
6.5,51.979,-168.907,16,9,3,0,3.6
10.0,52.0324,-169.2352,16,9,3,0,2.7
35.0,52.2887,-169.4187,16,9,3,1,4.8
10.0,52.3201,-169.1417,16,9,3,0,2.6
19.5,51.958,-169.089,16,9,3,0,2.9
16.5,52.255,-169.357,16,9,3,0,2.7
10.0,-7.7789,120.737,16,9,3,1,4.3
10.0,52.0671,-169.0266,15,9,3,0,2.5
35.0,52.2839,-169.2869,15,9,3,1,4.5
10.0,52.1309,-169.1087,15,9,3,0,2.5
26.6,51.405,-175.953,15,9,3,0,2.6
10.0,52.1283,-169.2081,14,9,3,0,2.7
35.0,52.3837,-169.4746,14,9,3,1,4.2
10.0,51.7805,-169.4137,14,9,3,0,2.7
35.0,52.3,-169.488,14,9,3,1,4.1
10.0,52.1134,-169.3274,14,9,3,0,3.2
215.716,2.5494,128.509,14,9,3,1,4.4
7.3,52.224,-169.219,14,9,3,0,3.0
10.0,14.4957,56.4142,14,9,3,1,5.0
16.6,52.279,-169.085,14,9,3,0,2.8
10.0,52.176,-169.1356,14,9,3,0,3.0
103.552,5.4838,126.9428,14,9,3,1,4.2
10.0,52.1803,-169.2432,14,9,3,0,2.6
10.0,52.2321,-169.0518,13,9,3,0,2.6
113.727,-20.0988,169.3031,13,9,3,1,4.8
10.0,52.1248,-169.1272,13,9,3,0,3.4
10.0,52.2501,-169.1422,13,9,3,0,2.5
31.91,19.0685,-155.353,13,9,3,0,2.61
10.0,52.0887,-169.2616,13,9,3,0,3.9
10.0,52.1435,-169.3422,13,9,3,0,3.6
10.0,52.0562,-169.1988,13,9,3,1,5.2
10.0,51.883,-169.5489,13,9,3,0,3.0
9.7,52.203,-169.275,12,9,3,0,3.1
11.9,52.221,-169.18,12,9,3,0,3.0
44.444,52.253,-169.579,12,9,3,1,4.9
10.6,52.231,-169.242,12,9,3,0,2.9
23.3,52.072,-169.338,12,9,3,0,3.1
10.2,52.181,-169.124,12,9,3,0,2.8
11.1,52.186,-169.25,11,9,3,0,3.6
10.0,31.8458,104.5066,11,9,3,1,5.4
35.0,52.3458,-169.5607,11,9,3,1,4.9
4.0,52.156,-169.168,11,9,3,0,3.4
71.4,62.772,-149.485,11,9,3,0,3.3
12.8,52.099,-169.27,11,9,3,0,3.1
158.984,17.6542,-94.6336,11,9,3,1,4.8
12.9,52.168,-169.219,11,9,3,0,3.8
13.1,52.049,-169.27,11,9,3,0,3.4
19.8,52.028,-169.243,11,9,3,0,3.4
45.17,52.1321,-169.4182,11,9,3,1,5.2
17.4,52.25,-169.355,11,9,3,1,4.2
35.0,52.2579,-169.4088,11,9,3,2,6.3
90.6,60.124,-152.274,10,9,3,0,2.6
35.0,52.6442,-168.1217,9,9,3,0,2.5
10.0,31.3933,80.3486,8,9,3,1,5.1
205.443,-20.8259,-176.3348,7,9,3,1,4.6
10.0,14.6867,56.3022,7,9,3,1,4.5
8.231,54.5388,-160.0182,7,9,3,0,3.0
30.7,19.1863333333333,-155.498833333333,6,9,3,0,2.78
30.12,19.1991666666667,-155.496333333333,6,9,3,0,2.98
10.0,43.6984,87.1312,6,9,3,1,4.4
492.936,-18.3371,-178.1433,6,9,3,1,4.1
59.445,-29.7624,-71.5077,6,9,3,1,5.1
139.413,-23.0827,-68.3114,5,9,3,1,4.4
71.437,4.3985,-76.7157,5,9,3,1,4.5
10.0,-55.8597,-26.1421,5,9,3,1,4.5
-2.22,41.5616666666667,-109.8715,4,9,3,0,3.0
10.0,43.0999,-126.8602,4,9,3,0,3.2
10.0,69.424,-143.37,2,9,3,0,2.5
581.432,-17.4745,-178.0581,0,9,3,1,4.6
125.905,-56.2062,-27.9085,23,9,2,2,6.2
0.9,54.874,-156.979,22,9,2,0,3.0
27.58,19.1393333333333,-64.729,22,9,2,0,3.21
58.206,-15.7688,-73.815,21,9,2,1,4.3
73.331,-20.2571,169.4503,21,9,2,1,5.4
204.145,-25.1604,-177.7475,21,9,2,1,4.1
67.015,6.6151,126.5871,21,9,2,1,4.5
99.566,14.9275,-92.1699,20,9,2,1,4.2
57.516,-7.1321,146.175,20,9,2,1,5.4
10.0,52.0486,-169.2491,19,9,2,0,3.3
55.6,56.835,-155.577,19,9,2,0,3.0
34.546,52.1534,-169.455,19,9,2,0,2.7
10.0,52.1279,-169.2628,18,9,2,0,3.2
35.0,21.5597,121.3268,17,9,2,1,4.4
26.9,56.434,-156.344,17,9,2,0,2.8
6.069,53.4699,-163.6797,16,9,2,0,2.5
29.736,53.484,-164.9503,16,9,2,0,2.6
15.1,53.48,-164.831,15,9,2,0,2.5
6.2,54.276,-161.487,15,9,2,0,2.6
39.416,22.9106,144.0445,13,9,2,1,4.9
32.472,14.3268,-93.277,13,9,2,1,4.3
6.14,34.0145,-117.589166666667,12,9,2,0,3.2
10.0,-34.9815,-109.0259,12,9,2,1,5.9
35.0,52.3538,-169.4988,12,9,2,1,5.2
71.5,51.608,-176.453,12,9,2,0,2.6
10.0,14.3909,-92.9873,12,9,2,1,5.6
56.5,57.161,-155.233,12,9,2,0,2.7
28.2,52.003,-169.377,11,9,2,0,2.9
5.8,52.124,-169.138,11,9,2,0,3.0
84.064,-56.3968,-26.904,10,9,2,1,5.2
21.9,52.032,-169.344,10,9,2,0,3.1
5.1,52.055,-169.135,9,9,2,0,3.7
2.5,52.095,-169.08,9,9,2,0,3.1
9.1,52.074,-169.24,9,9,2,1,4.1
13.4,52.256,-169.17,9,9,2,0,2.9
17.2,52.176,-169.323,8,9,2,0,3.8
11.6,52.106,-169.176,8,9,2,0,2.8
4.0,52.173,-169.107,8,9,2,0,3.4
135.0,17.4213,-63.7791,8,9,2,0,3.79
21.3,51.356,-176.131,8,9,2,0,3.1
25.92,39.7418333333333,-122.077666666667,8,9,2,0,2.72
5.0,52.194,-169.122,8,9,2,0,2.7
7.2,52.176,-169.182,8,9,2,0,2.8
10.3,52.064,-169.145,7,9,2,0,2.7
13.5,52.072,-169.258,7,9,2,0,3.8
35.0,52.1442,-169.3645,7,9,2,1,4.0
19.9,51.776,178.914,7,9,2,0,2.5
50.2,51.745,-173.716,7,9,2,0,3.0
10.0,-44.4277,168.2503,6,9,2,1,5.2
29.654,52.1886,-169.2806,6,9,2,1,4.3
21.2,53.548,-164.72,6,9,2,0,2.5
2.1,52.046,-169.0,6,9,2,0,2.8
10.0,51.9724,-169.4563,6,9,2,0,2.8
10.0,51.0508,-178.4795,6,9,2,0,3.3
1.9,52.052,-169.09,6,9,2,0,2.7
18.333,53.5508,-158.7092,6,9,2,0,3.2
10.0,-44.4431,168.3029,6,9,2,1,5.3
10.0,-8.2826,120.6856,6,9,2,1,4.7
29.344,14.3416,-92.7163,6,9,2,1,4.1
10.0,52.1241,-169.1432,5,9,2,0,3.9
26.3,52.278,-169.233,5,9,2,0,2.7
8.7,52.195,-169.172,5,9,2,0,2.7
18.2,52.087,-169.32,5,9,2,0,2.7
16.733,52.0603,-169.2582,5,9,2,1,4.6
4.3,69.421,-143.684,5,9,2,0,3.4
12.0,52.054,-169.196,5,9,2,0,3.9
18.8,52.218,-169.316,5,9,2,1,4.9
35.0,52.1186,-169.295,5,9,2,1,5.2
38.517,52.1067,-169.369,5,9,2,1,4.9
144.079,48.1337,152.4883,5,9,2,1,4.5
10.0,51.0484,-178.4788,5,9,2,0,3.3
12.56,17.9856666666667,-66.8176666666667,4,9,2,0,2.89
17.729,51.2956,-176.1995,4,9,2,0,3.8
9.8,52.107,-169.182,3,9,2,0,2.7
116.86,-20.9293,-69.2391,3,9,2,1,4.1
10.0,51.9222,-169.3311,1,9,2,0,2.8
10.0,34.3239,69.4499,1,9,2,1,4.2
4.9,69.469,-143.499,1,9,2,0,3.0
1.1,69.436,-143.633,0,9,2,0,3.6
70.554,-3.224,139.2891,0,9,2,1,5.3
525.844,-25.2424,-179.6286,23,9,1,1,4.5
10.0,-13.1772,66.6421,23,9,1,1,4.6
10.0,40.7757,48.6318,23,9,1,1,4.0
53.699,31.8719,131.6549,23,9,1,1,4.2
51.638,51.3926,-178.2034,23,9,1,0,2.5
10.0,-13.1136,66.5918,22,9,1,1,4.7
10.0,-13.186,66.5245,22,9,1,1,4.6
10.0,52.0628,-169.3474,22,9,1,0,3.5
35.0,52.4069,-169.2926,22,9,1,0,3.6
13.8,51.98,-169.2,22,9,1,0,2.8
10.0,52.0422,-169.2866,20,9,1,1,4.4
5.0,60.9881,-140.1452,20,9,1,0,2.6
56.4,56.606,-156.354,20,9,1,0,2.9
11.642,52.0421,-173.4079,20,9,1,0,2.8
10.0,52.0393,-167.0276,20,9,1,0,2.6
7.4913,28.891,-98.093,19,9,1,0,2.8
61.978,41.5941,142.0312,19,9,1,1,4.6
43.089,51.9574,160.1263,19,9,1,1,4.1
35.0,14.303,-92.9172,18,9,1,1,4.2
212.943,36.5168,70.2239,18,9,1,1,4.4
10.0,52.4116,-169.1513,18,9,1,0,3.0
122.685,-20.4489,169.7122,18,9,1,1,5.0
139.3,58.63,-155.146,18,9,1,0,2.6
10.0,-8.1981,120.6653,18,9,1,1,4.9
65.908,42.0319,142.3327,17,9,1,1,4.3
32.34,19.1973333333333,-155.498666666667,17,9,1,0,2.61
83.04,7.718,-74.4786,17,9,1,1,4.2
9.176,52.0601,-169.2763,16,9,1,0,3.1
15.84,18.8591666666667,-66.6278333333333,15,9,1,0,2.79
60.32,17.9688333333333,-68.5158333333333,15,9,1,0,3.44
19.794,52.1064,-169.2437,15,9,1,0,3.3
418.75,-6.6886,127.5101,14,9,1,1,4.2
8.6209,28.897,-98.102,14,9,1,0,3.6
35.0,52.2673,-169.4311,13,9,1,1,4.6
113.117,5.0959,125.7229,13,9,1,1,5.2
21.2,61.568,-146.456,13,9,1,0,2.5
5.0,54.967,-159.714,12,9,1,0,3.3
10.0,-29.4696,-71.9434,12,9,1,1,4.6
61.52,19.2065,-64.7701666666667,11,9,1,0,3.25
198.068,-19.4439,-175.4039,10,9,1,1,4.9
7.4,52.152,-169.168,10,9,1,0,3.8
113.4,63.178,-150.462,10,9,1,0,2.5
13.1,52.09,-169.212,9,9,1,0,3.3
40.2,51.195,-178.777,9,9,1,0,2.8
12.5,52.116,-169.216,9,9,1,0,3.6
13.9,52.091,-169.342,8,9,1,0,3.1
12.4,52.16,-169.325,8,9,1,0,3.4
10.0,0.1685,128.8054,8,9,1,1,5.6
8.1,52.071,-169.221,8,9,1,1,4.2
14.3,52.144,-169.313,8,9,1,1,4.1
22.9,51.432,-176.88,7,9,1,0,3.5
29.1,51.322,-176.062,7,9,1,0,2.6
37.559,52.1624,-169.2588,7,9,1,1,4.5
9.6,52.068,-169.196,7,9,1,0,3.1
7.3,52.077,-169.196,7,9,1,0,2.9
10.0,52.0226,-169.2933,7,9,1,0,3.6
10.0,52.1727,-169.2786,7,9,1,0,3.4
10.0,52.1239,-169.2449,7,9,1,0,3.4
10.0,52.217,-169.2599,7,9,1,0,3.6
42.225,52.0389,-169.3391,7,9,1,1,4.5
11.8,52.158,-169.281,6,9,1,0,3.2
25.66,52.2057,-169.2532,6,9,1,0,3.7
26.001,52.2132,-169.4456,6,9,1,1,5.3
10.0,30.778,51.5353,6,9,1,1,4.5
35.0,-4.2388,131.0442,5,9,1,1,4.6
10.0,8.6353,-82.4204,4,9,1,0,3.6
40.2,51.414,-177.038,3,9,1,0,3.0
93.89,18.4445,-68.2475,3,9,1,0,3.42
192.579,55.9965,-161.1496,2,9,1,0,3.3
533.035,-20.4066,-177.994,1,9,1,1,4.8
179.289,55.0501,-164.9449,23,8,31,1,4.1
10.0,54.0709,168.8117,23,8,31,1,4.4
48.166,34.6025,70.5872,22,8,31,1,4.3
92.793,-55.9613,-27.6228,21,8,31,1,4.6
16.306,40.6825,-127.0213,21,8,31,0,2.9
10.0,6.9239,94.3608,21,8,31,1,4.4
27.839,-25.7558,-70.8207,21,8,31,1,4.3
8.11,18.1778333333333,-67.5043333333333,20,8,31,0,3.05
10.0,-9.0429,158.161,20,8,31,1,4.8
101.686,36.5523,71.1942,19,8,31,1,4.2
35.0,12.2028,-88.4481,18,8,31,1,4.6
10.0,-36.8787,-95.8638,18,8,31,1,4.4
10.0,40.4496666666667,-125.467333333333,18,8,31,0,2.57
10.0,10.0098,-103.9231,17,8,31,1,4.4
10.0,30.714,51.4419,15,8,31,1,4.3
187.821,-8.3284,119.614,14,8,31,1,4.2
110.855,-15.9699,-72.8022,14,8,31,1,4.1
10.0,-12.1824,-75.4097,11,8,31,1,4.7
9.89,33.484,-116.401166666667,11,8,31,0,2.91
147.811,45.1453,148.2193,9,8,31,1,4.6
7.9327,31.736,-104.112,9,8,31,0,3.2
10.0,43.4204,-126.6668,8,8,31,0,2.7
10.0,40.535,-126.4438,8,8,31,1,4.4
8.1378,31.737,-104.112,8,8,31,0,3.0
10.0,-8.241,120.6119,8,8,31,1,5.5
128.42,18.3601666666667,-65.8015,6,8,31,0,3.12
20.0,52.906,-165.374,5,8,31,0,2.6
508.306,-25.2065,179.8021,4,8,31,1,4.5
83.891,9.6408,126.1362,4,8,31,1,4.9
57.1,52.876,-166.368,3,8,31,0,2.6
4.9,54.778,-156.819,3,8,31,0,3.1
95.86,18.549,-66.4453333333333,3,8,31,0,2.84
35.0,51.2971,-176.1914,2,8,31,0,2.9
17.7,32.3705,-115.208166666667,2,8,31,0,2.65
59.386,-9.6152,-79.0145,1,8,31,1,4.5
10.0,-8.4762,120.1143,0,8,31,1,4.3
16.66,18.0133333333333,-66.8091666666667,0,8,31,0,2.88
10.0,-41.8509,89.7359,0,8,31,1,4.6
10.0,-57.9298,-23.3629,23,8,30,1,4.6
162.262,-10.9175,166.2129,23,8,30,1,4.5
388.741,-21.3393,-177.754,22,8,30,1,4.2
3.0,59.922,-140.621,22,8,30,0,2.9
21.154,53.6456,-164.9221,22,8,30,0,3.8
182.31,-36.9141,177.4427,22,8,30,1,4.5
50.059,-3.948,141.3407,22,8,30,1,4.5
19.8,52.096,-170.932,21,8,30,0,2.7
31.77,19.0655,-155.3585,21,8,30,0,2.78
10.0,-12.4033,166.6424,21,8,30,1,4.8
35.17,-2.5928,138.7299,19,8,30,1,4.3
30.99,19.178,-155.4905,18,8,30,0,2.63
63.1,61.752,-150.712,18,8,30,0,2.5
47.786,-3.869,141.799,18,8,30,1,4.5
35.0,51.3473,-178.0407,17,8,30,0,3.0
12.314,51.586,-179.486,17,8,30,0,2.9
113.061,-18.2063,-69.6534,16,8,30,1,4.7
54.32,18.8221666666667,-65.0275,15,8,30,0,3.32
10.0,42.3002,80.6146,14,8,30,1,4.5
7.6508,31.659,-104.26,14,8,30,0,2.7
10.0,52.5617,-162.928,13,8,30,0,2.8
35.0,51.3015,-179.9222,13,8,30,0,2.9
75.1,60.822,-151.385,11,8,30,0,2.5
34.44,14.0451,-92.8925,11,8,30,1,4.3
60.1,51.746,-174.848,11,8,30,0,2.8
76.2,63.074,-149.288,11,8,30,0,2.6
10.0,-8.1634,120.6265,11,8,30,1,4.6
26.8,54.513,-159.751,9,8,30,0,2.6
7.153,42.834,-111.323,9,8,30,0,2.9
532.696,-23.414,-179.9128,9,8,30,1,4.5
35.0,-30.1462,-177.8882,9,8,30,1,5.8
50.336,51.6592,159.2914,8,8,30,1,4.5
10.0,52.629,-164.0118,8,8,30,0,2.6
78.374,-3.3399,101.6275,7,8,30,1,4.9
19.0,18.888,-64.3826,7,8,30,0,3.77
15.155,-7.93,120.6672,7,8,30,1,4.5
53.0,18.9116,-67.2885,5,8,30,0,3.96
10.0,-60.2509,-47.226,5,8,30,1,4.6
3.8,52.315,-165.207,5,8,30,0,2.6
10.0,52.6673,-166.6416,5,8,30,0,3.0
50.054,-22.1949,-70.4379,5,8,30,1,4.7
242.271,2.2902,128.493,5,8,30,1,4.4
35.107,1.3834,126.3683,4,8,30,1,4.7
119.132,36.4209,71.4072,4,8,30,1,4.2
135.686,-56.4575,-27.0033,3,8,30,1,5.1
128.3,60.991,-152.46,3,8,30,0,2.8
9.9,52.656,-166.601,3,8,30,0,2.8
119.49,18.5581666666667,-67.5618333333333,1,8,30,0,3.34
13.7,51.211,-176.365,1,8,30,0,2.7
63.625,42.0423,142.6167,0,8,30,1,4.5
10.0,52.0333,176.283,23,8,29,0,2.9
158.92,-22.6579,-67.5745,23,8,29,1,4.5
112.13,18.2475,-67.587,23,8,29,0,3.35
92.28,54.8751,-162.0148,22,8,29,0,2.8
5.0,51.495,-173.395,22,8,29,0,2.8
117.5,55.122,-157.737,22,8,29,0,3.9
10.0,40.1538,19.8822,22,8,29,1,4.8
169.928,52.2743,-174.4074,22,8,29,0,2.6
95.898,53.1164,-168.3438,21,8,29,0,2.7
35.0,51.5715,-175.7341,21,8,29,0,2.7
35.0,29.9927,131.0784,21,8,29,1,4.8
3.245,34.85,-108.5536,20,8,29,0,2.8
192.731,53.8699,158.0592,20,8,29,1,4.2
201.316,36.4796,70.2474,19,8,29,1,4.3
10.0,14.3969,51.4231,19,8,29,1,4.5
10.0,-22.7453,170.3733,18,8,29,1,4.2
11.4,53.81,-163.799,17,8,29,0,2.5
104.472,18.4946,-69.0395,17,8,29,0,3.9
10.0,40.4221666666667,-125.261333333333,17,8,29,0,2.69
8.2,54.922,-159.943,17,8,29,0,2.5
53.142,1.8152,126.6085,16,8,29,1,4.3
13.6,51.045,-179.818,15,8,29,0,2.8
31.739,51.5657,-173.3208,15,8,29,0,3.7
34.783,35.8029,140.9937,15,8,29,1,4.7
5.0,54.821,-156.951,15,8,29,1,4.8
5.9,54.639,-160.121,13,8,29,0,3.4
257.202,43.8866,138.2924,13,8,29,1,4.0
14.362,36.2205,27.5586,12,8,29,1,4.5
89.6,59.919,-152.197,12,8,29,0,3.9
22.7,53.513,-164.644,12,8,29,0,2.5
334.771,21.6817,142.8625,11,8,29,1,4.2
5.0,59.0,-137.139,11,8,29,0,3.3
7.5928,32.13,-102.22,11,8,29,0,2.6
60.635,4.5132,-76.7395,10,8,29,1,4.5
210.646,36.5634,70.8802,10,8,29,1,4.1
21.743,51.0931,-179.2028,10,8,29,0,2.6
10.0,40.559,-127.6597,9,8,29,0,2.7
10.0,-8.5879,127.2876,9,8,29,1,4.6
155.228,5.9268,125.9755,9,8,29,1,4.2
96.4,61.583,-151.752,9,8,29,0,2.8
602.27,-22.3237,-179.689,8,8,29,1,4.2
41.899,-0.7032,126.9069,8,8,29,1,5.0
110.9,51.769,179.742,8,8,29,0,2.7
10.0,40.6417,-127.2233,7,8,29,0,2.9
10.0,40.8117,-126.7194,7,8,29,0,2.8
5.0,54.576,-159.952,7,8,29,0,2.7
89.886,-57.4587,-25.7887,7,8,29,1,4.9
60.935,9.976,126.3482,6,8,29,1,4.8
10.0,43.8957,-129.0391,5,8,29,0,3.5
10.0,-31.8483,56.9522,5,8,29,1,5.1
52.6,59.168,-151.769,5,8,29,0,2.5
14.5,53.695,-164.298,5,8,29,0,2.6
43.998,44.8019,149.9582,4,8,29,1,4.6
23.1,51.509,-175.218,4,8,29,0,3.1
56.7,61.336,-150.661,3,8,29,0,2.5
10.372,34.8393,-108.5465,3,8,29,0,3.4
18.9,52.584,-165.064,3,8,29,0,2.8
19.7,52.595,-165.098,2,8,29,0,2.8
10.0,40.45,-125.272333333333,2,8,29,1,4.74
306.863,46.4708,147.1842,1,8,29,1,4.2
5.0,52.271,-168.808,1,8,29,0,2.9
11.0,55.951,-159.693,0,8,29,0,2.5
10.0,25.8298,-109.734,0,8,29,1,4.2
7.76,18.8193333333333,-67.384,0,8,29,0,3.06
334.014,-16.5532,-175.6958,0,8,29,1,4.3
89.639,37.422,22.7096,23,8,28,1,4.5
77.041,-23.9509,-69.3994,23,8,28,1,4.3
10.0,53.1344,-162.0183,23,8,28,0,3.5
34.933,39.6554,143.2337,23,8,28,1,4.8
84.651,15.237,-92.9163,22,8,28,1,4.1
10.0,42.2861,80.5254,22,8,28,1,4.9
35.0,53.7231,-164.2897,21,8,28,0,2.9
24.73,40.3345,-124.951833333333,21,8,28,0,2.8
53.351,51.3339,-179.0677,21,8,28,0,2.6
19.73,40.3455,-124.9405,21,8,28,0,2.72
1.5425,36.7567,-116.7984,21,8,28,0,2.59
87.955,-18.8677,-69.9747,20,8,28,1,4.5
7.6416,32.123,-102.22,20,8,28,0,2.6
10.0,-6.211,151.7381,20,8,28,1,5.0
10.0,-28.3225,62.5441,19,8,28,1,4.9
32.94,51.4225,-178.8643,18,8,28,0,3.1
181.813,52.4931,-173.8504,17,8,28,0,2.9
121.996,6.462,126.6558,17,8,28,1,4.4
22.7,55.296,-134.986,17,8,28,0,2.7
35.0,54.2405,-162.9439,17,8,28,0,3.3
28.7,51.018,-178.849,16,8,28,0,2.7
618.448,-21.9272,-179.6,16,8,28,1,4.0
10.0,-24.8004,-175.1044,15,8,28,1,4.4
10.0,-8.2156,120.4136,15,8,28,1,4.4
35.0,51.2147,-178.2511,15,8,28,0,3.5
3.89,37.5823333333333,-119.43,14,8,28,0,2.54
71.22,40.2247,142.1817,14,8,28,1,4.4
55.32,18.4013333333333,-64.8641666666667,14,8,28,0,2.91
121.512,-21.1859,-68.4374,14,8,28,1,4.5
20.1,51.009,-178.761,13,8,28,0,2.7
112.162,51.7781,-179.8847,13,8,28,0,2.5
34.4,51.092,-178.844,13,8,28,0,2.6
67.025,51.77,-175.4029,13,8,28,0,2.6
25.4,51.036,-178.741,12,8,28,0,2.8
15.5,51.554,-173.346,12,8,28,0,2.9
10.0,-3.6651,141.2038,12,8,28,1,4.5
35.4,51.037,-178.668,11,8,28,0,2.7
535.422,-21.1233,-178.6454,10,8,28,1,4.4
13.62,18.4908333333333,-66.6331666666667,10,8,28,0,2.58
10.0,-6.9733,127.3738,10,8,28,1,4.6
24.0,56.079,-154.419,10,8,28,0,3.1
131.746,25.8399,125.2609,10,8,28,1,4.5
7.7917,31.672,-104.367,10,8,28,0,2.9
-1.93,41.5596666666667,-109.888833333333,9,8,28,0,2.98
14.9,50.995,-178.702,9,8,28,0,2.6
10.0,52.1245,160.6615,9,8,28,1,5.0
44.102,-3.7194,141.1607,8,8,28,1,4.1
10.0,-19.249,168.2309,8,8,28,1,5.0
65.967,5.2762,125.4174,8,8,28,1,4.5
8.176,18.5318,-154.4191,8,8,28,0,2.8
0.1,63.042,-143.778,6,8,28,0,3.1
35.0,10.0415,-78.4292,6,8,28,1,4.3
74.1,51.521,179.964,6,8,28,0,3.1
25.6,51.363,-178.196,5,8,28,0,2.5
10.0,29.2752,105.229,5,8,28,1,5.0
10.0,-50.116,111.5852,4,8,28,1,5.2
39.21,18.871,-64.3788333333333,4,8,28,0,3.42
25.83,19.1956666666667,-66.0928333333333,3,8,28,0,3.3
10.0,8.4191,-103.4604,2,8,28,1,5.0
24.315,47.155,-113.4515,2,8,28,0,3.2
12.071,22.0405,120.3615,2,8,28,1,4.4
2.2,65.462,-149.986,1,8,28,0,3.0
74.035,1.7526,126.8948,0,8,28,1,4.6
10.0,10.2402,-67.3313,0,8,28,1,4.4
130.0,-6.3912,130.3094,0,8,28,1,4.1
267.472,-3.934,152.0206,23,8,27,1,4.4
37.8,58.162,-151.537,23,8,27,0,3.2
520.313,-20.3798,-177.6957,23,8,27,1,4.9
35.0,53.0986,-166.7707,22,8,27,0,2.9
63.668,42.0315,142.2416,22,8,27,1,4.6
10.0,13.2654,50.5425,21,8,27,2,6.0
34.224,-35.0095,-179.9058,20,8,27,1,4.6
58.569,40.634,142.3482,19,8,27,1,4.8
49.082,36.9105,141.4004,19,8,27,1,4.6
10.0,-28.3502,-176.8245,19,8,27,1,4.5
7.77,17.9513333333333,-67.0655,19,8,27,0,2.61
218.633,18.6678,145.6944,19,8,27,1,4.4
7.3816,31.671,-104.416,18,8,27,0,2.6
10.0,5.998,125.6277,18,8,27,1,4.9
5.0,63.649,-150.721,18,8,27,0,3.0
7.2,55.959,-135.517,18,8,27,0,2.6
143.959,-17.5706,-69.4412,17,8,27,1,4.5
16.581,52.9568,-166.6181,17,8,27,0,2.5
51.763,-3.0892,-79.9951,17,8,27,1,4.2
40.936,-3.4155,-80.6388,17,8,27,1,4.1
55.8,60.563,-150.759,17,8,27,0,2.5
10.0,53.0007,-163.2086,16,8,27,0,2.7
10.0,53.0713,-163.4528,16,8,27,0,2.7
10.0,-7.8341,120.4866,16,8,27,1,4.7
63.685,4.5588,-76.6859,16,8,27,1,4.5
10.0,-7.7398,120.9735,16,8,27,1,4.3
35.0,53.6077,-164.7459,15,8,27,0,2.7
10.0,8.6667,-71.214,15,8,27,0,3.5
15.0,55.902,-151.931,15,8,27,0,2.5
61.381,4.5126,-76.7491,15,8,27,1,4.7
9.1376,31.794,-103.737,14,8,27,0,2.8
10.0,33.2546,86.9132,14,8,27,1,5.0
10.0,53.0654,-163.4304,14,8,27,1,4.8
26.1,51.523,-175.124,12,8,27,0,2.5
10.0,-19.7789,173.3354,12,8,27,1,4.5
10.0,-26.0744,70.7736,11,8,27,1,4.9
2.4,54.08,-162.482,10,8,27,0,2.9
10.0,-8.0324,120.0539,10,8,27,1,5.3
35.6,60.021,-150.512,10,8,27,0,3.4
10.0,51.4769,160.2665,9,8,27,1,4.5
75.3,62.557,-150.742,8,8,27,0,2.8
31.948,24.2279,142.6599,8,8,27,1,4.2
72.836,52.1886,-172.2961,7,8,27,0,3.6
24.034,24.2111,142.7145,7,8,27,1,4.3
39.941,24.1239,142.5339,7,8,27,1,4.1
26.483,-8.1967,121.7296,6,8,27,1,4.5
259.421,-22.8057,-66.1,5,8,27,1,4.3
10.0,24.2624,142.7467,5,8,27,1,5.2
10.0,-48.0141,32.0573,5,8,27,1,4.5
87.3,59.819,-152.498,5,8,27,0,2.6
72.8,51.578,178.644,4,8,27,0,2.8
5.7,54.559,-160.113,4,8,27,0,2.5
10.0,-22.5672,-20.2977,4,8,27,1,5.1
6.21,32.1418333333333,-115.778166666667,3,8,27,0,2.56
14.9,50.976,-173.131,1,8,27,0,2.8
10.5,19.191,-68.8455,1,8,27,0,3.44
35.0,-56.1896,-26.3107,23,8,26,1,4.3
122.154,-21.3306,-68.6981,23,8,26,1,4.7
79.083,-35.3118,-71.466,22,8,26,1,4.2
255.308,-18.8485,169.4281,22,8,26,1,4.2
25.305,22.8501,121.547,21,8,26,1,4.6
68.449,51.9007,176.1599,21,8,26,0,3.7
294.493,-17.261,-175.2467,21,8,26,1,4.2
10.0,-13.9457,168.9143,19,8,26,1,4.5
23.37,40.9636666666667,-124.942333333333,19,8,26,0,2.75
7.7,59.462,-155.459,19,8,26,0,2.5
10.0,-16.9936,-74.8729,19,8,26,1,4.0
16.05,38.1821,143.8447,19,8,26,1,5.6
132.024,-6.2169,130.3825,19,8,26,1,4.4
10.0,-8.3333,120.6143,18,8,26,1,4.7
10.0,-8.3107,120.6979,18,8,26,1,4.9
14.12,17.9655,-67.0646666666667,17,8,26,0,2.6
51.24,18.79,-66.6293333333333,17,8,26,0,3.11
35.0,54.6192,-161.3041,17,8,26,0,2.9
35.0,51.2701,-178.0146,17,8,26,0,2.7
48.6,61.25,-150.258,17,8,26,0,2.5
10.0,-8.3149,121.2015,16,8,26,1,4.7
158.98,6.7547,-73.004,16,8,26,1,4.9
219.786,-19.8041,-175.7164,16,8,26,1,4.1
14.0,66.48,-148.876,16,8,26,0,2.6
10.0,4.6543,125.6555,15,8,26,1,4.4
31.293,51.2138,178.5911,15,8,26,0,3.1
15.42,19.1373333333333,-65.9946666666667,15,8,26,0,3.42
10.0,-10.9245,161.6841,15,8,26,1,4.2
10.0,-42.4115,83.9303,15,8,26,1,4.7
10.0,-17.8113,167.3856,15,8,26,1,4.5
58.509,-11.0426,165.8087,14,8,26,1,4.9
10.0,-11.2605,165.5321,14,8,26,1,4.3
10.0,-8.3515,121.4186,14,8,26,1,5.0
10.0,52.1938,160.5879,13,8,26,1,4.3
51.084,-8.1533,107.8313,13,8,26,1,4.2
5.0,51.957,176.356,12,8,26,0,3.3
6.16,17.9688333333333,-65.4286666666667,12,8,26,0,3.1
10.0,-57.4436,-65.3176,11,8,26,1,4.5
101.064,-26.1601,-69.3386,10,8,26,1,4.3
35.64,54.5458,-159.9993,10,8,26,1,4.1
10.0,21.5368,122.3274,9,8,26,1,4.6
10.0,-8.3296,121.337,9,8,26,1,4.6
10.0,51.958,176.301,9,8,26,0,3.1
128.0,18.4206,-68.7866,9,8,26,1,4.03
6.2,17.9435,-65.4388333333333,8,8,26,0,2.94
4.25,17.959,-65.4181666666667,7,8,26,0,2.85
159.458,44.6862,146.4404,7,8,26,1,4.7
17.68,18.7078333333333,-64.9435,7,8,26,0,2.98
17.8,52.328,-165.439,6,8,26,0,2.6
10.0,39.7276,143.6596,6,8,26,1,4.8
84.41,51.7722,177.5929,6,8,26,0,2.5
0.0,28.27,85.515,6,8,26,1,4.2
10.0,-52.7725,11.6756,5,8,26,1,4.8
22.352,53.8236,-164.1105,5,8,26,0,2.5
21.76,36.1866666666667,-119.61,5,8,26,0,2.6
9.035,31.793,-103.744,4,8,26,0,3.0
15.949,51.6318,179.1683,4,8,26,0,2.9
138.094,28.8772,140.5356,4,8,26,1,4.1
52.3,60.641,-150.469,4,8,26,0,2.6
10.0,-12.4637,-14.7788,3,8,26,1,4.5
12.566,51.9577,176.329,3,8,26,0,2.9
130.6,59.93,-153.176,2,8,26,0,3.4
13.859,51.9441,176.3189,2,8,26,0,2.8
0.0,28.271,85.515,2,8,26,1,5.2
99.361,36.5296,71.3353,2,8,26,1,4.5
10.0,-6.5973,127.5372,2,8,26,1,4.5
10.0,-6.6227,127.5749,1,8,26,1,4.8
36.105,-25.4862,-70.986,1,8,26,1,4.2
10.0,-7.8156,120.2941,1,8,26,1,4.6
8.442,52.0701,176.3607,1,8,26,1,4.1
10.0,-7.7397,120.3099,1,8,26,1,4.4
12.355,51.9772,176.3505,1,8,26,0,2.9
31.085,51.9507,176.3412,0,8,26,0,2.8
10.0,-7.7824,120.1422,0,8,26,1,4.5
10.0,50.95,159.402,0,8,26,1,4.5
35.1,53.782,-165.185,0,8,26,0,2.5
8.801,-7.8663,120.3599,0,8,26,1,4.3
11.153,-8.5466,120.6208,0,8,26,1,4.3
10.0,-7.926,119.9963,0,8,26,1,4.1
54.124,31.5509,77.8219,0,8,26,1,4.0
7.81,19.1745,-155.583666666667,23,8,25,0,2.61
151.139,2.5836,98.5868,23,8,25,1,4.0
78.342,36.3955,139.4387,23,8,25,1,4.2
29.37,40.3396666666667,-124.558833333333,23,8,25,0,2.59
15.509,40.5469,-125.9576,23,8,25,0,2.6
18.869,51.8178,176.2872,22,8,25,0,2.7
10.0,-0.4685,-19.8072,22,8,25,1,4.7
24.017,55.0249,-159.8159,22,8,25,0,2.8
10.0,43.3484,-126.9068,22,8,25,0,3.0
50.029,36.7808,74.4202,22,8,25,1,4.4
10.664,-8.2356,120.7287,21,8,25,1,4.9
15.66,-7.9474,120.3397,21,8,25,1,4.5
52.828,51.7896,176.1824,21,8,25,0,3.3
10.0,-6.7217,149.6152,20,8,25,1,4.1
35.0,37.3301,141.853,20,8,25,1,4.7
4.3,33.2393333333333,-116.066833333333,20,8,25,0,3.06
10.0,51.9561,176.2569,20,8,25,0,3.0
96.0,59.515,-152.86,20,8,25,0,3.4
3.152,51.9682,176.2594,20,8,25,0,2.8
43.58,20.261,-155.582166666667,19,8,25,0,2.61
3.15,17.8766666666667,-65.6966666666667,19,8,25,0,2.67
10.0,51.3647,159.5011,19,8,25,1,4.4
15.7,52.313,-169.398,19,8,25,0,2.5
10.0,52.112,176.3673,19,8,25,0,2.9
40.762,4.3527,126.4721,19,8,25,1,4.4
35.0,53.0928,-167.1069,19,8,25,0,2.5
10.0,38.1317,38.365,18,8,25,1,4.1
10.441,51.9583,176.2683,18,8,25,0,2.9
10.0,-8.3718,121.1486,18,8,25,1,4.2
19.4,60.314,-147.517,18,8,25,0,2.6
185.443,46.412,149.572,17,8,25,1,4.3
5.0,51.991,176.305,16,8,25,0,3.0
9.3,54.493,-161.295,16,8,25,0,2.5
20.0,67.777,-135.62,16,8,25,0,2.7
628.976,-14.235,170.4985,16,8,25,1,4.5
13.7,60.336,-147.542,16,8,25,0,2.7
18.1,51.855,176.221,16,8,25,0,3.5
77.775,52.0757,176.375,16,8,25,0,2.8
5.0,63.301,-150.729,16,8,25,0,3.0
10.0,-17.4086,-171.8992,15,8,25,1,5.2
10.0,-8.0758,120.6333,14,8,25,1,5.0
26.7,52.83,-163.729,14,8,25,0,2.7
6.0,55.058,-159.821,14,8,25,0,2.7
78.854,49.8967,155.7768,14,8,25,1,4.3
7.8,51.949,176.28,14,8,25,0,3.4
10.0,40.9504,19.5197,13,8,25,1,4.4
1.5,52.071,176.339,13,8,25,0,2.8
17.2,52.36,-166.984,12,8,25,0,2.5
1.9,50.172,179.351,12,8,25,0,2.9
173.0,52.084,-174.393,12,8,25,0,2.5
129.278,14.7891,-91.525,12,8,25,1,4.3
10.0,-44.3718,167.8841,12,8,25,1,4.3
528.283,-23.3497,179.8207,12,8,25,1,5.5
10.0,-3.6519,127.3328,11,8,25,1,4.9
4.4,54.438,-160.066,10,8,25,0,2.5
2.1,53.394,-165.222,10,8,25,0,2.9
15.17,37.4105,-118.7415,9,8,25,0,2.59
1.0,54.331,-161.559,9,8,25,0,2.6
7.3303,31.692,-104.302,9,8,25,0,2.7
96.855,43.045,145.6343,9,8,25,1,5.0
10.0,56.6303,-148.5691,8,8,25,0,2.9
10.0,51.3245,-176.1562,8,8,25,0,3.6
7.4,51.353,-178.069,7,8,25,0,2.5
7.708,51.5202,-174.0205,7,8,25,0,2.5
7.7,65.587,-149.195,7,8,25,0,2.6
14.608,22.6053,121.5709,7,8,25,1,5.5
322.862,3.4176,124.4529,6,8,25,1,4.6
10.0,33.101,47.3976,6,8,25,1,4.2
10.0,63.8453,-23.2345,5,8,25,1,4.2
10.0,63.7469,-23.419,3,8,25,1,4.4
90.0,18.8386,-68.1843,3,8,25,1,4.13
10.0,16.8505,-85.6548,3,8,25,1,4.4
10.169,-6.6149,127.5589,3,8,25,1,4.7
14.39,18.5493333333333,-64.6406666666667,2,8,25,0,3.14
13.458,9.0329,126.8546,1,8,25,1,4.7
143.594,45.6554,26.3349,1,8,25,1,4.4
109.317,-6.9731,155.6413,1,8,25,1,4.5
10.0,34.462,70.463,1,8,25,1,4.9
10.0,-8.1641,120.2809,0,8,25,1,4.1
29.4,51.296,-177.024,0,8,25,0,2.5
153.904,3.0555,98.5419,0,8,25,1,4.2
10.0,-8.3518,120.1917,0,8,25,1,4.9
10.0,-8.3951,120.006,23,8,24,1,4.1
10.0,23.7942,124.9285,23,8,24,1,4.5
0.7,63.159,-151.482,23,8,24,0,3.1
86.1,56.41,-157.999,22,8,24,0,3.0
7.616,35.2636,-107.551,22,8,24,0,2.7
131.984,42.5717,141.514,22,8,24,1,4.3
122.232,-15.32,-72.1166,21,8,24,1,4.0
10.0,-44.566,-15.4052,21,8,24,1,4.6
10.0,-6.3704,151.5046,21,8,24,1,4.6
51.0,51.441,178.332,20,8,24,0,2.6
125.5,58.966,-154.314,20,8,24,0,3.9
10.0,52.008,176.328,19,8,24,0,2.9
188.097,14.0784,144.8053,19,8,24,0,3.7
29.3,53.222,-166.291,19,8,24,0,2.5
9.851,-6.6988,127.4995,19,8,24,1,5.0
73.956,4.3503,-76.7599,18,8,24,1,4.4
90.5,60.407,-151.98,18,8,24,0,2.5
35.0,54.3342,-160.2135,18,8,24,0,2.7
35.0,40.4314,142.9057,18,8,24,1,4.5
8.85,18.7896666666667,-67.5286666666667,17,8,24,0,2.92
10.0,52.0433,176.2706,17,8,24,0,3.2
10.0,51.9835,176.2967,16,8,24,0,3.1
204.668,18.6678,145.6811,16,8,24,1,4.7
6.374,31.8413,-93.3956,15,8,24,0,2.6
85.7,61.934,-151.479,15,8,24,0,2.6
10.0,25.9821,128.7039,15,8,24,1,4.9
10.0,-7.793,120.4309,15,8,24,1,4.8
35.0,40.2457,142.669,14,8,24,1,4.2
10.0,-60.2616,-47.4378,14,8,24,1,4.4
10.0,-6.6551,127.4245,14,8,24,2,6.0
3.13,37.4495,-118.8345,14,8,24,0,2.57
2.62,37.4493333333333,-118.833666666667,13,8,24,0,2.76
10.0,-17.7036,-13.8368,12,8,24,1,5.0
10.0,51.9675,176.2779,12,8,24,0,3.5
11.07,18.7565,-67.3421666666667,12,8,24,0,2.98
189.2,57.753,-157.578,11,8,24,0,2.5
1.2,57.067,-156.219,11,8,24,0,2.7
8.0,52.094,176.354,11,8,24,0,3.0
0.8,58.389,-151.147,11,8,24,0,2.6
6.0486,31.739,-104.541,11,8,24,0,3.1
10.0,-18.1013,-171.9977,10,8,24,1,4.9
10.0,-5.0525,129.6871,10,8,24,1,5.5
2.38,37.4473333333333,-118.832833333333,9,8,24,0,2.76
10.0,26.3857,142.5236,9,8,24,1,4.6
6.3,38.5153333333333,-119.511666666667,8,8,24,0,2.7
6.5,65.852,-150.835,8,8,24,0,2.5
0.9,52.015,176.328,8,8,24,0,3.1
2.31,36.0666666666667,-117.8435,7,8,24,0,2.71
10.0,9.9853,-83.9132,7,8,24,1,4.9
209.196,-20.9867,-176.289,5,8,24,1,4.5
129.457,-28.143,-67.1543,5,8,24,1,4.5
13.07,18.3316666666667,-67.376,4,8,24,0,2.55
15.4,51.044,-179.055,4,8,24,0,2.7
68.263,5.3312,125.2291,3,8,24,1,4.8
7.6,51.724,-174.434,3,8,24,0,2.5
1.3,51.981,176.313,3,8,24,0,3.2
10.0,14.1906,-93.2276,3,8,24,1,4.1
10.0,-12.5855,-14.9436,2,8,24,1,4.9
78.299,4.4825,-76.8266,2,8,24,1,4.4
10.0,-7.978,120.4269,2,8,24,1,4.7
23.8,58.552,-151.04,2,8,24,0,3.2
40.02,19.0983333333333,-67.7316666666667,1,8,24,0,3.39
10.0,-2.5645,138.9466,1,8,24,1,4.3
28.3,51.155,-178.181,1,8,24,0,2.5
10.0,-8.1972,120.4889,1,8,24,1,4.6
10.0,56.1696,-149.9118,1,8,24,0,2.8
10.0,-7.7429,120.7561,0,8,24,1,4.2
10.0,-7.8111,120.6003,0,8,24,1,4.1
10.0,56.1681,-149.9644,0,8,24,0,2.9
10.0,28.3767,105.0358,0,8,24,1,4.9
10.0,-7.9116,120.0824,0,8,24,1,4.6
35.0,52.9404,-166.9148,23,8,23,0,2.6
10.0,50.7452,178.3258,23,8,23,0,2.9
94.934,51.5891,-178.6302,23,8,23,0,2.7
58.265,-8.1635,107.771,23,8,23,1,4.1
8.129,52.1915,176.4305,23,8,23,1,5.0
35.0,34.3368,23.4335,23,8,23,1,4.2
6.3232,32.4,-101.607,23,8,23,0,2.8
10.0,-8.298,120.249,23,8,23,1,4.3
187.777,-24.0298,-66.8157,22,8,23,1,4.2
10.0,-8.1459,120.6249,22,8,23,1,4.7
11.8,17.8563333333333,-66.9196666666667,22,8,23,0,2.6
590.983,-21.6851,-179.0547,21,8,23,1,4.3
10.0,-10.7075,164.6414,21,8,23,1,5.2
80.217,51.7992,-176.9805,21,8,23,0,3.2
10.0,-8.5046,119.9371,21,8,23,1,4.5
10.0,-8.1851,120.8487,21,8,23,1,5.2
100.109,-36.7425,-71.5893,20,8,23,1,4.5
35.0,51.4798,-176.1322,20,8,23,0,2.6
178.781,51.9931,179.9128,20,8,23,0,3.0
66.151,-2.0722,100.6649,19,8,23,1,4.4
71.9,61.609,-150.942,19,8,23,0,2.5
11.168,5.8271,126.1654,18,8,23,1,4.7
10.0,43.5038,-127.2893,18,8,23,0,2.8
10.0,52.0214,-169.371,18,8,23,0,3.1
223.201,-23.0699,-66.4169,17,8,23,1,4.5
65.441,51.3362,157.6808,17,8,23,1,4.3
35.0,-58.7568,-25.2117,17,8,23,1,4.9
60.411,42.1645,142.8974,16,8,23,1,4.5
35.0,53.7435,-164.7695,15,8,23,0,2.7
80.3,51.735,177.36,14,8,23,0,3.3
67.185,51.9075,176.2953,14,8,23,0,3.5
10.0,-7.0152,155.382,14,8,23,1,4.7
20.7,52.146,-170.421,14,8,23,0,2.7
41.0,41.8495,142.802,13,8,23,2,6.0
64.5,58.936,-152.16,13,8,23,0,2.5
101.1,62.898,-150.805,12,8,23,0,3.1
7.82,19.3665,-155.497,12,8,23,0,3.17
10.7,54.468,-162.169,12,8,23,0,2.6
38.2,60.108,-150.346,12,8,23,0,2.7
10.0,-12.8299,-14.8524,11,8,23,1,5.3
103.003,-6.2034,146.8216,10,8,23,1,4.3
35.0,20.4939,121.2979,10,8,23,1,4.2
40.589,16.7766,-61.0799,10,8,23,1,4.1
45.456,36.7596,74.4767,10,8,23,1,4.6
12.37,39.4956666666667,-122.948666666667,9,8,23,0,2.58
2.78,36.0655,-117.841833333333,9,8,23,0,3.5077201994852
4.98,18.7888333333333,-67.3723333333333,8,8,23,0,3.09
2.63,36.0611666666667,-117.8375,8,8,23,0,2.65
127.972,-10.8676,163.084,8,8,23,1,5.2
2.55,36.0658333333333,-117.839333333333,8,8,23,0,3.36
2.83,36.0671666666667,-117.838666666667,7,8,23,0,3.96264786337985
51.98,51.7271,-174.33,7,8,23,0,2.8
10.0,51.3452,160.1585,7,8,23,1,4.5
42.432,51.7241,176.5635,7,8,23,1,4.0
64.8,58.056,-153.49,7,8,23,0,3.8
27.684,51.5473,159.8353,7,8,23,1,4.4
45.63,19.4295,-65.3983333333333,7,8,23,0,3.41
10.0,43.2598,151.3715,6,8,23,1,4.2
84.376,53.6191,-166.5511,6,8,23,0,2.5
5.0,60.5851,-139.9072,6,8,23,0,2.5
10.0,10.6621,-65.2296,5,8,23,1,4.0
572.73,-18.3622,-178.1271,5,8,23,1,4.3
105.862,-0.0426,120.4985,5,8,23,1,4.2
48.5,60.691,-150.52,5,8,23,0,3.4
61.8,61.569,-150.271,5,8,23,0,3.3
96.5,60.663,-152.135,4,8,23,0,2.5
10.0,-60.2591,-47.2337,4,8,23,1,4.6
10.0,-60.2801,-47.3868,4,8,23,1,4.6
10.0,17.7899,96.1264,3,8,23,1,4.6
5.3,50.821,-174.98,2,8,23,0,2.5
2.3,61.967,-155.752,2,8,23,0,3.1
35.0,53.9487,-163.0701,2,8,23,0,2.5
10.0,49.9422,-179.8741,1,8,23,0,2.6
19.92,18.9918333333333,-67.6825,1,8,23,0,3.32
35.0,51.3369,-176.0707,0,8,23,0,2.7
4.6,35.9213333333333,-120.470333333333,0,8,23,0,2.75
35.0,36.9649,141.9464,0,8,23,1,4.4
35.0,54.5417,-160.2407,22,8,22,0,3.3
150.854,51.8838,-175.7807,22,8,22,0,2.6
178.594,36.6989,71.381,22,8,22,1,4.4
10.0,-8.1213,120.741,22,8,22,1,4.5
10.0,14.2546,-93.2061,21,8,22,1,4.5
10.24,17.881,-66.8456666666667,21,8,22,0,2.55
2.0,67.436,-156.605,21,8,22,0,2.6
35.0,54.4198,-159.8073,21,8,22,0,2.7
10.0,52.0166,176.3905,21,8,22,0,3.7
10.0,54.0755,-160.1253,20,8,22,0,3.2
110.081,-0.1606,123.032,19,8,22,1,4.8
10.0,52.0413,176.3234,19,8,22,1,4.0
10.0,52.0372,176.3508,18,8,22,0,3.4
105.459,-22.2087,-68.8154,18,8,22,1,4.6
83.886,28.1729,128.5478,18,8,22,1,4.4
10.0,51.8398,176.2658,18,8,22,0,2.9
54.4,55.798,-158.471,18,8,22,0,3.0
10.0,52.0822,176.3409,18,8,22,0,3.0
37.761,-2.9378,100.862,17,8,22,1,4.5
100.4,51.616,177.116,17,8,22,0,2.6
61.0,35.9675,140.1972,17,8,22,1,5.8
10.0,-7.8936,120.5992,16,8,22,1,4.6
26.342,-3.2971,100.4875,16,8,22,1,4.7
82.774,52.064,176.3302,14,8,22,0,3.0
18.142,41.8838,-126.6956,13,8,22,0,2.6
43.821,51.2533,-178.0614,11,8,22,0,2.7
10.0,35.2655,-107.5958,10,8,22,1,4.0
10.3,51.859,-176.614,10,8,22,0,2.5
14.77,19.3886666666667,-64.8276666666667,9,8,22,0,3.41
66.43,18.004,-68.5321666666667,8,8,22,0,3.27
10.0,-7.8939,120.6999,8,8,22,1,4.8
10.0,-60.3789,-47.6047,8,8,22,2,6.2
35.0,54.4411,-161.3621,8,8,22,0,3.0
6.6455,39.3471,-118.9978,7,8,22,0,2.65
115.924,14.337,145.3295,7,8,22,1,4.6
31.3,60.911,-149.666,7,8,22,0,3.9
10.0,-60.2649,-47.2591,7,8,22,1,5.7
10.0,12.5208,-44.6327,7,8,22,1,4.9
14.0,52.192,-169.674,6,8,22,0,2.6
107.802,6.7397,126.7362,6,8,22,1,5.0
10.0,-8.1749,121.8095,6,8,22,1,4.2
17.23,18.8396666666667,-67.5663333333333,6,8,22,0,3.21
71.0,19.039,-67.7711,5,8,22,0,3.7
10.0,13.8954,146.7194,5,8,22,1,4.9
10.0,-8.2301,121.4575,5,8,22,1,4.7
10.0,51.8534,176.2864,5,8,22,0,3.1
35.0,53.9999,-163.2261,5,8,22,0,2.7
35.554,-10.7829,-78.6432,4,8,22,1,4.5
10.0,9.3576,125.5685,4,8,22,1,5.0
126.961,47.5484,152.4951,4,8,22,1,4.2
79.924,52.3359,176.4562,3,8,22,0,2.7
39.805,24.4404,122.0921,3,8,22,1,4.4
23.424,-6.7914,103.7887,2,8,22,1,4.4
97.024,42.4385,142.6868,2,8,22,1,4.3
35.0,13.4148,120.2316,2,8,22,1,4.5
10.0,-8.3321,120.4149,1,8,22,1,4.6
11.0,19.5103,-64.7776,1,8,22,0,3.68
10.0,-12.4487,-14.9975,1,8,22,1,4.7
10.0,-12.7437,-14.759,1,8,22,1,5.3
10.0,-8.1406,120.5537,1,8,22,1,5.2
157.881,16.7754,-93.7556,0,8,22,1,4.2
249.314,-22.5639,-66.319,0,8,22,1,4.4
10.0,56.1157,-149.8368,23,8,21,0,2.9
105.536,-25.5602,-68.8851,22,8,21,1,4.7
69.547,51.9213,158.5135,22,8,21,1,4.4
27.769,-7.7337,130.0773,21,8,21,1,4.3
10.0,34.6012,69.6674,21,8,21,1,4.2
8.278,37.2141,-117.1202,21,8,21,0,2.58
10.0,-7.8778,120.6371,20,8,21,1,4.9
5.0,32.1138,-93.358,20,8,21,0,3.4
10.0,-7.6809,104.5396,18,8,21,1,4.2
26.14,36.1316666666667,-119.644833333333,18,8,21,0,2.85
10.0,-8.1573,120.0374,18,8,21,1,4.2
10.0,23.7035,126.854,18,8,21,1,4.7
9.0,-7.5318,104.5854,17,8,21,1,5.8
2.54,36.0685,-117.841833333333,17,8,21,0,3.29
10.0,-7.8211,120.4191,17,8,21,1,4.9
272.943,-19.6215,-175.5959,16,8,21,1,4.6
10.0,-8.4834,120.1965,16,8,21,1,4.5
10.0,-35.3404,-105.5777,15,8,21,1,4.5
271.116,-18.4604,-175.658,15,8,21,1,4.1
2.7,36.0648333333333,-117.841666666667,15,8,21,0,2.98
10.0,28.6031,142.5974,15,8,21,1,4.4
525.13,-24.5215,179.8615,14,8,21,1,4.3
10.0,48.0431,-27.6401,13,8,21,1,4.6
11.74,19.3255,-64.8663333333333,13,8,21,0,3.4
272.249,-18.4155,-175.4853,13,8,21,1,4.1
522.254,-24.5302,179.8055,13,8,21,1,4.5
151.97,-58.837,-26.5525,13,8,21,1,5.4
26.851,53.4074,-165.8352,12,8,21,0,2.6
10.0,-3.4075,131.0401,12,8,21,1,4.9
75.841,-31.9442,-178.6766,12,8,21,1,4.7
65.527,33.6984,140.4935,12,8,21,1,5.4
170.829,-6.4292,130.0009,11,8,21,1,4.5
10.0,-8.2668,120.9283,11,8,21,1,4.6
21.505,51.3333,179.7233,11,8,21,0,2.9
10.0,-8.1698,120.5136,11,8,21,1,4.5
10.0,40.4218333333333,-125.171666666667,11,8,21,0,2.71
9.287,-8.2545,120.5639,11,8,21,1,4.7
350.501,47.2192,146.7826,10,8,21,1,4.5
35.0,54.4254,-160.1073,9,8,21,0,3.5
6.7151,31.654,-104.435,9,8,21,0,3.2
10.0,9.4833,125.5784,9,8,21,1,5.1
10.0,9.3382,125.342,9,8,21,1,5.2
12.389,-8.2802,120.5979,8,8,21,1,4.4
8.599,-8.184,120.4425,8,8,21,1,4.5
35.067,-7.8322,120.4643,8,8,21,1,4.9
10.0,-24.8208,-175.2565,8,8,21,1,5.1
35.7,54.731,-156.848,7,8,21,0,3.2
10.0,52.0444,176.3281,7,8,21,0,3.4
-2.84,41.562,-109.8725,7,8,21,0,3.12
10.0,-8.3137,121.2622,6,8,21,1,4.4
10.0,-53.142,23.5692,5,8,21,1,4.6
4.2,52.359,-168.259,5,8,21,0,2.6
10.0,53.8925,-163.1925,5,8,21,0,2.8
40.861,53.9406,-163.0714,5,8,21,0,2.6
10.0,-30.0905,-72.3118,5,8,21,1,4.2
30.859,53.9496,-163.3413,3,8,21,1,4.2
72.97,19.2751666666667,-64.8143333333333,2,8,21,0,3.4
18.0,19.4205,-64.8648,2,8,21,0,3.73
10.0,-8.3786,120.5112,2,8,21,1,4.6
10.0,-8.2543,120.4258,2,8,21,1,4.4
261.253,2.6325,128.7243,2,8,21,1,4.1
10.0,41.0198,33.5713,2,8,21,1,4.3
3.7,67.874,-156.182,1,8,21,0,2.5
10.0,52.0132,176.3321,1,8,21,0,3.4
10.0,-8.2424,121.3386,1,8,21,1,4.6
4.4,53.417,-165.243,1,8,21,0,2.5
10.0,-8.2718,120.6,1,8,21,1,4.6
11.258,52.0598,176.3352,1,8,21,0,3.0
50.137,53.5721,-165.2698,1,8,21,1,4.3
6.837,51.2809,-176.256,1,8,21,0,3.4
6.5485,31.655,-104.223,1,8,21,0,2.5
10.0,52.0742,176.4046,0,8,21,0,3.2
42.689,26.504,127.747,0,8,21,1,4.7
10.0,52.1975,176.3922,23,8,20,0,3.2
10.0,-56.8834,-141.5484,23,8,20,1,5.0
10.0,-8.0159,120.0515,23,8,20,1,4.4
10.0,52.0203,176.3369,22,8,20,0,3.0
35.0,54.0047,-163.5796,22,8,20,0,2.8
35.0,54.1171,-163.8246,22,8,20,0,2.6
211.273,15.9213,145.6136,21,8,20,1,4.5
10.0,52.0115,176.3338,21,8,20,0,3.1
10.0,51.9334,176.3227,21,8,20,0,3.0
78.591,-14.9979,-74.0081,21,8,20,1,4.3
10.0,-7.7732,120.7536,20,8,20,1,4.7
42.627,15.9565,-95.2089,20,8,20,1,4.0
199.906,-24.3084,-67.275,20,8,20,1,4.4
6.063,51.9029,176.2873,20,8,20,0,3.4
10.0,-8.1732,121.3645,19,8,20,1,5.0
10.0,-8.402,121.2108,19,8,20,1,5.0
10.0,-7.9984,120.9016,19,8,20,1,4.5
10.0,52.0136,176.3928,19,8,20,0,3.0
10.0,51.9365,176.3662,18,8,20,0,2.8
10.0,-8.3073,120.2123,18,8,20,1,5.0
35.0,-5.478,153.4364,18,8,20,1,5.1
10.0,-8.297,121.3718,18,8,20,1,5.6
99.0,-14.5704,-73.6538,18,8,20,2,6.7
12.4,61.566,-148.103,17,8,20,0,3.5
23.401,51.8819,176.285,17,8,20,0,3.1
10.0,56.7264,-148.945,17,8,20,0,2.8
10.0,-8.5698,119.9212,16,8,20,1,4.4
10.0,51.776,-166.1721,16,8,20,0,2.5
2.0,59.024,-136.37,16,8,20,0,3.1
35.0,-3.7909,141.0635,16,8,20,1,4.3
5.0,59.03,-136.396,15,8,20,0,2.8
207.389,21.9582,143.0202,14,8,20,1,4.2
10.0,55.2911,-160.5987,14,8,20,0,3.7
53.437,-8.0866,107.881,14,8,20,1,4.4
10.0,51.9464,176.2541,14,8,20,0,2.8
10.0,-1.143,148.5466,13,8,20,1,5.0
10.0,34.8227,-108.5852,13,8,20,0,2.9
8.28,32.2066666666667,-115.251333333333,13,8,20,0,2.69
120.922,-22.4158,171.4173,13,8,20,1,4.4
143.4,59.978,-153.347,13,8,20,0,2.6
10.0,-7.995,121.216,12,8,20,1,4.5
574.011,-17.8188,-178.6541,12,8,20,1,4.8
28.5,61.185,-149.217,11,8,20,0,3.0
120.4,60.033,-152.862,11,8,20,0,2.9
35.203,50.3276,-174.9334,11,8,20,0,2.6
8.748,51.9652,176.3029,10,8,20,0,3.7
10.0,-7.9402,120.8686,10,8,20,1,4.6
10.0,37.8289,95.5341,10,8,20,1,4.6
10.0,37.793,95.5387,9,8,20,1,5.0
10.0,-8.2215,120.6701,9,8,20,1,5.3
30.903,-8.0089,120.6397,8,8,20,1,4.8
35.0,53.4332,-163.473,8,8,20,0,2.6
26.19,18.7753333333333,-65.0173333333333,8,8,20,0,3.01
6.2916,38.442,-116.5065,8,8,20,0,2.58
5.0,60.5726,-139.8902,8,8,20,0,2.5
7.089,-8.0045,120.2804,8,8,20,1,4.3
35.0,-8.2074,120.4906,8,8,20,1,5.0
10.0,-8.0268,120.5156,7,8,20,1,4.5
15.891,-8.2667,120.3323,7,8,20,1,5.0
32.7,-8.2387,120.608,7,8,20,1,4.5
124.994,-21.2697,-68.8556,7,8,20,1,4.2
10.0,51.1193,159.5735,7,8,20,1,4.3
10.0,51.4374,159.6591,6,8,20,1,4.6
125.2,63.008,-150.949,5,8,20,0,3.0
7.2091,36.712,-115.7455,5,8,20,0,2.72
49.9,36.4519,140.7756,5,8,20,1,4.3
9.879,-7.8919,120.4649,5,8,20,1,4.6
75.759,52.2019,176.4245,5,8,20,0,2.6
1.4,52.181,-168.048,4,8,20,0,2.5
46.087,-24.3787,-70.3836,4,8,20,1,4.7
6.462,51.9863,176.2958,4,8,20,0,3.0
10.0,50.8713,-172.1987,4,8,20,0,2.8
10.0,-7.9865,120.2661,4,8,20,1,4.7
10.0,-8.2605,120.5326,4,8,20,1,4.7
10.0,-7.9434,120.2447,3,8,20,1,4.3
20.48,18.7431666666667,-67.6003333333333,3,8,20,0,2.94
26.94,18.9418333333333,-64.723,3,8,20,0,2.77
10.0,-8.3363,120.2512,3,8,20,1,4.5
163.371,-24.3196,-67.1118,3,8,20,1,4.7
10.0,-8.2526,120.5899,3,8,20,1,4.6
118.5,62.994,-151.01,2,8,20,0,2.6
10.0,-8.2328,120.5308,2,8,20,1,5.6
10.0,50.8835,178.7821,2,8,20,1,4.0
35.0,53.2929,-165.6208,2,8,20,0,2.5
10.0,-7.798,120.5308,2,8,20,1,4.3
10.0,-8.2567,120.5716,2,8,20,1,4.7
4.46,18.823,-64.4091666666667,1,8,20,0,3.42
2.762,52.007,176.3193,1,8,20,0,3.0
69.934,-20.2995,169.2335,0,8,20,1,5.0
10.0,51.8689,176.9506,23,8,19,0,2.7
10.0,-8.3732,120.3549,23,8,19,1,4.6
10.0,-8.2614,120.5935,23,8,19,1,4.6
10.0,-8.1888,120.4423,23,8,19,1,4.5
2.3,50.309,179.518,23,8,19,0,2.9
13.35,-8.5819,120.0407,22,8,19,1,4.5
10.0,-8.3418,120.5442,22,8,19,1,5.8
10.0,-7.9443,120.4098,22,8,19,1,4.5
10.0,-8.4707,119.7463,22,8,19,1,4.2
10.0,-8.2037,120.4936,22,8,19,1,4.5
10.0,-8.2828,120.4454,22,8,19,1,5.2
10.0,-8.3345,119.9421,21,8,19,1,4.1
10.0,14.6505,56.0752,21,8,19,1,4.2
10.0,-8.2955,120.1115,21,8,19,1,4.3
10.0,-7.6073,121.2437,21,8,19,1,4.4
10.0,-8.409,119.9342,21,8,19,1,4.2
338.826,-28.1363,-179.7942,21,8,19,1,4.4
9.951,-8.3068,120.3433,21,8,19,1,4.3
10.0,66.9381,13.0474,21,8,19,1,4.5
180.301,17.574,-94.3414,20,8,19,1,4.6
5.6797,37.0482,-114.788,20,8,19,0,2.59
596.525,-21.7452,179.2691,20,8,19,1,4.1
113.057,-11.8087,166.3286,20,8,19,1,4.4
108.0,60.029,-152.531,19,8,19,0,3.7
100.496,52.1897,-171.0911,19,8,19,0,3.2
10.0,-8.2394,120.4638,19,8,19,1,4.5
10.0,14.0572,-93.2435,18,8,19,1,4.1
573.027,-17.8383,-178.6849,18,8,19,1,5.4
10.0,51.193,174.5282,18,8,19,0,3.4
113.8,62.918,-151.05,18,8,19,0,2.6
10.0,-8.2709,120.4334,18,8,19,1,4.4
9.072,52.4747,-173.2507,18,8,19,0,2.7
163.8,60.096,-153.469,18,8,19,0,3.3
54.32,51.5456,178.3853,18,8,19,0,2.9
51.78,49.5734,155.7599,18,8,19,1,5.3
10.0,34.1608,46.269,17,8,19,1,4.4
10.0,5.8585,126.6757,17,8,19,1,4.8
87.9,57.906,-154.991,17,8,19,0,2.7
118.751,51.8526,178.9654,16,8,19,0,3.8
91.018,-4.2785,152.9494,16,8,19,1,4.4
10.0,-8.4608,119.6916,16,8,19,1,4.2
10.0,-8.2619,120.1421,16,8,19,1,4.3
10.0,-8.2075,120.558,16,8,19,1,5.5
47.743,41.8292,143.2813,15,8,19,1,4.2
10.0,-8.0736,120.5772,15,8,19,1,4.6
10.0,-8.2374,120.1957,14,8,19,1,4.1
540.02,-5.2129,125.5023,14,8,19,1,4.6
10.0,-8.2579,120.2225,14,8,19,1,4.2
10.0,-8.1452,120.6178,14,8,19,1,4.6
53.78,18.6988333333333,-64.6676666666667,14,8,19,0,3.24
10.0,62.238,-152.37,14,8,19,0,2.8
10.0,-7.9247,120.223,13,8,19,1,4.3
10.0,-6.9221,122.0992,12,8,19,1,4.4
199.321,-5.8582,106.5092,12,8,19,1,4.4
33.77,18.3661666666667,-64.9135,12,8,19,0,2.95
31.044,51.3881,178.0085,12,8,19,0,3.7
233.414,29.0711,127.9523,11,8,19,1,4.4
75.13,18.5313333333333,-66.3171666666667,11,8,19,0,2.92
35.0,51.8652,-171.3056,11,8,19,0,2.6
80.772,5.4131,125.2676,11,8,19,1,4.8
10.0,-7.866,120.4676,10,8,19,1,4.8
61.289,51.4557,-177.9603,10,8,19,0,2.5
18.175,51.9678,-174.3917,10,8,19,0,2.9
87.323,50.4225,156.4652,10,8,19,1,4.2
57.267,-12.3008,-76.9611,10,8,19,1,4.4
10.0,5.8735,-77.5719,10,8,19,1,4.3
10.0,-16.1024,-173.0172,9,8,19,1,4.7
10.0,-8.3042,121.6413,8,8,19,1,4.3
121.305,37.9584,72.58,8,8,19,1,4.1
45.41,51.2451,-178.2891,8,8,19,0,3.7
9.618,52.0677,176.8311,7,8,19,0,2.6
4.73,33.4063333333333,-116.652,7,8,19,0,3.64
5.658,52.0694,176.8034,7,8,19,0,2.9
10.0,51.8677,176.8807,7,8,19,0,3.7
10.0,54.3661,-160.3046,7,8,19,0,2.5
10.0,-8.13,120.9579,6,8,19,1,4.3
51.9,61.72,-150.751,6,8,19,0,2.7
60.918,5.4347,125.1792,6,8,19,1,4.5
10.0,49.4239,-119.342,6,8,19,0,2.9
10.0,37.8286,95.5256,5,8,19,1,4.7
10.0,-7.7292,120.6764,5,8,19,1,4.3
10.0,-8.2516,120.4912,4,8,19,1,4.4
124.186,-21.0841,-68.5504,4,8,19,1,4.6
10.0,19.1732,121.1037,4,8,19,1,4.7
10.0,-8.0997,120.7052,3,8,19,1,4.5
10.0,-8.3648,121.3236,3,8,19,1,5.1
10.0,-13.6259,-14.647,2,8,19,1,4.2
35.0,54.5222,-160.1931,2,8,19,0,3.5
45.2,52.784,-168.343,2,8,19,0,2.5
223.522,-15.1753,-174.9847,2,8,19,1,4.5
20.4,54.43,-159.705,2,8,19,0,2.5
11.6578,38.432,-116.4914,1,8,19,0,3.01
11.4209,38.4312,-116.4963,1,8,19,0,2.85
10.0,-8.194,121.0685,1,8,19,1,4.6
10.0,63.203,-149.784,1,8,19,0,2.6
2.673,51.3863,-178.1188,1,8,19,0,2.9
8.971,-5.4908,149.0316,0,8,19,1,4.5
35.0,-8.281,121.4467,0,8,19,1,4.8
64.025,53.1732,159.8226,0,8,19,1,4.4
35.0,-8.2901,121.2633,23,8,18,1,4.6
64.7,62.926,-148.851,23,8,18,0,2.7
505.571,-20.122,-177.7569,23,8,18,1,4.2
10.0,-8.4597,121.0379,23,8,18,1,4.3
10.0,50.7105,-172.7195,22,8,18,0,2.8
10.0,-8.3673,119.9845,22,8,18,1,4.2
10.0,-5.0063,68.4983,22,8,18,1,4.3
35.0,-8.0643,120.4381,22,8,18,1,4.5
10.0,37.7577,95.414,21,8,18,1,4.4
14.35,37.3456666666667,-118.691,21,8,18,0,2.61
6.0,37.8425,95.5713,21,8,18,1,5.5
10.0,-8.3744,120.749,21,8,18,1,4.3
35.0,-8.1601,121.4078,21,8,18,1,4.7
10.0,51.4033,-173.1894,21,8,18,0,2.7
38.1,61.332,-150.11,20,8,18,0,2.9
10.0,-8.3121,121.5131,20,8,18,1,4.7
10.0,51.9931,-172.0301,20,8,18,0,2.6
10.0,-8.6641,120.4553,20,8,18,1,4.3
10.0,-8.3363,121.1792,20,8,18,1,4.7
10.0,-8.2163,120.4537,20,8,18,1,4.4
10.0,-8.2731,121.2517,20,8,18,1,4.9
10.0,-7.764,120.4967,20,8,18,1,4.6
297.055,-5.8189,154.6792,20,8,18,1,4.2
10.0,30.3201,84.2762,19,8,18,1,4.3
215.01,36.4032,70.6871,19,8,18,1,5.2
10.0,-8.2855,120.7301,19,8,18,1,4.3
49.3,60.762,-150.174,19,8,18,0,2.9
10.0,-8.349,121.2251,19,8,18,1,4.9
10.0,34.5476,62.0831,18,8,18,1,4.3
10.0,-8.4566,120.8504,18,8,18,1,4.4
10.0,-8.1915,120.2543,18,8,18,1,4.1
10.0,-8.5977,120.5816,18,8,18,1,4.1
10.0,-24.7454,-175.0821,18,8,18,1,4.6
10.0,9.8147,138.6099,18,8,18,1,4.5
7.097,39.3336,-119.013,18,8,18,0,2.54
14.959,51.0951,-179.6501,17,8,18,0,2.5
407.967,-20.0224,-177.7054,16,8,18,1,4.5
33.93,19.0803333333333,-64.8475,16,8,18,0,3.42
30.78,40.8708333333333,-123.218166666667,15,8,18,0,2.55
12.97,5.443,124.4092,15,8,18,1,4.0
6.125,38.4421,-116.5121,15,8,18,0,2.77
17.58,40.354,-124.8765,14,8,18,0,2.72
10.0,-8.0413,120.5511,14,8,18,1,4.5
20.0,51.468,-173.727,14,8,18,0,2.6
28.54,19.2703333333333,-155.405,14,8,18,0,2.62
10.0,32.3616,76.582,14,8,18,1,4.3
10.0,-7.8772,121.0763,13,8,18,1,4.7
10.0,-7.83,121.0129,13,8,18,1,4.3
10.0,-24.775,-175.3672,13,8,18,1,4.6
10.0,51.9286,176.9264,13,8,18,0,3.2
10.0,32.4633,76.5656,13,8,18,1,4.4
10.0,-8.5414,120.8127,13,8,18,1,4.3
0.74,33.7623333333333,-119.214,13,8,18,0,2.69
26.788,53.1166,-166.8622,13,8,18,0,3.4
10.3,50.986,-179.857,13,8,18,0,2.6
35.0,-2.5482,138.8918,12,8,18,1,4.4
2.012,51.7518,176.9238,12,8,18,0,2.9
16.3,52.205,176.942,12,8,18,0,2.7
10.0,-8.0325,120.4065,12,8,18,1,4.5
10.0,-7.9425,120.4285,12,8,18,1,4.5
10.0,51.8148,177.0508,12,8,18,0,2.9
10.0,-7.9446,120.5671,12,8,18,1,4.8
10.0,-7.8872,120.6152,12,8,18,1,4.9
10.0,-24.8223,-175.262,11,8,18,1,4.6
11.6,57.942,-137.676,11,8,18,0,2.5
10.0,-7.8287,120.4564,11,8,18,1,4.7
52.635,51.3809,-177.8414,11,8,18,0,2.9
4.6,51.913,176.925,10,8,18,0,2.7
3.758,51.9651,176.2943,10,8,18,0,3.1
10.0,37.1044,-3.6657,10,8,18,1,4.4
8.026,51.9473,176.9812,10,8,18,0,2.7
115.384,51.8469,178.3195,10,8,18,0,2.6
10.0,37.098,-3.7294,9,8,18,1,4.6
35.0,54.4067,-161.5087,9,8,18,0,3.3
131.01,-24.794,-177.1847,9,8,18,1,4.5
10.0,-7.8346,120.4909,9,8,18,1,4.9
10.0,37.1267,-3.6589,8,8,18,1,4.9
10.0,51.8603,176.8919,8,8,18,0,3.4
16.48,18.1481666666667,-64.8353333333333,8,8,18,0,2.53
34.1,56.585,-153.987,7,8,18,0,2.9
40.602,-2.0424,133.5244,7,8,18,1,4.4
66.857,-18.2781,167.9852,7,8,18,1,4.4
26.104,51.671,-174.9696,7,8,18,0,2.7
17.389,10.6791,-67.0068,7,8,18,0,3.8
35.0,-5.5405,153.6293,6,8,18,1,4.8
35.0,-31.8623,-178.4306,6,8,18,1,4.6
378.555,-4.2521,125.9335,6,8,18,1,4.2
10.0,52.0168,176.3336,6,8,18,0,3.2
10.0,51.9067,176.9592,6,8,18,0,3.0
10.0,-0.5829,98.4357,6,8,18,1,5.6
36.501,13.9862,-91.9283,5,8,18,1,4.0
10.0,-8.037,120.8421,5,8,18,1,4.4
13.935,14.1612,-93.1159,5,8,18,1,4.3
10.0,14.1863,-93.1503,5,8,18,1,5.8
16.19,18.8298333333333,-64.6568333333333,4,8,18,0,2.98
10.0,-8.2893,121.254,4,8,18,1,4.1
10.0,51.3163,-174.2095,4,8,18,0,3.1
5.0,64.899,-169.554,4,8,18,0,2.7
15.6,50.378,-176.224,4,8,18,0,2.6
10.0,-7.7942,120.4234,4,8,18,1,4.5
10.0,51.849,176.9125,4,8,18,0,2.7
20.0,51.526,-173.413,3,8,18,0,2.6
5.0,34.5856,-106.9358,3,8,18,0,3.0
103.0,18.3641,-68.9501,3,8,18,0,3.87
35.0,54.4945,-160.1257,2,8,18,0,3.1
10.0,-8.143,120.2686,2,8,18,1,4.8
10.0,-1.5808,149.7809,2,8,18,1,4.2
3.3,68.025,-154.087,2,8,18,0,2.9
61.2,51.887,-173.039,2,8,18,0,2.5
10.0,-8.1625,119.9378,2,8,18,1,4.4
10.0,67.624,-146.865,1,8,18,0,3.0
45.06,19.417,-65.7171666666667,1,8,18,0,3.42
10.0,-8.1661,120.7019,1,8,18,1,4.3
576.635,-21.9188,-179.0344,1,8,18,1,4.8
153.77,-14.9241,167.2355,0,8,18,1,4.7
13.312,51.8224,177.0749,0,8,18,0,2.9
12.636,54.0145,-162.5526,0,8,18,0,2.8
10.0,-8.2912,120.3104,0,8,18,1,4.2
10.0,9.6599,138.2894,22,8,17,1,5.3
10.0,-8.2464,120.0616,22,8,17,1,4.4
10.0,-7.7278,120.039,22,8,17,1,4.2
10.0,53.423,-164.443,22,8,17,0,2.5
13.0,66.967,-146.648,22,8,17,0,3.0
10.0,-8.4601,121.3379,22,8,17,1,4.2
14.89,40.3405,-124.886833333333,22,8,17,0,3.0
85.946,46.4513,151.4834,21,8,17,1,5.1
10.0,-8.0325,120.1384,21,8,17,1,4.5
57.9,57.279,-154.894,20,8,17,1,4.5
10.0,-22.5639,-20.2946,20,8,17,1,4.6
10.0,77.5472,7.0817,19,8,17,1,4.9
5.0,34.6299,-106.946,19,8,17,0,2.8
23.0,19.3153333333333,-155.827333333333,19,8,17,1,4.06
10.0,9.6967,138.3349,18,8,17,1,4.9
59.3,59.716,-151.609,18,8,17,0,2.8
10.0,2.5086,95.6928,18,8,17,1,4.3
492.2,-7.029,117.182,18,8,17,1,4.6
12.82,17.9473333333333,-66.9606666666667,18,8,17,0,2.6
10.0,80.6261,121.2601,17,8,17,1,4.2
3.68,37.4473333333333,-118.832,17,8,17,0,2.53
194.053,-14.6214,167.3399,16,8,17,1,4.4
10.0,-8.1551,120.1127,16,8,17,1,4.3
10.0,1.9571,96.5215,16,8,17,1,4.2
10.0,-7.8322,120.2153,15,8,17,1,4.2
10.0,-7.7764,120.7217,14,8,17,1,4.2
10.0,-8.3779,121.334,14,8,17,1,4.4
10.0,-8.221,120.345,13,8,17,1,5.0
114.355,5.0231,126.229,13,8,17,1,4.4
5.0,37.5742,-104.8528,13,8,17,0,2.7
10.0,-8.1972,120.4892,12,8,17,1,5.0
10.0,-8.1397,120.5542,12,8,17,1,4.3
10.0,-7.9923,120.3696,12,8,17,1,4.9
66.746,52.9895,159.6941,12,8,17,1,5.8
10.0,-6.9781,121.7979,12,8,17,1,4.5
10.0,-7.7932,120.4687,12,8,17,1,4.1
10.0,-8.2054,119.7706,12,8,17,1,4.5
8.8,69.66,-145.377,12,8,17,0,3.6
6.8,34.5343333333333,-120.487,12,8,17,0,2.54
56.629,-55.8348,-27.0592,12,8,17,1,4.4
35.0,-6.3828,149.452,11,8,17,1,5.4
10.0,-7.7806,120.7043,11,8,17,1,4.8
10.0,-7.9023,120.4192,10,8,17,1,5.4
10.0,-7.8141,120.4341,10,8,17,1,5.3
4.81,34.5345,-120.475666666667,9,8,17,0,2.66
102.1,59.853,-152.817,9,8,17,0,2.9
10.0,-8.312,121.4184,9,8,17,1,5.0
10.0,-8.0573,121.3396,8,8,17,1,4.6
510.04,-23.8973,-179.6329,8,8,17,1,4.3
16.13,37.9513333333333,-121.996333333333,8,8,17,0,2.55
14.0,18.9161,-64.4056,8,8,17,0,3.76
243.248,-21.4258,-66.9375,7,8,17,1,4.4
370.544,34.9012,135.5619,7,8,17,1,4.5
12.843,-8.4033,121.1532,7,8,17,1,4.8
89.6,62.852,-149.615,7,8,17,0,3.0
10.0,-7.8305,120.6197,7,8,17,1,4.4
10.0,14.4156,147.0524,6,8,17,1,4.8
15.5,59.967,-150.871,6,8,17,0,2.5
203.242,-8.1991,122.1935,6,8,17,1,4.3
22.805,-10.5877,120.1059,6,8,17,1,4.4
10.0,-8.0275,120.169,5,8,17,1,4.6
177.216,-38.8924,175.3198,5,8,17,1,4.5
10.0,-8.3506,120.8038,5,8,17,1,4.3
34.9,59.604,-150.655,5,8,17,0,3.8
10.0,-7.78,120.4142,5,8,17,1,4.2
10.0,24.1109,125.3792,4,8,17,1,4.7
10.0,-8.2581,121.1401,3,8,17,1,5.1
10.0,-8.1503,121.2002,3,8,17,1,5.2
10.0,-8.0961,121.0365,3,8,17,1,4.9
17.088,-10.6193,120.2279,3,8,17,1,4.2
17.412,31.7019,131.9955,3,8,17,1,4.3
133.9,63.2,-150.679,3,8,17,0,3.1
10.0,-8.4889,121.5417,2,8,17,1,4.2
27.669,-7.7101,120.3668,2,8,17,1,4.7
94.3,60.901,-151.332,2,8,17,0,2.7
107.796,-31.2034,-68.4584,2,8,17,1,4.4
1.1,60.171,-143.311,2,8,17,0,3.5
36.12,18.709,-64.9165,2,8,17,0,3.14
10.0,-8.1929,121.5619,2,8,17,1,4.3
10.0,-7.8911,120.2837,1,8,17,1,4.3
10.0,-7.8899,120.4651,1,8,17,1,4.4
10.0,-7.7118,120.4085,1,8,17,1,4.6
18.0,18.7603,-64.9306,1,8,17,0,3.55
10.0,-7.8875,120.3644,1,8,17,1,4.5
10.0,-7.8539,120.4398,1,8,17,1,4.5
10.0,38.3281,69.5339,1,8,17,1,4.2
10.0,-8.3766,121.2645,1,8,17,1,4.7
9.265,-8.4957,120.5328,0,8,17,1,4.6
10.872,-7.7905,120.4738,0,8,17,1,4.5
16.235,-7.8033,120.3904,0,8,17,1,4.7
7.122,-8.2878,121.4763,0,8,17,1,5.5
35.0,-8.0332,120.1614,0,8,17,1,4.5
10.0,-23.2478,-174.2817,0,8,17,1,4.6
10.0,-8.1299,120.9653,0,8,17,1,4.2
114.6,61.119,-151.962,0,8,17,0,2.5
553.036,-17.7723,-178.615,0,8,17,1,5.0
10.0,-8.6061,120.716,23,8,16,1,4.2
10.0,-8.6328,120.9833,22,8,16,1,4.3
10.0,-6.6586,122.4951,22,8,16,0,3.9
10.0,44.3908,33.1624,22,8,16,1,4.1
36.565,-2.6124,138.9837,22,8,16,1,4.4
10.0,-6.616,122.8873,21,8,16,1,4.5
10.0,-8.1548,120.5274,21,8,16,1,4.4
49.009,13.726,-92.9387,21,8,16,1,4.0
10.0,33.4995,130.1715,21,8,16,1,4.0
166.68,-7.0957,129.5388,21,8,16,1,4.4
174.627,-24.352,-67.284,21,8,16,1,4.5
5.59,34.0115,-117.589,20,8,16,0,2.78
23.74,18.3508333333333,-67.3435,20,8,16,0,2.65
21.7,40.4941666666667,-124.817166666667,20,8,16,0,2.53
10.0,-22.5694,-20.2172,19,8,16,1,4.5
10.0,-8.1314,120.5257,19,8,16,1,4.6
29.89,18.2135,-64.5618333333333,18,8,16,0,3.2
10.0,40.405,-125.106333333333,17,8,16,0,2.65
10.237,-7.9178,120.4492,17,8,16,1,4.9
10.0,-22.5225,-20.2621,17,8,16,1,4.9
10.0,14.2635,-93.1407,17,8,16,1,4.2
10.0,-32.733,-72.0386,16,8,16,1,4.5
200.516,-23.8787,-66.6232,16,8,16,1,4.6
15.565,-32.7212,-72.0102,16,8,16,1,4.8
10.0,-7.8815,120.394,15,8,16,1,4.4
10.0,14.1201,-93.1987,15,8,16,1,5.3
10.0,-8.1655,120.2041,15,8,16,1,4.2
5.0,37.7243,-104.84,15,8,16,0,2.5
41.14,20.2526666666667,-155.675,15,8,16,0,3.03
316.823,45.7459,142.4257,15,8,16,1,4.0
10.0,-7.935,120.7818,15,8,16,1,4.5
6.96,18.1488333333333,-67.3213333333333,15,8,16,0,3.05
24.45,19.002,-66.7815,15,8,16,0,3.14
7.4,18.147,-67.3278333333333,14,8,16,0,3.16
5.0,61.2116,-139.1253,14,8,16,0,2.6
10.0,-8.0732,121.2324,14,8,16,1,4.3
10.0,-7.9323,120.5649,13,8,16,1,5.0
10.0,-8.4004,119.8489,13,8,16,1,4.2
10.0,-27.7603,-176.1623,13,8,16,1,4.5
5.8,60.908,-150.766,12,8,16,0,3.1
10.0,-7.5636,120.5397,12,8,16,1,4.5
132.1,63.199,-150.646,12,8,16,0,2.8
10.0,-7.8376,120.2645,11,8,16,1,4.6
112.806,-12.9677,166.6591,11,8,16,1,4.4
10.0,-7.7087,120.9034,11,8,16,1,4.9
137.2,-5.6736,146.7605,10,8,16,1,5.5
2.4,65.691,-154.795,10,8,16,0,3.3
10.0,-8.1737,120.3755,10,8,16,1,4.6
10.0,-7.8539,120.5848,10,8,16,1,5.2
10.0,-8.2124,120.0779,10,8,16,1,4.3
10.0,-7.9137,120.7027,10,8,16,1,4.5
10.0,-7.9467,120.6027,10,8,16,1,5.3
10.0,39.8141,-29.686,10,8,16,1,4.3
6.863,31.1002,-109.2357,9,8,16,1,4.0
10.0,-8.1572,120.6888,9,8,16,1,4.3
37.605,44.1294,148.4048,9,8,16,1,4.1
10.0,-7.9285,120.6814,9,8,16,1,4.3
118.666,9.4733,125.8651,9,8,16,1,4.1
9.504,-8.5444,120.5942,8,8,16,1,4.3
9.204,-7.892,120.4266,8,8,16,1,4.5
25.145,-7.9661,120.4005,8,8,16,1,4.6
10.0,51.4136,160.0108,8,8,16,1,4.2
73.2,57.238,-155.568,8,8,16,0,3.1
24.864,-7.8633,120.9924,8,8,16,1,4.4
134.345,-5.5803,146.3435,8,8,16,1,4.7
11.176,51.7278,-179.112,8,8,16,0,2.5
42.1,55.581,-158.501,8,8,16,0,3.5
130.0,63.109,-150.858,7,8,16,0,2.7
101.559,-57.4792,-26.1149,7,8,16,1,4.3
8.996,-8.2041,121.2981,7,8,16,1,4.4
10.617,-7.9538,120.8308,7,8,16,1,4.6
10.0,-19.4532,-173.5438,7,8,16,1,4.6
16.548,-7.9792,120.3125,7,8,16,1,4.1
32.686,-7.8563,120.5405,7,8,16,1,4.5
10.0,-8.2729,120.286,6,8,16,1,4.1
11.509,-7.8982,120.5537,6,8,16,1,5.5
2.67,36.0678333333333,-117.841833333333,6,8,16,0,2.75
7.01,35.4388333333333,-120.721166666667,6,8,16,0,2.53
13.787,-8.1905,121.284,6,8,16,1,4.4
36.184,-7.8959,120.9856,6,8,16,1,4.5
19.9,53.087,-166.628,6,8,16,0,2.6
12.56,-7.7845,121.167,6,8,16,1,4.3
96.598,-6.313,146.7206,5,8,16,1,4.2
10.0,56.206,-149.7201,5,8,16,0,2.8
26.535,-7.8472,120.5092,5,8,16,1,4.3
38.2,61.367,-150.042,5,8,16,0,2.5
10.0,-8.2128,122.3738,5,8,16,1,4.2
6.0999,31.672,-104.492,4,8,16,0,2.6
35.0,31.8382,132.0885,4,8,16,1,4.5
4.693,43.5252,-110.7788,4,8,16,0,2.6
10.0,-7.8533,120.5547,4,8,16,1,4.1
10.0,44.0789,10.0381,3,8,16,1,4.1
10.0,-8.4498,121.4451,3,8,16,1,4.9
10.0,51.5182,160.0087,3,8,16,1,4.5
186.573,-14.5653,167.2418,3,8,16,2,6.1
5.163,54.2223,-161.4693,3,8,16,0,2.6
35.0,54.0905,-163.3304,3,8,16,0,2.6
10.0,-8.1028,119.9419,3,8,16,1,4.3
86.222,51.8102,-174.275,2,8,16,0,3.1
10.0,-7.8911,120.4723,2,8,16,1,4.3
11.19,17.9698333333333,-66.9438333333333,1,8,16,0,2.68
10.0,-8.6356,120.3457,1,8,16,1,4.2
13.55,17.953,-66.9413333333333,1,8,16,0,2.85
10.0,-7.8595,120.626,1,8,16,1,4.4
23.289,51.392,-176.4225,1,8,16,0,3.4
10.0,-7.3112,121.3986,1,8,16,1,4.1
10.0,40.405,-125.174,1,8,16,0,2.73
10.0,-8.3148,120.8214,1,8,16,1,4.2
10.0,5.8945,126.4545,1,8,16,1,4.4
7.98,19.4298333333333,-155.353166666667,0,8,16,0,3.01
23.6,53.619,-163.814,0,8,16,0,2.6
148.143,6.8539,-73.0352,0,8,16,1,4.2
10.0,50.7826,-173.909,23,8,15,0,2.6
10.0,-7.8409,120.5245,23,8,15,1,5.0
599.774,-24.1392,179.9714,22,8,15,1,4.3
10.0,51.9833,176.3851,22,8,15,0,3.3
10.0,9.6487,138.2902,22,8,15,1,5.4
68.022,13.763,-90.7297,22,8,15,1,4.3
49.0,60.964,-150.272,22,8,15,0,3.4
30.64,19.3421666666667,-155.275,22,8,15,0,3.73
95.912,5.1362,126.031,22,8,15,1,4.4
22.6,53.012,-166.899,21,8,15,0,2.5
10.0,-7.7889,120.5243,21,8,15,1,4.6
10.0,-8.2435,120.6117,20,8,15,1,4.4
15.605,-8.3601,120.6204,20,8,15,1,4.4
32.698,-5.7543,-81.0877,20,8,15,1,4.3
154.923,52.9132,-169.8699,20,8,15,0,3.3
73.851,-28.2074,-70.8748,19,8,15,1,4.3
54.893,23.4611,142.8351,19,8,15,1,5.6
10.0,-8.117,121.0672,19,8,15,1,4.3
10.0,-8.2481,120.3302,19,8,15,1,4.1
8.06,19.182,-65.347,19,8,15,0,3.43
10.0,13.9688,-93.0218,19,8,15,1,4.2
10.0,-8.1881,120.5675,18,8,15,1,4.4
34.376,51.4042,178.7957,18,8,15,0,2.6
10.0,-8.3082,120.6811,18,8,15,1,4.5
3.1982,31.669,-101.997,18,8,15,0,2.5
10.0,-7.9784,120.518,18,8,15,1,4.3
10.0,-7.744,120.7193,17,8,15,1,4.7
10.0,-7.9293,120.356,17,8,15,1,4.7
10.0,51.4866,160.018,17,8,15,1,4.6
10.0,-8.3971,121.4515,17,8,15,1,4.5
10.0,56.669,-148.6888,17,8,15,0,2.7
36.3,19.521,-156.402666666667,17,8,15,0,3.42
10.0,52.9417,-163.7693,17,8,15,0,3.0
6.808,-7.8008,120.6027,16,8,15,1,4.5
105.006,38.6647,73.7116,16,8,15,1,4.0
10.0,-8.0923,120.0654,16,8,15,1,4.3
84.61,0.1795,120.2829,16,8,15,1,5.7
10.0,67.902,-155.592,16,8,15,0,2.7
10.0,54.2703,-159.6861,16,8,15,0,3.3
10.0,-8.4653,120.738,16,8,15,1,4.2
10.0,-7.7994,120.8315,16,8,15,1,4.2
10.465,-8.2072,121.3693,15,8,15,1,4.9
35.0,51.6516,-175.1886,15,8,15,0,2.5
603.093,-21.8882,-179.5496,15,8,15,1,4.3
10.0,-7.5091,120.7293,15,8,15,1,4.3
35.0,52.0115,-170.7234,14,8,15,0,2.9
10.4,50.828,-179.641,14,8,15,0,2.7
31.31,19.1436666666667,-155.489166666667,14,8,15,0,2.91
10.0,50.8334,-179.6601,14,8,15,0,2.8
1.294,53.3946,-166.9687,14,8,15,0,2.7
10.0,-8.3794,119.9036,14,8,15,1,4.6
10.0,23.7994,126.1622,14,8,15,1,4.4
10.0,-8.2642,121.1151,14,8,15,1,4.9
171.398,-6.5656,129.8692,13,8,15,1,4.5
74.266,53.7273,-166.1844,13,8,15,0,2.6
10.0,13.9346,-93.1287,13,8,15,1,4.2
39.838,-8.3434,121.2985,12,8,15,1,4.0
186.577,-5.5419,150.5938,12,8,15,1,4.0
16.658,-8.2578,121.2937,12,8,15,1,5.1
31.4,19.1675,-155.513833333333,12,8,15,0,2.8
32.307,-8.1638,121.531,11,8,15,1,4.3
115.942,-21.4582,-68.7314,11,8,15,1,4.3
65.242,24.486,122.2948,11,8,15,1,4.9
35.898,-8.1454,120.8745,11,8,15,1,4.6
10.0,17.7294,147.6888,11,8,15,1,4.6
112.102,-4.4905,144.0023,11,8,15,1,5.3
175.0,2.9863,98.9853,10,8,15,2,6.9
15.662,40.4913,-126.1152,10,8,15,0,2.5
9.984,-8.3094,121.2976,10,8,15,1,4.1
25.42,-8.2301,120.3163,10,8,15,1,4.5
35.0,-8.2588,120.3528,10,8,15,1,5.0
10.0,37.7558,15.2422,10,8,15,0,3.6
10.0,19.4871,-64.3383,10,8,15,0,3.54
35.0,-8.044,121.0273,10,8,15,1,4.6
275.112,-0.1836,122.0143,9,8,15,1,4.6
4.078,-8.1726,120.0761,9,8,15,1,4.5
34.484,-8.2796,121.5159,9,8,15,1,4.9
25.082,-8.1093,120.5621,9,8,15,1,4.6
10.0,52.235,-171.5913,9,8,15,0,2.9
16.0,19.3001,-64.8128,8,8,15,0,3.52
22.225,-57.8208,-24.86,8,8,15,1,4.3
10.0,-8.1244,120.0515,8,8,15,1,4.4
103.27,18.2571666666667,-67.2963333333333,7,8,15,0,3.24
10.0,-8.0652,120.8009,7,8,15,1,5.2
10.0,-8.2936,121.4196,7,8,15,1,4.4
55.0,18.7686,-64.5435,7,8,15,0,3.72
10.0,24.8209,127.8065,6,8,15,1,4.4
10.0,-8.0965,121.1914,6,8,15,1,4.0
10.0,-8.1452,120.7061,6,8,15,1,4.7
31.81,19.0461666666667,-155.379,6,8,15,0,3.05
10.0,-7.864,120.7963,6,8,15,1,4.3
10.0,-28.8759,-175.9126,6,8,15,1,4.6
10.0,-28.6027,-176.2842,6,8,15,1,4.4
10.0,-8.2884,121.3891,6,8,15,1,5.1
10.0,-8.0342,120.6868,6,8,15,1,4.2
10.0,-8.1957,120.2643,6,8,15,1,4.3
21.73,19.4531666666667,-155.241,6,8,15,0,2.58
10.0,-8.5969,120.8141,6,8,15,1,4.1
26.9,61.628,-149.83,6,8,15,0,2.7
10.0,51.0036,-171.2229,5,8,15,0,2.9
10.0,-8.4028,121.2455,5,8,15,1,5.0
28.483,35.7424,27.7494,5,8,15,1,4.1
10.0,-7.9533,120.6324,5,8,15,1,4.3
10.0,-8.296,121.4947,4,8,15,1,4.4
10.0,-8.0492,120.5607,4,8,15,1,4.4
543.145,-20.4734,-177.8551,4,8,15,1,4.5
18.72,18.4913333333333,-64.7925,4,8,15,0,2.74
10.0,-8.2438,121.3052,4,8,15,1,4.4
22.4,52.275,-169.492,4,8,15,0,2.7
10.0,-8.3858,121.401,4,8,15,1,4.5
10.0,-8.2728,121.2569,4,8,15,1,4.5
35.0,51.5892,-173.5829,4,8,15,0,2.6
67.443,28.3581,63.6131,4,8,15,1,4.3
40.9,51.259,178.794,3,8,15,0,2.6
10.0,-8.2853,121.3868,3,8,15,1,5.0
10.0,-7.7914,120.9804,3,8,15,1,4.2
35.0,15.0868,-93.8535,3,8,15,1,4.4
10.0,-8.2245,120.2411,3,8,15,1,4.4
10.0,-8.047,120.6868,3,8,15,1,4.7
10.0,-8.0252,120.5166,3,8,15,1,4.4
10.0,-8.1906,120.2703,3,8,15,1,4.4
10.0,5.2669,125.3107,2,8,15,1,4.5
10.0,-8.2508,121.3662,2,8,15,1,4.8
10.0,-8.1114,121.0438,2,8,15,1,4.5
99.588,-5.4262,146.2967,2,8,15,1,4.2
10.0,-8.2055,121.4587,2,8,15,1,4.8
10.0,-8.2552,121.3043,2,8,15,1,4.6
10.0,-8.3207,120.6961,2,8,15,1,4.6
10.0,-8.1465,121.1965,2,8,15,1,4.4
10.0,-8.0792,120.8299,1,8,15,1,4.5
10.0,-8.0375,120.4362,1,8,15,1,4.8
10.0,-7.9609,120.6873,1,8,15,1,5.1
57.734,37.1349,141.1335,1,8,15,1,4.7
14.11,31.5035,-116.933166666667,1,8,15,0,3.25
10.0,-8.3179,121.1585,1,8,15,1,4.0
10.0,-8.2413,121.5012,0,8,15,1,4.7
72.462,50.3726,156.5089,0,8,15,1,5.5
10.0,-8.2408,121.39,0,8,15,1,5.1
10.0,-62.754,165.5921,0,8,15,1,5.3
10.0,-8.1341,121.0087,0,8,15,1,4.6
10.0,-8.1005,121.0641,0,8,15,1,4.4
10.0,-7.7279,121.4476,0,8,15,1,4.6
14.3,51.267,-176.18,0,8,15,0,2.6
10.0,-8.2072,121.2837,0,8,15,1,4.6
10.0,-8.2418,121.2801,0,8,15,1,4.7
10.0,-8.0342,120.4333,23,8,14,1,4.9
10.0,-7.9586,120.7384,23,8,14,1,4.9
10.0,-8.1746,121.5449,23,8,14,1,4.8
10.0,-8.1584,121.4006,23,8,14,1,4.5
35.0,4.9871,125.2993,23,8,14,1,4.5
5.5359,31.213,-103.388,23,8,14,0,2.8
10.0,-8.1948,121.4495,23,8,14,1,4.4
10.0,-8.2968,121.2563,23,8,14,1,4.4
10.0,-8.0677,120.222,23,8,14,1,4.4
44.2,57.837,-152.83,23,8,14,0,2.8
10.0,-8.3398,121.3807,23,8,14,1,5.0
10.0,-8.1278,120.4122,23,8,14,1,4.9
10.0,-8.0226,120.5519,23,8,14,1,5.1
10.0,-4.9189,-11.9442,23,8,14,1,4.9
10.0,37.136,-3.6964,23,8,14,1,5.2
126.386,-21.2711,170.0474,23,8,14,1,4.7
10.0,-8.2459,120.8687,23,8,14,1,4.7
10.0,-8.1589,120.2905,22,8,14,1,4.7
35.0,54.4839,-161.7135,22,8,14,0,3.4
10.0,56.4038,-149.4568,22,8,14,0,2.6
10.0,-8.0924,120.2652,22,8,14,1,5.3
10.0,-8.1448,120.5797,22,8,14,1,4.4
10.0,-8.274,119.7688,22,8,14,1,4.6
10.0,-8.2816,120.0343,22,8,14,1,5.5
10.0,-8.1382,120.1118,22,8,14,1,4.6
20.0,50.819,-174.023,22,8,14,0,3.1
37.9,60.743,-150.04,22,8,14,0,3.0
10.0,-8.2904,121.5625,22,8,14,2,6.1
10.0,-8.1366,120.5824,22,8,14,1,5.0
10.0,-8.3144,121.3409,22,8,14,1,5.1
10.0,-8.4444,121.4566,22,8,14,1,5.6
10.0,-8.3292,121.2044,22,8,14,1,5.4
10.0,-8.4867,121.0158,22,8,14,1,5.5
10.0,-8.2393,120.1488,22,8,14,1,5.9
10.0,-8.229,121.308,22,8,14,1,5.8
10.0,-8.3514,121.3478,21,8,14,2,7.8
10.0,12.2266,144.5454,21,8,14,1,4.4
35.0,52.2835,-169.5311,20,8,14,0,2.9
67.7,61.936,-151.014,20,8,14,0,3.1
2.44,37.4481666666667,-118.839666666667,20,8,14,0,3.29
57.801,-10.4581,161.8099,20,8,14,1,4.7
10.0,-1.083,-16.0236,20,8,14,1,4.7
10.0,51.7766,-167.2597,19,8,14,0,2.7
10.0,56.6439,-148.2272,19,8,14,0,2.6
71.7,59.619,-152.181,18,8,14,0,2.6
10.0,-58.4124,-22.8917,18,8,14,1,4.3
339.954,-12.2372,167.4585,18,8,14,1,4.5
5.0,62.261,-152.333,18,8,14,0,2.6
10.0,4.2157,127.9636,18,8,14,1,4.7
73.97,18.4435,-64.1005,17,8,14,0,3.03
10.0,14.1325,-93.1385,17,8,14,1,4.3
35.0,51.3245,158.9924,17,8,14,1,4.4
10.0,56.2171,-150.3029,17,8,14,0,2.7
10.0,41.1261,48.7607,16,8,14,1,4.9
118.541,32.7831,140.0711,16,8,14,1,4.3
67.1,60.217,-150.924,16,8,14,0,2.5
10.0,39.5927,20.6464,16,8,14,1,4.1
10.0,54.5751,-160.2211,16,8,14,0,2.9
10.0,51.6271,-173.514,15,8,14,0,2.8
26.6,55.146,-159.484,14,8,14,0,2.5
62.002,51.5774,-176.5746,14,8,14,0,2.6
184.16,51.6315,-175.5416,13,8,14,0,2.6
35.0,40.257,142.826,13,8,14,1,4.4
102.747,51.74,-179.5854,13,8,14,0,3.2
6.19,34.5378333333333,-120.5,12,8,14,0,2.53
5.0,17.4113,-68.0401,12,8,14,0,3.74
10.63,40.2815,-124.283166666667,12,8,14,0,2.57
31.4200000762939,20.0201663970947,-155.795166015625,11,8,14,0,2.5
147.869,47.3566,151.8933,10,8,14,1,4.1
32.686,33.6182,141.5926,9,8,14,1,4.7
35.0,53.7496,-164.5888,9,8,14,0,2.8
28.0100002288818,19.1665000915527,-155.354339599609,9,8,14,0,2.51
126.377,3.9418,127.8744,9,8,14,1,4.1
10.0,36.0425,58.3779,8,8,14,1,4.2
70.7,60.708,-151.15,8,8,14,0,2.6
109.73,18.2088333333333,-67.1953333333333,8,8,14,0,3.14
149.771,6.1482,125.9103,7,8,14,1,4.4
10.996,43.926,30.9373,7,8,14,1,4.2
16.3,51.197,-179.26,7,8,14,0,2.7
20.5,51.092,-178.848,6,8,14,0,2.8
33.3,52.761,-168.257,5,8,14,0,2.6
506.542,27.6768,139.6903,4,8,14,1,4.8
20.0,51.685,-170.302,3,8,14,0,2.9
43.428,38.8592,70.333,3,8,14,1,4.8
96.66,4.9268,-76.414,3,8,14,1,4.3
10.0,53.3866,-166.9823,3,8,14,0,3.5
3.85,31.435,-115.3415,2,8,14,0,2.73
10.0,-1.0067,98.003,2,8,14,1,4.3
6.486,52.0167,176.3587,1,8,14,0,3.3
60.475,5.4319,125.1343,1,8,14,1,4.9
10.0,-24.9512,-175.1839,0,8,14,1,4.6
35.0,52.8774,-167.484,23,8,13,0,3.2
5.0,46.4677,-103.303,23,8,13,0,2.6
7.4418,28.815,-98.987,23,8,13,0,2.5
7.0,34.6805,-95.984,23,8,13,0,2.67
109.162,36.9775,71.068,23,8,13,1,4.3
113.5,51.728,-175.286,21,8,13,0,2.5
10.0,32.5666,48.1175,21,8,13,1,4.5
31.945,54.5256,-161.6191,20,8,13,0,2.6
10.9,65.428,-172.639,20,8,13,0,3.6
31.79,19.1478333333333,-155.499166666667,20,8,13,0,3.1
285.87,35.2261,137.2223,19,8,13,1,4.4
104.0,18.2241,-67.6655,19,8,13,0,3.56
11.2,50.977,-179.76,19,8,13,0,2.5
10.0,37.3638,-2.0107,18,8,13,0,3.0
55.266,5.2976,125.4298,18,8,13,1,5.3
595.797,-17.9047,-178.4925,18,8,13,1,4.3
37.39,52.2737,160.3897,17,8,13,1,4.1
10.0,52.1487,160.3453,17,8,13,1,4.2
10.0,-56.926,147.3485,17,8,13,1,5.1
20.12,18.1223333333333,-67.0443333333333,17,8,13,0,2.81
192.471,51.8842,-174.4147,16,8,13,0,2.9
10.0,-28.4874,-176.5606,16,8,13,1,4.6
10.0,-28.7929,-176.3328,16,8,13,1,5.6
5.5,37.7568333333333,-122.149,16,8,13,0,2.83
7.8,51.97,-169.133,16,8,13,0,2.5
5.55,37.7551666666667,-122.150166666667,15,8,13,0,3.84
42.643,51.6275,-173.3748,15,8,13,0,3.7
22.5,51.062,-178.981,15,8,13,0,2.5
103.362,4.8948,-76.2213,14,8,13,1,4.3
562.507,-17.6351,-178.7251,14,8,13,1,4.2
10.0,0.8256,96.9132,14,8,13,1,4.3
30.27,20.1066666666667,-156.371,13,8,13,0,2.85
49.335,11.8273,125.5375,13,8,13,1,4.5
33.938,-2.8617,138.8726,13,8,13,1,4.5
443.445,-6.2392,126.7308,12,8,13,1,4.2
135.608,-4.4504,143.8716,12,8,13,1,4.6
186.898,51.8674,-179.3197,11,8,13,0,2.9
3.71,38.5138333333333,-112.885666666667,10,8,13,0,2.56
35.0,-6.4419,154.8978,10,8,13,1,4.3
142.427,-8.3804,114.2559,10,8,13,1,4.6
12.6,50.95,178.021,10,8,13,0,2.8
10.0,54.3291,-161.6461,10,8,13,0,2.6
11.3,52.358,-169.823,9,8,13,0,2.6
7.82,32.913,-116.249666666667,9,8,13,0,2.63
92.638,6.2419,125.8478,9,8,13,1,5.1
102.79,51.7632,178.2753,8,8,13,0,2.9
8.8043,31.614,-103.967,8,8,13,0,2.9
35.0,52.355,-169.4925,7,8,13,0,2.7
79.028,51.5042,-179.6982,7,8,13,0,3.4
36.4,58.801,-141.523,7,8,13,0,2.8
39.155,48.7896,155.449,7,8,13,1,4.5
8.374,31.845,-101.71,6,8,13,0,2.6
44.252,-55.8521,-26.9773,5,8,13,1,4.3
55.826,18.7881,-103.9941,5,8,13,1,4.4
10.0,-6.6192,127.2509,4,8,13,1,4.1
65.486,36.8097,74.316,4,8,13,1,4.3
110.18,18.3075,-68.2221666666667,3,8,13,0,3.38
10.0,73.5549,8.2796,2,8,13,1,4.4
10.0,35.383,39.8074,2,8,13,1,4.1
10.0,51.8591,176.3231,1,8,13,0,3.4
88.64,-32.101,-71.0919,1,8,13,1,4.2
10.73,17.9826666666667,-66.9413333333333,1,8,13,0,2.56
9.393,54.2069,-162.395,1,8,13,0,2.5
61.667,36.7533,74.3988,0,8,13,1,5.1
10.0,73.5405,8.6104,0,8,13,1,4.7
72.744,12.7675,-88.156,0,8,13,1,5.5
8.4,40.0303333333333,-123.455333333333,23,8,12,0,2.72
10.0,-25.5322,-174.8004,22,8,12,1,4.4
583.894,-17.8141,-178.57,22,8,12,1,5.1
9.4,55.96,-159.756,21,8,12,0,2.7
10.0,35.3321,99.3974,21,8,12,1,4.0
10.0,-0.1138,-17.8704,21,8,12,1,4.4
10.0,20.4747,122.2673,21,8,12,1,4.7
10.0,32.4212,130.4542,21,8,12,1,4.4
164.349,53.4293,177.0039,21,8,12,0,3.3
35.0,-23.4279,-175.5943,20,8,12,1,4.6
4.22,34.3845,-118.628666666667,20,8,12,0,2.63
10.0,-4.7288,133.7719,20,8,12,1,4.3
35.0,54.5358,-159.9031,20,8,12,0,3.6
28.736,21.9698,120.6033,19,8,12,1,4.3
193.912,-6.5645,129.4623,18,8,12,1,4.4
32.09,51.6636,-173.5285,18,8,12,0,2.8
158.328,-17.3518,-69.7203,18,8,12,1,4.2
35.0,54.2781,-160.5564,17,8,12,0,3.1
558.591,-20.9354,-178.4803,16,8,12,1,4.0
35.0,53.0134,-166.836,15,8,12,0,2.8
35.12,18.9548333333333,-66.8641666666667,15,8,12,0,3.04
5.0,57.839,-152.539,15,8,12,0,3.0
10.89,18.8871666666667,-155.154333333333,14,8,12,0,3.22
10.0,-21.828,169.5841,13,8,12,1,4.2
82.29,18.614,-67.2101666666667,12,8,12,0,2.82
542.163,-23.5388,-179.7338,12,8,12,1,4.3
35.0,14.2957,-93.0213,12,8,12,1,4.1
10.0,56.1404,163.3917,12,8,12,1,4.2
35.0,14.0103,-92.2704,11,8,12,1,4.6
12.26,18.119,-64.752,11,8,12,0,3.04
12.999,-60.292,-28.9014,11,8,12,1,5.3
10.0,-60.2463,-29.03,11,8,12,2,6.0
143.607,36.3843,70.9096,11,8,12,1,4.2
35.0,29.0825,130.2216,11,8,12,1,4.4
159.257,46.0764,149.8439,10,8,12,1,4.4
214.896,-6.6773,129.3328,10,8,12,1,4.1
2.89000010490417,38.8121681213379,-122.808166503906,10,8,12,0,3.22
2.78999996185303,38.813835144043,-122.806335449219,10,8,12,0,3.2
10.0,-2.7965,127.8827,10,8,12,1,4.6
236.122,36.6841,70.8776,9,8,12,1,4.0
15.02,40.354,-124.850166666667,8,8,12,0,2.54
13.99,18.204,-64.765,8,8,12,0,2.61
99.27,10.686,-62.5732,8,8,12,1,4.5
10.08,18.879,-155.160333333333,7,8,12,0,2.79
10.0,42.0054,75.3543,7,8,12,1,5.0
10.0,-18.1913,-69.4595,7,8,12,1,4.6
2.8,33.8333333333333,-117.661833333333,6,8,12,0,3.04
15.31,44.2718,-115.2249,6,8,12,0,2.8
76.732,52.928,159.2457,5,8,12,1,4.1
25.9,18.2653333333333,-64.1811666666667,5,8,12,0,3.43
10.0,-55.8881,-143.5487,5,8,12,1,5.1
41.64,18.6291666666667,-64.9201666666667,4,8,12,0,3.36
10.9858,38.1362,-117.977,4,8,12,0,2.62
10.0,32.4809,130.5284,4,8,12,1,4.9
10.73,18.879,-155.233333333333,3,8,12,1,5.2
10.0,51.5581,15.9241,3,8,12,1,4.3
150.425,6.0616,126.1344,3,8,12,1,4.5
13.09,18.8843333333333,-155.2425,3,8,12,0,3.25
13.062,52.0143,176.3532,3,8,12,0,3.2
10.0,14.0256,-92.9575,2,8,12,1,4.1
89.052,51.9884,-173.5173,2,8,12,0,2.9
8.0,18.8553,-64.542,1,8,12,0,3.65
9.45,18.872,-64.5163333333333,1,8,12,0,3.28
7.1,19.044,-66.1133333333333,1,8,12,0,3.11
10.0,28.1264,51.8036,1,8,12,1,4.2
206.574,36.6354,71.0155,0,8,12,1,4.0
40.272,11.7562,-87.2721,23,8,11,1,4.4
22.114,-3.9425,139.8821,23,8,11,1,4.7
10.0,7.1554,127.4354,23,8,11,1,4.3
10.0,51.0451,160.161,23,8,11,1,4.2
116.733,6.2416,-73.7019,22,8,11,1,4.5
10.0,29.246,141.9714,22,8,11,1,4.2
147.2,60.105,-153.257,22,8,11,0,3.9
68.868,41.6137,142.1225,21,8,11,1,4.8
44.491,32.4227,69.7503,21,8,11,1,4.6
2.45000004768372,38.8261680603027,-122.803337097168,21,8,11,0,2.76
2.75999999046326,38.8261680603027,-122.804832458496,21,8,11,0,2.99
35.0,51.9789,-170.5175,21,8,11,0,3.0
10.0,12.2597,-86.9442,21,8,11,1,4.2
10.0,51.9186,-170.4565,20,8,11,0,3.3
53.612,2.717,126.4972,20,8,11,1,4.5
40.686,51.8195,-170.4011,20,8,11,1,4.2
2.18,33.185,-115.610666666667,20,8,11,0,2.92
71.07,-4.6393,152.9244,20,8,11,1,5.0
10.0,1.67,128.3815,20,8,11,1,5.0
110.71,10.5368,93.5204,19,8,11,1,4.8
237.377,-21.707,-67.0402,19,8,11,1,4.3
198.445,-14.4729,167.2379,19,8,11,1,4.3
30.309,-18.9346,-173.0442,18,8,11,1,4.5
10.0,-31.5493,126.5777,18,8,11,1,4.6
10.0,-0.981,-80.8897,18,8,11,1,4.0
139.851,45.5724,26.1037,17,8,11,1,4.6
35.0,53.6494,-164.7696,17,8,11,0,2.5
10.0,-7.5839,144.9098,17,8,11,1,5.0
10.0,-11.1324,117.4388,16,8,11,1,4.1
11.81,46.3901666666667,-120.609,16,8,11,0,3.09
10.0,6.6418,122.587,15,8,11,1,4.4
10.0,62.109,-150.626,15,8,11,0,2.5
101.646,4.9121,-76.33,15,8,11,1,4.1
10.0,14.8137,108.2634,15,8,11,1,4.2
43.6,57.256,-154.773,14,8,11,0,3.2
15.0,18.837,-155.205833333333,14,8,11,0,3.13
11.66,18.8653333333333,-155.217833333333,13,8,11,0,3.32
10.0,84.6346,2.3728,13,8,11,1,4.3
11.69,18.8668333333333,-155.2155,13,8,11,0,3.29
10.0,-17.3731,166.9818,13,8,11,1,4.6
25.225,16.867,147.2534,13,8,11,1,4.3
35.394,-7.3832,130.3661,12,8,11,1,4.8
16.179,52.6934,-166.6663,12,8,11,0,3.0
176.939,49.2536,153.3062,12,8,11,1,4.5
0.509999990463257,36.5691680908203,-121.175003051758,12,8,11,0,2.66
70.024,4.6176,126.2003,11,8,11,1,4.3
44.056,-10.1285,160.8446,11,8,11,1,4.2
173.163,-6.708,129.7128,10,8,11,1,4.6
2.82,36.5701666666667,-121.193833333333,10,8,11,0,2.57
4.62,36.5778333333333,-121.182333333333,10,8,11,0,3.94
10.0,52.0441,176.4039,9,8,11,0,2.7
37.696,54.5258,-160.0512,9,8,11,1,4.4
35.0,52.7083,172.7569,9,8,11,0,3.9
35.0,54.3934,-160.0025,9,8,11,0,2.6
36.796,54.524,-160.0329,8,8,11,1,4.8
106.742,42.7368,144.3005,8,8,11,1,4.1
38.255,-5.8863,-81.0312,8,8,11,1,4.6
-1.73,41.56,-109.886,8,8,11,0,3.29
151.83,52.1857,-175.6331,7,8,11,0,3.3
10.0,50.3205,176.6082,7,8,11,0,3.0
10.0,51.9208,176.2812,6,8,11,0,2.7
10.0,-37.9805,176.707,6,8,11,1,4.3
35.72,18.456,-64.7508333333333,6,8,11,0,3.07
59.842,51.6862,-173.7138,5,8,11,0,3.8
37.2,39.9998333333333,-122.291666666667,4,8,11,0,2.54
127.2,63.023,-150.87,4,8,11,0,2.5
102.283,18.4182,-69.0524,3,8,11,0,2.9
530.627,-23.7103,-179.7728,3,8,11,1,4.6
10.0,28.4363,104.6633,2,8,11,1,4.3
10.0,-54.3502,-135.9605,2,8,11,1,4.7
8.98,52.1033,176.4057,2,8,11,0,2.5
10.0,-23.3863,-176.0151,2,8,11,1,4.7
44.481,51.7065,-173.4284,2,8,11,0,3.7
10.0,52.0065,176.3565,1,8,11,0,3.4
62.333,-4.4737,102.5298,1,8,11,1,4.7
10.0,1.8108,127.5413,23,8,10,1,4.4
162.131,-5.7316,148.0442,23,8,10,1,4.2
73.203,51.8394,176.2677,23,8,10,0,3.1
35.0,31.027,131.4736,22,8,10,1,4.3
36.51,52.5331,-167.0205,22,8,10,0,2.6
54.72,14.094,-92.9593,22,8,10,1,4.1
45.44,28.6412,104.6812,21,8,10,1,4.5
44.12,40.862,142.4602,21,8,10,1,4.2
10.0,8.4074,-85.5543,20,8,10,1,4.9
35.0,44.2476,149.1419,20,8,10,1,4.1
5.2,59.962,-149.232,20,8,10,0,2.5
10.0,28.5462,104.6536,18,8,10,1,4.6
7.83,40.029,-123.456166666667,18,8,10,0,2.62
10.0,50.1582,177.4818,18,8,10,0,3.6
35.0,51.87,-172.2828,18,8,10,0,3.3
196.995,53.1798,-171.0535,18,8,10,0,2.9
10.222,32.4311,130.3691,17,8,10,1,4.1
71.3,56.954,-156.379,17,8,10,0,2.5
10.0,51.8009,176.2724,17,8,10,0,2.8
18.046,-5.9436,102.3524,17,8,10,1,5.0
665.326,-12.9179,168.8726,16,8,10,1,4.0
9.22,17.9998333333333,-66.3338333333333,16,8,10,0,2.89
34.83,18.7815,-65.1375,16,8,10,0,3.17
10.0,-65.6012,-179.1716,16,8,10,1,4.6
37.4,52.817,-167.554,15,8,10,0,2.5
97.87,4.9924,-76.3671,15,8,10,1,4.3
10.0,32.5687,48.0286,15,8,10,1,4.7
35.0,54.4065,-160.393,14,8,10,0,2.9
546.821,-17.7433,-178.7924,14,8,10,1,4.0
20.0,51.915,176.26,14,8,10,0,2.5
91.129,4.877,-76.3246,13,8,10,1,5.0
644.704,-13.0145,168.8461,12,8,10,1,4.8
108.174,4.8836,-76.2182,12,8,10,2,7.4
123.5,62.964,-151.189,12,8,10,0,2.5
10.0,17.385,-45.9908,12,8,10,1,5.0
631.838,-12.8783,168.8111,11,8,10,1,4.6
645.026,-12.871,168.895,11,8,10,1,4.7
4.1,67.311,-170.394,11,8,10,0,2.6
10.0,-1.6004,-15.1555,11,8,10,1,4.8
10.0,27.0255,96.8868,11,8,10,1,4.2
10.0,52.114,176.3658,11,8,10,0,2.9
35.0,43.8872,147.598,10,8,10,1,4.7
10.0,51.8721,176.2173,10,8,10,0,2.6
10.0,51.8473,176.2833,10,8,10,0,3.2
7.16,31.3866666666667,-114.276,9,8,10,0,3.48
213.587,15.0526,145.2911,9,8,10,1,4.2
10.0,5.1411,125.156,9,8,10,1,4.6
10.7,18.7828333333333,-67.3598333333333,8,8,10,0,2.78
10.0,-19.5737,169.9758,8,8,10,1,4.7
72.761,-37.4173,177.845,7,8,10,1,4.8
118.3,63.924,-148.642,7,8,10,0,2.6
10.1,51.897,-170.338,6,8,10,0,2.5
10.81,18.8638333333333,-155.2,6,8,10,0,3.43
32.94,19.0778333333333,-155.378666666667,6,8,10,0,2.79
10.64,18.871,-155.202,6,8,10,0,2.76
10.0,51.9085,176.2692,6,8,10,0,2.8
3.21,38.78,-122.780833333333,6,8,10,0,2.57
20.0,51.822,176.25,6,8,10,0,2.5
10.0,19.6819,-68.8097,5,8,10,0,3.0
10.0,0.2385,-114.6264,5,8,10,1,5.6
95.203,8.961,126.2007,5,8,10,1,4.6
0.4,65.309,-162.632,5,8,10,0,3.3
9.22,18.8011666666667,-155.270833333333,5,8,10,0,3.07
10.0,43.1297,-126.5497,4,8,10,0,2.8
10.0,24.7202,66.0323,3,8,10,1,4.2
10.0,19.7994,-105.5381,3,8,10,0,3.9
16.688,52.0021,176.2834,3,8,10,0,2.8
4.0,36.5696666666667,-121.178333333333,2,8,10,0,2.88
4.38,36.5821666666667,-121.173,2,8,10,0,2.92
10.0,52.0539,-174.3036,2,8,10,0,2.7
35.0,50.9224,179.6098,1,8,10,0,2.7
10.0,-15.5101,-173.0588,1,8,10,1,4.9
10.0,52.2044,176.4492,1,8,10,0,2.6
10.0,32.4131,130.5394,0,8,10,1,4.2
35.0,51.7137,176.1009,0,8,10,0,2.5
9.78,18.8196666666667,-155.270333333333,0,8,10,0,3.89
16.5,52.34,-169.571,0,8,10,0,2.5
10.0,38.1614,22.6771,23,8,9,1,4.4
46.167,-0.2072,125.8191,23,8,9,1,4.4
10.0,6.2679,124.2168,23,8,9,1,4.2
5.86,18.8468333333333,-155.186333333333,23,8,9,0,2.56
21.4,51.8704,176.266,23,8,9,0,2.5
2.9,61.219,-149.365,22,8,9,0,2.8
47.539,4.0995,126.9421,22,8,9,1,4.3
12.0,19.0033333333333,-155.260166666667,22,8,9,0,2.72
7.94,18.832,-155.2335,22,8,9,0,2.64
35.0,4.1464,126.8313,22,8,9,1,5.0
20.38,19.1643333333333,-67.9821666666667,22,8,9,0,3.23
5.35,18.8478333333333,-155.229166666667,21,8,9,0,2.56
10.0,70.0316,-147.7605,21,8,9,0,2.7
35.0,4.1685,126.9419,21,8,9,1,4.9
10.0,51.9149,176.2826,20,8,9,0,2.7
7.05,34.66716667,-95.98283333,20,8,9,0,2.55
10.0,-0.5302,130.3087,20,8,9,1,4.5
12.7,62.239,-148.911,20,8,9,0,2.6
35.0,51.4389,-174.8427,19,8,9,0,2.7
10.0,30.8712,78.3266,19,8,9,1,4.3
10.0,-54.2755,-136.8285,19,8,9,1,4.5
10.0,-46.898,-10.5421,18,8,9,1,4.7
528.903,-23.8137,-179.8567,18,8,9,1,4.5
117.611,-5.7944,154.4224,18,8,9,1,4.5
9.844,52.1289,176.3925,17,8,9,0,2.5
69.742,14.1548,145.5231,17,8,9,1,4.1
34.978,39.7,143.2335,17,8,9,1,4.2
10.0,8.9506,40.03,17,8,9,1,4.6
10.0,52.08,176.3688,17,8,9,0,2.8
99.0,11.4163,125.312,17,8,9,1,4.8
10.0,1.8449,66.8419,16,8,9,1,4.6
8.0,18.9505,-67.5626,16,8,9,0,3.45
349.645,2.0417,123.8409,16,8,9,1,4.2
19.88,51.9224,176.1826,16,8,9,0,3.4
10.0,35.3471,136.3719,15,8,9,1,4.4
4.4,69.642,-145.353,15,8,9,0,2.6
87.264,-10.9784,-74.4934,15,8,9,1,4.6
39.476,-5.8153,102.8643,15,8,9,1,4.3
35.0,-5.8046,102.8509,15,8,9,1,5.2
30.76,19.2056666666667,-155.494333333333,14,8,9,0,3.08
93.034,5.2269,125.1737,14,8,9,1,4.2
20.0,51.946,176.238,14,8,9,0,2.6
155.081,4.8378,125.6626,13,8,9,1,4.5
20.0,51.884,176.277,13,8,9,0,2.5
14.4,50.94,178.806,13,8,9,0,2.5
30.273,-31.8385,-178.4124,13,8,9,1,4.6
10.0,52.077,176.343,12,8,9,0,2.9
7.11,18.7561666666667,-155.124,12,8,9,0,2.52
10.0,2.3286,-101.891,11,8,9,1,5.2
5.28,34.66366667,-95.97866667,11,8,9,0,2.94
75.671,50.449,156.6759,10,8,9,1,4.1
8.1,67.52,-160.062,10,8,9,0,3.0
73.5,51.674,178.62,10,8,9,0,2.5
10.0,4.5221,125.366,10,8,9,1,4.6
77.37,35.8288,140.1472,9,8,9,1,4.6
5.0,62.286,-152.295,9,8,9,0,3.1
9.3325,36.7165,-116.0196,9,8,9,0,3.0
10.0,51.7477,176.1802,9,8,9,0,2.8
10.0,51.9305,176.2513,9,8,9,0,3.0
8.3,69.552,-144.535,8,8,9,0,2.8
10.0,51.879,176.2293,8,8,9,0,2.9
10.0,13.2431,120.9084,8,8,9,1,4.5
200.931,-13.2978,167.2606,7,8,9,1,4.4
5.3,34.5335,-120.4865,6,8,9,0,2.82
36.0,19.5323,-64.829,6,8,9,0,3.73
85.249,-9.2465,123.4204,6,8,9,1,4.5
23.05,20.1538333333333,-155.787833333333,6,8,9,0,2.59
14.659,52.0736,176.3356,6,8,9,0,2.8
0.9,57.067,-156.208,6,8,9,0,2.8
48.0,18.755,-64.4181,5,8,9,0,3.79
64.268,51.7174,-174.8649,5,8,9,0,2.6
8.0,51.257,-177.668,5,8,9,0,2.5
10.0,51.8692,176.2272,5,8,9,0,3.0
5.94,34.5301666666667,-120.491833333333,5,8,9,0,2.51
10.0,51.8963,176.2817,4,8,9,0,2.9
14.66,44.4405,-114.1365,4,8,9,0,2.56
35.0,53.9842,-162.9201,4,8,9,0,2.5
10.0,-12.1258,-75.48,4,8,9,1,4.5
63.41,52.265,-173.3681,3,8,9,1,4.7
10.0,7.0007,94.1238,3,8,9,1,5.0
20.0,52.028,176.048,2,8,9,0,2.6
0.65,36.6916666666667,-121.363833333333,2,8,9,0,2.54
46.4,47.9711666666667,-123.1735,2,8,9,0,2.51
12.7,56.018,-157.142,1,8,9,0,3.9
606.369,-17.9807,-178.5652,1,8,9,1,4.6
10.0,37.1701,36.8996,0,8,9,1,4.4
10.0,51.9411,176.3929,0,8,9,0,2.9
2.35999989509583,36.5631675720215,-121.178001403809,23,8,8,0,2.77
10.0,52.1175,176.4798,23,8,8,0,2.7
10.0,31.8861,49.6628,23,8,8,1,4.3
10.0,5.138,125.4756,23,8,8,1,4.5
10.0,51.981,176.3447,23,8,8,0,2.5
10.0,32.3964,130.4179,23,8,8,1,4.4
10.0,52.0182,176.3183,22,8,8,0,3.5
10.0,33.7988,-38.0208,22,8,8,1,4.8
10.0,51.9536,176.2984,22,8,8,0,2.9
10.0,51.872,176.216,21,8,8,0,2.9
10.0,51.844,176.2006,20,8,8,0,2.5
20.0,51.78,176.199,20,8,8,0,2.5
5.31,34.667,-95.9815,20,8,8,0,2.69
10.0,51.7926,176.2116,20,8,8,0,2.7
20.0,51.825,176.211,19,8,8,0,2.5
10.0,-28.5317,-176.5266,19,8,8,1,4.7
10.0,52.0029,176.3615,18,8,8,0,3.7
5.0,62.248,-152.384,18,8,8,0,2.6
10.198,51.858,176.2446,18,8,8,0,2.5
89.587,-10.6445,165.4106,18,8,8,1,4.6
10.0,52.1752,176.3415,18,8,8,0,2.5
130.7,59.74,-153.353,18,8,8,0,3.7
34.0,40.1992,142.3591,17,8,8,1,5.5
10.0,51.8343,176.2047,17,8,8,0,2.7
10.0,25.5934,-45.2503,17,8,8,1,4.2
20.0,51.774,176.141,16,8,8,0,2.8
10.0,51.852,176.211,16,8,8,0,2.5
106.352,-21.0463,-68.8775,16,8,8,1,4.2
10.0,20.2071,73.5737,16,8,8,0,3.8
468.243,-21.2119,-178.2903,16,8,8,1,4.1
10.0,51.8332,176.2777,16,8,8,0,3.1
10.0,51.9621,176.339,16,8,8,0,2.7
10.0,68.911,-143.648,15,8,8,0,2.5
10.0,52.0151,176.2611,15,8,8,0,2.6
1.7,53.483,-165.059,15,8,8,0,2.5
8.67,40.0285,-123.4455,15,8,8,0,3.16
31.759,46.7401,153.0498,15,8,8,1,4.5
142.444,-5.4438,146.3556,15,8,8,1,4.0
16.72,18.0918333333333,-67.4288333333333,15,8,8,0,2.62
64.994,52.0095,176.3383,15,8,8,0,3.1
125.827,-18.8978,-69.2684,15,8,8,1,4.4
89.717,52.0522,176.373,15,8,8,0,2.7
10.0,-10.2696,111.4676,15,8,8,1,4.5
35.0,51.6638,176.1537,14,8,8,0,2.5
10.0,51.9836,176.2939,14,8,8,0,2.7
15.8,51.939,176.292,14,8,8,0,2.5
197.962,-22.3461,-67.5821,14,8,8,1,4.3
126.876,-5.5438,146.467,14,8,8,1,4.0
10.307,51.9603,176.2678,14,8,8,0,2.6
29.467,51.8157,176.2246,14,8,8,0,2.7
10.0,51.9776,176.3113,14,8,8,0,2.9
20.0,50.956,-173.016,13,8,8,0,2.6
10.0,51.931,176.255,13,8,8,0,2.6
10.0,-41.3363,-90.6282,13,8,8,1,5.2
444.093,-23.2805,-177.7675,13,8,8,1,4.2
120.025,45.7344,149.9156,13,8,8,1,4.4
35.0,51.5298,-173.4603,13,8,8,0,2.5
20.0,54.939,-157.682,13,8,8,0,3.4
165.5,-24.3442,-67.0608,12,8,8,1,4.5
11.49,34.0527,-107.0853,12,8,8,0,3.2
10.0,51.7983,176.2803,12,8,8,0,2.9
75.606,14.649,-92.4058,12,8,8,1,4.2
11.503,51.957,176.2893,12,8,8,0,2.6
10.0,-41.4078,-90.0948,11,8,8,1,5.5
11.29,51.9176,176.2646,11,8,8,0,2.5
10.0,40.842,-125.44,11,8,8,0,2.75
10.0,50.156,159.4492,11,8,8,1,4.3
20.0,51.636,176.062,11,8,8,0,2.5
7.5867,31.656,-104.218,10,8,8,0,2.5
10.0,-17.537,172.9342,10,8,8,1,4.6
10.0,51.9868,176.2069,10,8,8,0,3.8
11.138,5.088,125.0662,10,8,8,1,4.9
54.247,-8.0781,107.8449,9,8,8,1,4.1
10.0,51.9252,176.2853,9,8,8,0,2.9
10.28,18.0623333333333,-65.7201666666667,9,8,8,0,3.23
9.935,66.6393,-140.7532,9,8,8,0,2.6
80.24,25.5353,125.6806,9,8,8,1,4.3
10.0,51.7645,176.2022,9,8,8,0,2.8
513.792,-24.4943,179.8285,9,8,8,1,4.2
48.048,14.2775,-92.9611,9,8,8,1,4.2
10.0,53.0974,-160.0692,8,8,8,0,3.0
10.0,51.8803,176.2543,8,8,8,0,2.5
10.0,51.9225,176.3309,8,8,8,0,2.5
100.936,-29.9492,-177.9164,8,8,8,1,4.8
20.0,51.966,176.244,8,8,8,0,2.6
5.0,59.472,-155.431,8,8,8,0,2.8
93.3,59.943,-152.726,8,8,8,0,2.6
10.0,51.8195,176.1578,8,8,8,0,3.6
140.99,41.0685,140.3695,8,8,8,1,4.1
59.844,35.4564,140.2943,7,8,8,1,4.1
6.4075,31.641,-104.383,7,8,8,0,2.6
10.0,52.0868,176.3629,7,8,8,0,2.6
10.0,51.896,176.1989,7,8,8,0,2.6
5.0,62.252,-152.339,7,8,8,0,3.3
173.797,39.9531,140.1243,6,8,8,1,4.3
10.0,51.7117,176.1491,6,8,8,0,3.3
20.253,51.6779,-171.1672,6,8,8,0,3.6
185.558,-24.3137,-67.5157,6,8,8,1,4.4
10.0,51.9558,176.269,5,8,8,0,2.8
94.757,49.8894,155.7358,5,8,8,1,4.8
10.0,52.0566,176.3847,5,8,8,0,3.1
10.0,51.9587,176.2305,5,8,8,0,2.7
20.389,51.4667,-173.5324,5,8,8,0,2.5
35.0,51.4918,-173.4878,5,8,8,0,3.4
42.718,-35.1758,179.9899,5,8,8,1,4.5
10.0,51.7267,176.2019,5,8,8,0,3.1
5.0,62.268,-152.346,5,8,8,0,2.5
5.0,62.254,-152.281,4,8,8,0,2.7
35.0,52.0208,176.3224,4,8,8,0,2.9
0.4,62.239,-152.234,4,8,8,0,3.2
10.0,62.269,-152.314,4,8,8,1,5.6
7.263,52.0157,176.3255,4,8,8,0,2.8
10.0,51.9603,176.3392,4,8,8,0,2.6
10.0,5.0308,125.0298,4,8,8,1,4.5
35.0,52.9361,171.9449,4,8,8,0,3.2
10.0,-28.4225,-176.4745,3,8,8,1,5.0
19.118,51.7893,176.2098,3,8,8,0,3.1
10.0,39.6802,82.9324,3,8,8,1,4.8
10.0,32.9545,73.7781,3,8,8,1,4.5
10.0,51.9792,176.3343,2,8,8,0,2.8
10.0,5.1217,125.2608,2,8,8,1,4.5
12.901,51.854,176.2606,2,8,8,0,3.2
10.0,51.9734,176.2753,2,8,8,0,2.8
35.0,53.4787,-165.7686,2,8,8,0,3.1
10.0,52.0116,176.2912,2,8,8,0,2.5
1.175,52.1075,176.358,2,8,8,0,2.7
10.0,52.0717,176.4072,1,8,8,0,2.6
10.0,12.0676,144.2925,1,8,8,1,4.4
8.58,51.9668,176.3049,1,8,8,0,3.0
10.0,51.6716,176.1375,1,8,8,0,2.7
35.0,42.2629,144.5359,1,8,8,1,4.2
10.0,52.0798,176.3959,0,8,8,0,2.8
10.0,42.3977,-125.8585,0,8,8,0,3.0
4.0,51.914,176.272,0,8,8,0,2.7
6.66,40.4033333333333,-111.930833333333,23,8,7,0,2.86
10.0,52.0316,176.3321,23,8,7,0,2.5
10.0,51.8997,176.3388,23,8,7,0,2.7
197.172,0.2431,122.0489,23,8,7,1,4.5
10.0,-13.7623,-112.1227,23,8,7,1,5.1
10.0,-12.1228,-75.5073,23,8,7,1,4.7
10.9,51.27,-176.591,23,8,7,0,2.6
142.96,5.8462,125.5769,22,8,7,1,4.6
6.3,51.377,-174.546,22,8,7,0,2.6
10.0,51.9711,176.325,22,8,7,0,3.1
188.378,-11.635,166.7065,22,8,7,1,4.3
10.0,-21.5716,-113.6527,22,8,7,1,4.8
174.368,1.7584,124.9323,22,8,7,1,4.4
68.103,40.4662,141.8669,21,8,7,1,4.0
10.0,51.4826,-173.5625,20,8,7,0,2.6
12.261,51.1545,-179.8848,20,8,7,0,2.6
10.0,4.1706,126.8913,19,8,7,1,4.4
10.0,4.429,127.3173,19,8,7,1,4.4
12.477,51.9474,176.2622,19,8,7,0,2.9
14.1,64.489,-164.523,18,8,7,0,2.6
10.0,36.8197,140.6539,18,8,7,1,4.2
10.0,51.1109,-174.5353,18,8,7,0,3.1
10.0,52.0132,176.3336,18,8,7,0,3.1
503.946,-24.8904,179.6104,17,8,7,1,4.3
57.68,18.3235,-66.1525,17,8,7,0,2.72
20.0,51.542,-173.262,16,8,7,0,2.5
583.998,-18.1642,-178.1905,16,8,7,1,4.2
3.97,36.5775,-121.178666666667,15,8,7,0,3.1
93.531,-18.822,-69.6921,15,8,7,1,4.4
35.0,51.5657,-175.8064,15,8,7,0,3.0
100.8,52.753,176.713,15,8,7,0,2.5
507.46,-24.7733,179.7242,15,8,7,1,4.1
3.23,36.5725,-121.185166666667,15,8,7,0,2.81
10.0,52.0086,176.3277,15,8,7,0,2.7
10.0,36.8327,72.6863,14,8,7,1,4.5
139.781,-15.204,-71.5286,14,8,7,1,4.1
4.07,36.5756666666667,-121.173,14,8,7,0,3.04
77.647,50.3577,156.7443,14,8,7,1,5.0
534.988,-5.5972,110.2073,14,8,7,1,4.8
35.0,-28.8208,-176.8325,13,8,7,1,4.9
161.069,-15.7191,-173.9043,13,8,7,1,4.5
10.0,81.5511,-3.9161,12,8,7,1,4.4
111.762,-12.8716,166.4597,12,8,7,1,4.4
52.473,1.4298,126.8031,12,8,7,1,4.5
126.078,52.4343,176.474,11,8,7,0,2.6
10.0,53.3707,-133.5461,11,8,7,1,4.3
126.071,0.1514,123.5759,11,8,7,1,4.2
78.65,18.8396666666667,-68.2131666666667,10,8,7,0,3.38
120.983,-1.2649,100.6767,10,8,7,1,4.2
4.16,36.5841666666667,-121.174333333333,9,8,7,0,2.56
48.873,-29.8285,-177.5508,9,8,7,1,4.4
0.0,38.81,-116.0347,9,8,7,0,2.79
12.314,5.189,125.0898,8,8,7,1,4.7
10.0,51.8889,176.2538,8,8,7,0,3.1
10.0,28.4697,104.6417,8,8,7,1,4.3
59.398,35.5344,140.2645,7,8,7,1,4.3
108.951,-22.2255,-68.7465,7,8,7,1,4.2
10.0,36.0545,27.9936,7,8,7,1,4.4
32.0,19.196,-68.5036,7,8,7,0,3.68
86.787,4.5695,125.9556,6,8,7,1,4.5
3.0,51.495,-173.524,5,8,7,0,2.5
10.0,28.4377,104.7436,5,8,7,1,5.1
64.512,40.4384,142.2985,5,8,7,1,4.3
154.078,6.8029,-73.0645,4,8,7,1,4.2
10.0,17.9575,-66.9438,4,8,7,0,3.56
9.75,18.3748333333333,-67.5943333333333,4,8,7,0,2.82
7.6251,32.005,-103.818,3,8,7,0,2.9
90.523,13.2442,120.6615,2,8,7,1,5.3
26.96,18.6988333333333,-65.7631666666667,1,8,7,0,3.16
5.361,50.9259,-178.0435,0,8,7,0,2.6
10.0,15.4358,-96.0253,0,8,7,1,4.1
10.0,-33.1516,-68.8411,0,8,7,1,4.5
10.0,-29.7869,-177.0292,23,8,6,1,4.6
35.0,51.3857,-176.4919,22,8,6,0,2.8
8.66,31.5821666666667,-115.760666666667,22,8,6,0,3.01
31.03,53.9554,-163.9996,21,8,6,0,3.5
16.578,-38.2413,178.6074,21,8,6,1,4.8
10.0,22.7307,95.9676,20,8,6,1,4.1
97.263,51.832,-173.7415,20,8,6,0,2.7
25.847,52.17,160.2065,20,8,6,1,4.7
35.0,51.5171,-172.9653,19,8,6,0,2.6
5.0,53.07,-163.177,19,8,6,0,2.8
10.0,4.1207,93.2188,19,8,6,1,4.4
10.0,-12.1916,-75.4066,18,8,6,1,5.3
3.32,40.5944,-119.6243,18,8,6,0,2.62
136.47,18.209,-67.8033333333333,18,8,6,0,3.32
10.0,39.6286,143.7247,17,8,6,1,4.6
10.0,39.6168,143.7015,17,8,6,1,5.3
3.175,54.4751,-160.3091,17,8,6,0,2.6
20.0,54.694,-156.765,16,8,6,0,3.1
10.3,51.109,-176.204,16,8,6,0,2.6
10.0,-3.282,148.6223,16,8,6,1,4.9
10.0,51.9266,176.2003,15,8,6,1,4.0
10.29,18.6965,-67.4411666666667,15,8,6,0,3.07
10.0,26.3115,54.429,14,8,6,1,4.3
123.852,47.3959,152.4151,13,8,6,1,4.4
67.212,-8.0479,158.6274,13,8,6,1,5.1
78.63,3.7551,127.9427,13,8,6,1,4.1
35.0,51.6014,-175.7558,13,8,6,0,3.1
89.332,51.6932,178.6106,13,8,6,0,2.5
25.487,49.107,156.4005,11,8,6,1,4.1
10.0,32.6862,130.7565,10,8,6,1,4.6
17.391,4.903,126.2152,10,8,6,1,4.3
10.0,38.3638,99.9759,10,8,6,1,4.4
20.0,51.313,-173.212,10,8,6,0,2.5
10.0,42.4076,-125.9606,9,8,6,1,4.9
122.0,61.91,-152.08,9,8,6,0,3.1
102.7,59.634,-153.009,9,8,6,0,3.9
321.229,-14.8022,-175.6129,9,8,6,1,4.1
20.02,19.4021666666667,-64.4821666666667,9,8,6,0,3.15
12.4,50.919,-173.621,8,8,6,0,2.6
9.694,9.0335,126.8414,8,8,6,1,4.4
7.15,18.839,-67.5663333333333,7,8,6,0,3.17
51.714,8.7076,-74.9712,6,8,6,1,4.3
48.185,51.3235,-178.4709,6,8,6,0,3.1
113.351,-20.8299,-175.8259,6,8,6,1,4.5
10.0,26.1651,54.3989,6,8,6,1,4.0
10.0,63.411,-144.849,6,8,6,0,3.1
19.684,52.0652,176.3379,6,8,6,0,3.2
45.9,60.357,-150.834,5,8,6,0,3.1
10.0,55.3037,-151.8574,5,8,6,0,2.5
10.0,51.7756,176.1636,4,8,6,0,3.0
10.0,17.5186,-101.6505,4,8,6,1,4.3
1.518,51.4117,-173.6426,4,8,6,0,2.6
35.0,54.6602,-160.0837,4,8,6,0,2.9
194.602,-24.1797,-67.1968,4,8,6,1,4.1
1.0,54.804,-156.929,4,8,6,0,2.9
71.078,38.9197,141.8934,4,8,6,1,4.1
35.0,11.8234,-87.5135,4,8,6,1,4.1
20.0,54.775,-156.828,4,8,6,0,3.6
36.2,54.738,-156.815,4,8,6,0,3.9
154.777,51.8337,179.3019,3,8,6,0,3.4
212.246,18.8215,145.4458,3,8,6,0,3.9
10.0,35.3773,99.4245,3,8,6,1,4.2
35.0,5.1629,125.0695,3,8,6,1,4.7
10.0,-14.8033,-172.4188,3,8,6,1,4.6
17.63,18.6166666666667,-66.7825,2,8,6,0,2.73
17.38,40.419,-122.280833333333,2,8,6,0,2.7
48.873,-59.5736,-26.1236,2,8,6,1,4.4
67.7,61.759,-150.855,2,8,6,0,2.5
10.0,51.7028,176.1588,2,8,6,0,3.1
150.312,6.9273,-73.1556,1,8,6,1,4.3
10.0,35.736,99.4933,1,8,6,1,4.1
3.978,37.0206,-104.9841,1,8,6,0,2.6
94.973,51.6451,-176.6032,0,8,6,0,2.7
10.0,35.385,99.4949,0,8,6,1,4.3
20.0,51.51,-173.465,0,8,6,0,2.5
10.0,29.0193,94.7118,0,8,6,1,4.8
35.0,54.6253,-160.848,0,8,6,0,2.6
17.07,18.9086666666667,-67.6348333333333,23,8,5,0,3.14
10.0,-22.9687,171.3751,23,8,5,1,4.5
10.0,32.4822,130.463,22,8,5,1,4.9
10.0,5.1501,125.6592,22,8,5,1,4.4
7.28,40.0223333333333,-123.446166666667,22,8,5,1,4.41
8.33,40.0245,-123.446,22,8,5,0,3.88
10.0,5.1248,125.3085,22,8,5,1,4.8
26.0,50.999,179.44,22,8,5,0,2.5
10.0,5.1965,125.2439,21,8,5,1,4.4
10.0,54.227,-162.6036,21,8,5,0,2.5
10.0,5.117,125.2281,21,8,5,1,5.6
101.281,5.1314,95.4888,21,8,5,1,4.3
8.995,54.2169,-161.527,21,8,5,0,2.9
146.599,-21.4829,-176.1768,20,8,5,1,4.6
20.0,54.714,-156.804,20,8,5,0,2.8
20.0,54.727,-156.775,20,8,5,0,2.9
96.989,53.6142,159.253,20,8,5,1,4.1
40.551,30.2608,131.1681,20,8,5,1,4.1
10.0,4.9967,125.5128,20,8,5,1,4.3
10.0,51.6419,-174.1339,19,8,5,0,2.8
10.0,-6.3619,144.0889,19,8,5,1,4.5
16.281,-6.5471,143.9624,19,8,5,1,5.2
38.398,-1.0677,126.8214,19,8,5,1,4.6
10.07,4.9252,125.2448,19,8,5,1,4.6
29.0,53.088,-166.76,19,8,5,0,2.5
7.181,5.5198,125.5899,19,8,5,1,4.4
26.2,52.439,-168.402,18,8,5,0,2.6
10.409,51.429,-173.6335,18,8,5,0,3.0
70.499,51.6194,178.5262,18,8,5,0,3.3
19.3,53.779,-163.873,18,8,5,0,2.5
16.8,53.8982,-163.9949,17,8,5,0,2.7
7.23,18.8531666666667,-67.565,17,8,5,0,3.09
35.0,53.7827,-164.1084,16,8,5,0,2.7
123.797,1.7883,127.4345,16,8,5,1,5.3
20.0,50.019,-175.836,16,8,5,0,2.7
10.0,5.2192,125.2826,16,8,5,1,4.5
138.424,-59.7277,-26.8268,16,8,5,1,4.3
4.28,40.3725,-125.132166666667,16,8,5,0,2.68
76.918,51.59,179.5729,15,8,5,0,2.5
10.0,5.0356,126.5277,15,8,5,1,4.3
10.0,56.1337,-149.6281,15,8,5,0,2.7
60.835,-8.1305,107.8541,14,8,5,1,5.0
24.456,51.8731,176.2056,14,8,5,0,3.3
48.449,1.2712,126.3397,14,8,5,1,4.7
10.0,5.072,125.2913,14,8,5,1,4.6
8.24,20.0681666666667,-155.490333333333,14,8,5,0,2.82
10.0,1.3365,126.1174,14,8,5,1,4.5
35.0,51.5191,-175.9603,13,8,5,0,3.2
10.0,5.1031,125.4433,12,8,5,1,4.4
17.889,51.5962,-173.5417,12,8,5,0,3.1
10.0,5.3291,125.4166,12,8,5,1,4.5
69.892,3.9276,127.9288,12,8,5,1,4.2
10.0,36.9363,96.2301,12,8,5,1,4.4
61.263,51.4994,178.5779,11,8,5,0,2.6
6.2408,31.928,-103.397,11,8,5,0,2.5
10.0,5.3735,125.4654,11,8,5,1,4.4
40.55,5.0233,125.0913,10,8,5,1,4.5
110.364,-6.7508,155.5098,10,8,5,1,4.4
10.0,51.9262,176.1856,10,8,5,0,2.9
10.0,28.9711,94.7507,10,8,5,1,5.0
18.888,5.0603,125.2813,9,8,5,1,4.5
48.24,18.8836666666667,-65.1036666666667,9,8,5,0,3.34
10.0,5.1132,125.2309,9,8,5,1,4.9
18.929,5.2303,124.771,9,8,5,1,4.3
10.4,63.553,-152.45,8,8,5,0,3.4
20.0,50.243,178.38,8,8,5,0,3.6
10.0,50.2398,178.4497,8,8,5,0,3.3
35.0,54.4416,-159.7658,8,8,5,0,2.7
10.0,5.026,125.2765,8,8,5,1,4.4
10.0,5.0401,125.4357,8,8,5,1,4.4
10.0,10.3055,125.0715,8,8,5,1,4.6
7.2791,31.648,-104.408,7,8,5,0,2.6
190.0,-33.7178,179.4326,7,8,5,2,6.3
568.093,-17.6682,-177.8496,7,8,5,1,4.4
10.0,5.1535,125.1558,7,8,5,1,4.4
10.162,5.0037,125.4527,6,8,5,1,4.3
10.0,-49.5792,163.9767,6,8,5,1,5.0
10.0,5.1169,125.2061,6,8,5,1,4.9
11.877,5.0619,125.0982,6,8,5,1,4.4
11.956,13.7508,-92.4623,6,8,5,1,4.5
11.57,5.154,125.2342,5,8,5,1,5.1
35.0,5.1559,125.5787,5,8,5,1,4.9
20.0,51.485,-173.395,5,8,5,0,2.6
26.1,52.409,176.537,5,8,5,0,3.0
35.0,4.9963,125.9769,5,8,5,1,4.6
10.0,5.1916,125.1323,5,8,5,1,4.6
5.9729,37.589,-117.735,5,8,5,0,2.73
330.343,-30.6488,-179.5277,5,8,5,1,4.3
10.0,5.1829,125.1531,5,8,5,1,4.9
58.316,48.8476,154.9619,5,8,5,1,4.5
10.0,5.13,125.2174,4,8,5,1,4.6
10.0,4.9589,126.4236,4,8,5,1,4.6
35.0,5.043,125.0373,4,8,5,1,4.9
35.0,4.857,125.3444,4,8,5,1,4.5
20.025,52.0462,176.3256,4,8,5,0,3.1
35.0,5.1323,125.4389,4,8,5,1,5.2
10.0,5.8844,-82.5326,4,8,5,1,5.1
6.0999,31.644,-104.379,4,8,5,0,2.5
10.0,52.0218,176.2976,4,8,5,0,3.3
10.0,5.1799,125.2798,4,8,5,2,6.3
10.0,5.5424,127.0631,3,8,5,1,4.5
35.0,54.4333,-160.6698,3,8,5,0,2.8
10.0,-6.6308,-76.9798,3,8,5,1,4.2
10.0,-44.5689,35.9577,3,8,5,1,4.3
11.04,37.5683333333333,-113.324666666667,3,8,5,0,2.78
232.256,-6.4486,128.9069,3,8,5,1,4.8
11.7,51.51,-173.601,3,8,5,0,2.6
10.0,52.0741,176.3412,3,8,5,0,2.8
99.043,50.7609,156.8181,2,8,5,1,4.4
87.625,50.5665,156.6171,2,8,5,1,4.5
10.413,51.9204,176.2572,2,8,5,0,2.9
8.068,51.4395,-173.5082,2,8,5,0,3.1
3.0,39.1661,-119.0366,1,8,5,0,3.29
493.63,-20.8037,-178.6219,1,8,5,1,4.3
30.0,19.5603,-64.7715,1,8,5,0,3.67
7.87,40.0265,-123.4445,0,8,5,0,3.99
10.0,27.784,54.0386,0,8,5,1,4.2
104.923,21.8899,94.6377,0,8,5,1,4.8
10.0,63.745,-169.571,0,8,5,0,3.3
13.8,52.841,-169.76,23,8,4,0,2.5
152.956,0.47,99.8153,23,8,4,1,4.3
10.0,-55.685,-26.8178,23,8,4,1,4.7
23.2,57.451,-136.807,22,8,4,0,2.6
52.657,51.3959,178.5637,22,8,4,0,2.8
141.741,52.0304,-174.5821,22,8,4,0,2.8
376.74,21.6371,142.9606,22,8,4,1,4.1
246.573,-18.5386,169.391,22,8,4,1,4.3
10.0,-19.9509,66.6144,22,8,4,1,4.4
53.386,40.2979,142.2336,22,8,4,1,4.1
121.073,0.003,123.6924,21,8,4,1,4.1
5.06,38.7915,-122.938333333333,21,8,4,0,2.56
10.0,-24.2993,-175.2568,21,8,4,1,4.6
50.358,40.5954,142.3088,21,8,4,1,4.3
28.5,39.6053333333333,-122.019833333333,20,8,4,0,2.54
197.876,51.9888,179.6483,20,8,4,0,2.9
613.004,-21.7618,-179.4278,20,8,4,1,4.7
10.0,51.4886,-173.5406,20,8,4,0,2.7
34.167,1.5011,126.5024,20,8,4,1,5.7
10.0,30.0665,131.1461,20,8,4,1,4.5
28.113,30.0951,131.2023,19,8,4,1,4.8
7.22,35.6806666666667,-121.137333333333,19,8,4,0,2.8
38.892,40.3666,142.5015,17,8,4,1,4.2
622.217,-17.864,-178.5351,17,8,4,1,4.2
186.616,-7.5758,128.3192,17,8,4,1,4.0
10.0,51.7499,160.2327,16,8,4,1,4.5
10.0,50.2931,-176.7932,16,8,4,0,3.2
10.0,51.9843,176.2974,16,8,4,0,3.1
504.004,-24.0982,179.7347,16,8,4,1,4.1
22.007,56.4172,-148.5248,16,8,4,0,3.1
10.0,28.5423,104.7192,15,8,4,1,4.4
1.3,66.225,-156.816,15,8,4,0,2.7
15.85,18.9686666666667,-64.594,15,8,4,0,3.41
10.0,-24.4351,-175.3415,15,8,4,1,4.8
10.0,-24.2091,-175.0753,15,8,4,1,4.5
35.0,51.5485,-173.536,15,8,4,0,2.7
35.0,51.5749,-173.4582,15,8,4,0,2.9
15.513,51.858,176.2314,15,8,4,0,3.5
32.501,51.5299,-173.5125,14,8,4,1,4.3
10.0,-24.5996,-175.387,14,8,4,1,5.0
108.0,18.8206,-64.1143,14,8,4,0,3.82
7.0,18.9141,-67.5828,14,8,4,0,3.49
9.6,19.6006666666667,-156.429833333333,14,8,4,0,2.5
15.99,51.5308,-173.2285,14,8,4,0,2.9
46.057,38.2901,142.2073,14,8,4,1,4.6
10.0,-5.6693,153.0951,13,8,4,1,4.2
9.78,36.0948333333333,-119.930666666667,13,8,4,0,3.34
106.504,51.7464,-179.3819,13,8,4,0,3.0
20.0,51.657,-174.101,12,8,4,0,2.6
10.0,26.1194,57.5377,12,8,4,1,4.4
9.86,36.1006666666667,-89.7573333333333,12,8,4,0,2.63
10.0,52.0587,176.3903,12,8,4,0,3.1
35.0,14.5819,-93.2458,11,8,4,1,4.2
19.09,19.1236666666667,-65.5076666666667,10,8,4,0,3.07
626.943,-14.8158,171.3024,10,8,4,1,4.4
127.1,62.971,-151.005,10,8,4,0,2.7
60.9,62.441,-149.14,9,8,4,0,3.3
43.696,27.9698,57.3065,9,8,4,1,4.1
35.0,29.3081,130.6354,9,8,4,1,4.5
10.0,52.0878,176.3428,9,8,4,0,3.7
18.27,18.7355,-64.9206666666667,8,8,4,0,3.33
77.0,19.5315,-68.2045,8,8,4,0,3.65
10.0,53.4369,-165.2358,8,8,4,0,3.0
10.0,51.9645,176.2912,8,8,4,0,3.3
54.834,40.3694,142.1552,8,8,4,1,4.2
19.96,18.7468333333333,-64.9313333333333,8,8,4,0,2.92
30.89,18.724,-64.9256666666667,7,8,4,0,3.1
10.0,-28.5979,-176.5276,7,8,4,1,4.6
10.0,14.2653,-93.4564,7,8,4,1,4.6
35.0,53.8879,-163.4945,7,8,4,0,2.5
10.0,14.2839,-93.279,7,8,4,1,4.0
35.0,14.5041,-93.2599,6,8,4,1,4.2
35.0,53.6882,-165.3465,6,8,4,0,2.6
21.536,53.5204,-163.4469,6,8,4,0,2.9
10.0,14.268,-93.3413,5,8,4,1,4.3
10.0,24.8852,128.0303,5,8,4,1,4.1
68.0,19.097,-64.6625,5,8,4,0,3.5
10.0,52.076,176.3535,5,8,4,0,3.4
23.971,53.3298,-164.437,5,8,4,0,2.7
10.0,32.4669,130.4451,5,8,4,1,4.4
109.577,32.8475,140.3803,4,8,4,1,4.4
10.0,51.9387,176.2201,4,8,4,1,4.0
35.0,14.4992,-93.1592,4,8,4,1,4.1
6.03,38.6855,-122.500333333333,4,8,4,0,2.61
35.0,54.6603,-161.4759,4,8,4,0,2.9
10.0,51.9899,176.2851,3,8,4,0,3.4
510.182,-24.1976,-179.9783,3,8,4,1,4.4
10.0,52.2461,176.3702,3,8,4,0,3.7
10.0,43.971,-128.3033,2,8,4,1,4.0
35.0,-58.9198,-25.596,2,8,4,1,4.5
10.0,28.495,104.6611,2,8,4,1,4.4
35.0,52.9866,-167.9557,1,8,4,0,2.9
10.0,51.9944,176.28,1,8,4,0,3.8
4.6,66.319,-157.232,1,8,4,0,2.9
14.524,51.916,176.2876,1,8,4,0,3.3
23.946,51.9079,176.295,0,8,4,0,3.2
15.5,51.115,-177.858,0,8,4,0,2.5
12.5,17.966,-66.9105,0,8,4,0,2.9
10.0,52.9723,-163.1203,23,8,3,0,3.0
11.302,52.1166,176.3521,23,8,3,0,3.2
38.5,53.047,-166.933,23,8,3,0,2.5
29.09,52.0891,176.3282,22,8,3,1,4.2
3.008,51.9633,176.2723,22,8,3,0,3.5
38.2,59.289,-151.537,22,8,3,0,2.8
10.0,27.977,56.0893,22,8,3,1,4.2
77.822,51.5331,-179.8704,21,8,3,0,2.5
10.0,49.2754,157.9627,21,8,3,1,4.9
35.0,51.3934,158.8853,21,8,3,1,4.4
93.791,-28.7394,-70.3665,20,8,3,1,4.4
35.0,54.3889,-159.6419,20,8,3,0,3.4
10.0,51.9988,176.3294,20,8,3,0,3.0
10.0,32.2354,-5.1362,20,8,3,1,4.7
3.1262,31.17,-103.482,19,8,3,0,2.5
10.0,52.0022,176.2223,19,8,3,0,3.6
35.0,52.4037,-169.3657,18,8,3,0,3.3
6.895,54.6503,-162.9755,17,8,3,0,2.7
65.728,-10.3591,161.8315,17,8,3,1,4.2
8.2857,28.845,-98.971,17,8,3,0,2.5
10.0,51.9704,176.2728,16,8,3,0,3.4
10.0,52.0446,176.2971,16,8,3,0,3.4
10.0,55.464,-159.6738,16,8,3,0,2.7
35.0,39.7187,143.3705,15,8,3,1,4.5
556.14,-18.0281,-178.324,15,8,3,1,4.3
10.0,37.8125,95.2601,15,8,3,1,4.4
10.774,51.9247,176.2191,14,8,3,0,3.8
35.0,43.1851,146.9239,14,8,3,1,4.7
11.576,16.3372,118.9775,14,8,3,1,4.1
8.1,58.897,-139.425,14,8,3,0,3.2
60.338,-7.4377,156.1457,13,8,3,1,4.8
5.0,54.722,-163.107,12,8,3,0,2.6
20.2,53.347,-165.579,12,8,3,0,2.5
1.03,18.823,-155.196666666667,12,8,3,0,2.64
43.64,18.1465,-64.7966666666667,12,8,3,0,3.09
22.91,18.7398333333333,-64.932,12,8,3,0,2.87
18.3,18.7386666666667,-64.9378333333333,12,8,3,0,2.92
5.0,69.36,-145.366,12,8,3,0,2.5
70.241,49.9613,155.9708,11,8,3,1,4.9
163.541,-24.4391,-67.0912,10,8,3,1,4.4
10.0,-17.2713,-176.5699,10,8,3,1,5.2
13.23,18.0238333333333,-66.7546666666667,10,8,3,0,2.84
38.235,51.1598,158.846,10,8,3,1,4.4
78.458,48.9434,154.9468,9,8,3,1,4.4
10.0,14.0227,-93.5342,9,8,3,1,4.5
20.9,51.593,-174.966,9,8,3,0,2.6
128.1,59.998,-153.136,8,8,3,0,3.6
90.365,-20.2539,-69.093,6,8,3,1,4.0
10.0,51.9369,176.2088,6,8,3,0,3.8
71.54,42.0238,142.5111,5,8,3,1,4.3
10.0,19.1944,-69.6133,5,8,3,1,4.5
10.0,28.6312,104.7147,5,8,3,1,4.9
7.5,53.362,-164.155,4,8,3,0,2.5
179.188,52.3557,-174.4531,4,8,3,0,3.8
0.47,41.5633333333333,-109.866666666667,4,8,3,0,3.12
129.3,63.063,-151.012,4,8,3,0,2.5
35.0,53.7047,-165.1051,4,8,3,0,2.5
11.15,33.918,-118.314,3,8,3,0,2.52
15.8,52.331,-169.333,3,8,3,0,2.6
5.0,63.144,-137.173,3,8,3,0,2.7
17.47,40.2948333333333,-124.378166666667,3,8,3,0,2.59
4.19,35.5765,-120.86,3,8,3,0,2.68
10.0,28.4656,104.6568,3,8,3,1,4.3
53.826,51.7563,176.1899,3,8,3,0,3.8
10.0,-2.6435,138.7246,2,8,3,1,4.4
10.0,10.8505,126.9498,2,8,3,1,4.3
123.99,-8.6087,-75.836,1,8,3,1,5.2
30.783,51.231,179.6902,1,8,3,0,3.7
573.88,-19.2678,-177.452,1,8,3,1,4.3
18.42,18.76,-64.9345,1,8,3,0,3.23
10.483,46.7622,-71.3733,0,8,3,0,2.7
8.36,18.8513333333333,-67.5578333333333,0,8,3,0,3.23
54.94,18.4491666666667,-64.8813333333333,0,8,3,0,3.11
10.0,30.3391,32.6261,0,8,3,1,5.0
11.09,32.9625,-115.860166666667,23,8,2,0,2.95
10.0,51.264,159.9256,23,8,2,1,4.4
67.847,5.37,125.3647,22,8,2,1,4.5
10.0,51.1648,159.5128,22,8,2,1,4.2
10.0,51.1686,159.76,22,8,2,1,4.0
10.0,10.287,125.3526,22,8,2,1,4.4
45.095,0.2025,98.9508,22,8,2,1,4.4
1.2,67.965,-161.646,22,8,2,0,2.5
116.929,-31.3576,-69.2412,22,8,2,1,4.1
68.8,56.656,-157.164,22,8,2,0,3.4
19.476,28.5389,82.6058,21,8,2,1,4.0
140.357,-27.7343,-67.6577,20,8,2,1,4.3
35.0,52.7291,-168.4025,20,8,2,0,2.6
35.0,43.1737,147.0047,20,8,2,1,4.5
10.0,28.5952,104.644,19,8,2,1,4.2
28.86,51.3381,-178.8989,19,8,2,0,2.8
10.0,28.4435,104.5433,19,8,2,1,4.3
10.0,-28.4122,-176.4003,18,8,2,1,4.5
10.0,52.2109,176.2624,18,8,2,1,4.3
10.0,28.5301,104.7446,18,8,2,1,5.0
34.424,7.6498,-77.1911,17,8,2,1,4.4
140.288,-3.1069,-75.7595,17,8,2,1,4.3
103.923,55.13,-161.9305,16,8,2,0,3.6
10.0,52.3037,176.3961,16,8,2,1,4.1
10.011,4.1551,126.0792,16,8,2,1,4.7
135.313,11.549,-85.9413,16,8,2,1,4.6
10.0,51.4876,-174.1338,16,8,2,0,2.8
10.0,-24.7808,-175.3301,15,8,2,1,5.0
52.334,42.3043,142.9182,14,8,2,1,4.9
10.0,35.563,99.4762,14,8,2,1,4.4
10.0,35.3877,99.3961,14,8,2,1,4.9
10.0,-8.3793,121.1954,14,8,2,1,4.6
10.0,56.3928,-148.7275,13,8,2,0,3.1
10.0,27.2104,-111.2632,13,8,2,1,5.1
158.642,2.576,98.9984,13,8,2,1,4.1
3.44,36.5786666666667,-121.181666666667,12,8,2,0,3.36
10.0,-24.7508,-175.2185,12,8,2,1,4.6
10.0,-3.264,-12.2336,11,8,2,1,5.6
10.0,-23.5428,-175.0706,10,8,2,1,5.2
10.0,-24.7964,-174.7188,10,8,2,1,4.5
67.6,27.2726,128.7017,10,8,2,1,4.3
10.0,32.4493,130.5998,10,8,2,1,4.5
10.0,-3.3087,-12.1915,9,8,2,1,5.0
10.0,53.5268,-163.2611,9,8,2,0,2.8
5.0,56.427,-158.647,9,8,2,0,3.6
167.674,-24.2872,-67.1048,8,8,2,1,4.5
53.374,-37.5922,178.1622,8,8,2,1,5.6
42.04,49.2847,156.3251,8,8,2,1,4.9
10.0,52.0283,176.2896,8,8,2,0,3.9
10.0,-27.0583,-108.5917,8,8,2,1,4.5
241.843,52.4114,-174.4178,7,8,2,0,3.5
12.1,52.254,-169.491,7,8,2,0,2.5
10.0,14.0621,-60.5302,7,8,2,1,4.4
79.0,60.622,-151.687,6,8,2,0,3.4
21.508,5.4051,125.2948,6,8,2,1,4.3
10.868,51.251,178.1296,6,8,2,0,2.9
8.24,18.8355,-155.233,6,8,2,0,2.74
10.0,-23.4417,-176.3083,6,8,2,1,4.5
46.39,-29.6232,-177.6343,6,8,2,1,4.4
99.81,18.2618333333333,-67.2018333333333,5,8,2,0,3.16
10.0,-6.5232,143.6372,5,8,2,1,4.8
48.984,51.625,-173.4424,5,8,2,1,4.8
10.0,14.6668,147.1236,5,8,2,1,4.3
10.0,-2.6092,138.9728,5,8,2,1,4.5
9.9,67.417,-135.541,4,8,2,0,2.8
34.22,18.7281666666667,-64.9296666666667,4,8,2,0,3.15
35.0,51.4903,-173.2618,3,8,2,0,2.8
10.0,31.6629,49.5487,3,8,2,1,4.2
10.0,10.589,-68.6809,3,8,2,1,4.5
13.99,18.7536666666667,-64.932,3,8,2,0,2.57
10.0,33.5607,91.4797,3,8,2,1,4.3
10.0,53.5174,-163.2638,2,8,2,0,2.8
17.55,18.7695,-64.9268333333333,2,8,2,0,2.94
13.0,52.091,-169.44,1,8,2,0,2.6
14.42,19.035,-64.3385,1,8,2,0,3.34
63.425,37.6016,141.3539,1,8,2,1,4.2
10.0,27.6471,56.5907,1,8,2,1,4.1
20.65,18.7155,-64.9425,1,8,2,0,3.14
23.601,-33.5301,-71.9983,1,8,2,1,4.4
539.392,-20.8247,-178.2554,1,8,2,1,4.0
46.52,40.2093,142.6163,0,8,2,1,4.7
21.25,18.772,-155.534,0,8,2,0,2.75
17.54,18.7818333333333,-64.9281666666667,0,8,2,0,3.02
17.27,18.166,-66.9411666666667,0,8,2,0,2.68
88.368,49.7493,155.2795,0,8,2,1,5.1
35.0,51.8021,-173.8329,23,8,1,0,3.3
81.41,15.1014,-92.7084,23,8,1,1,4.2
10.0,14.4057,-93.4329,23,8,1,1,4.4
10.0,49.2089,158.1963,23,8,1,1,4.3
35.0,14.4036,-92.9863,23,8,1,1,4.3
15.19,18.7733333333333,-64.9056666666667,23,8,1,0,2.51
35.0,51.5522,-173.5095,23,8,1,1,4.9
6.33,37.2676666666667,-118.289166666667,22,8,1,0,2.73
10.0,51.2029,179.8577,22,8,1,0,2.5
10.0,-24.667,-175.3793,22,8,1,1,4.6
531.582,-20.2858,-178.0831,22,8,1,1,4.4
12.27,20.0285,-154.942833333333,21,8,1,0,2.52
10.0,-2.6266,138.9391,21,8,1,1,4.5
95.3,60.208,-152.282,20,8,1,0,2.6
7.0,18.7776666666667,-64.937,20,8,1,0,3.37
10.0,35.3201,44.5123,20,8,1,1,4.1
10.0,35.2431,44.5765,20,8,1,1,4.4
17.25,18.747,-64.9308333333333,20,8,1,0,3.01
10.0,51.7164,176.2268,20,8,1,0,3.3
56.089,2.804,126.4682,20,8,1,1,4.1
56.61,49.3423,155.2981,20,8,1,1,5.2
10.0,51.8878,176.2309,20,8,1,0,3.7
19.0,18.7861,-64.9225,20,8,1,1,4.07
35.0,51.2835,-176.8848,19,8,1,0,3.2
35.0,32.0214,131.9561,19,8,1,1,5.3
41.096,10.6831,125.8721,18,8,1,1,4.3
60.1,60.792,-150.906,18,8,1,0,2.6
37.109,12.4943,143.8951,18,8,1,1,4.2
10.0,-2.7767,130.2218,17,8,1,1,4.4
8.18,33.9781666666667,-116.322,16,8,1,0,3.22
42.141,51.5734,176.0285,16,8,1,0,3.8
35.0,54.3331,-160.1501,16,8,1,0,2.7
10.0,32.4796,130.4701,16,8,1,1,4.6
78.182,-24.3891,-176.9632,15,8,1,1,5.1
14.5,54.492,-159.854,15,8,1,0,2.5
8.549,6.8125,126.554,15,8,1,1,4.4
154.055,-6.7638,129.6194,14,8,1,1,4.1
8.133,-16.3231,178.5317,14,8,1,1,4.6
112.086,-20.0389,-175.115,14,8,1,1,4.5
30.269,53.2112,-165.6261,14,8,1,0,3.0
21.953,55.1916,-160.3419,14,8,1,0,2.7
10.0,4.8637,125.1448,13,8,1,1,4.2
10.0,49.2332,-129.9974,12,8,1,1,4.1
10.0,32.654,130.5789,12,8,1,1,4.9
10.0,-3.2875,130.8088,12,8,1,1,4.5
10.0,-2.8888,130.2762,12,8,1,1,4.5
4.09999990463257,38.7761650085449,-122.935501098633,11,8,1,0,2.68
96.5,61.681,-151.708,11,8,1,0,3.0
14.7,62.488,-148.31,11,8,1,0,2.7
6.30000019073486,38.7716674804688,-122.947830200195,11,8,1,0,2.76
10.0,-39.3144,-15.9417,11,8,1,1,4.7
10.0,-39.4578,-15.8701,11,8,1,1,5.2
2.0,51.173,-176.986,10,8,1,0,2.5
8.3252,31.729,-101.678,10,8,1,0,2.8
7.3486,31.722,-101.682,10,8,1,0,2.7
10.0,-39.7185,-15.9654,9,8,1,1,5.1
10.0,-27.9847,-176.6412,9,8,1,1,4.5
10.0,52.171,-165.9422,8,8,1,0,3.1
26.688,14.3653,-93.2563,8,8,1,1,4.6
7.6,51.025,-179.907,8,8,1,0,2.6
6.69,38.7766666666667,-122.939666666667,7,8,1,0,3.67
140.113,-21.4476,-68.482,7,8,1,1,4.4
559.266,-22.3531,-179.0866,7,8,1,1,5.4
54.0,23.9985,142.6077,7,8,1,1,4.4
10.0,53.5757,133.1672,7,8,1,1,4.3
10.0,51.9758,176.2784,6,8,1,0,3.7
35.0,48.2913,154.7756,6,8,1,1,4.4
10.0,1.6408,128.0415,6,8,1,1,4.3
25.84,19.4135,-65.7055,6,8,1,0,3.3
35.0,24.377,142.5175,6,8,1,1,4.4
76.548,51.6563,178.9348,5,8,1,0,3.2
10.0,-39.6346,-16.1054,5,8,1,1,4.6
7.13,18.9903333333333,-65.072,5,8,1,0,3.28
10.0,49.8037,-129.1985,4,8,1,1,4.2
207.897,52.6966,-173.043,4,8,1,0,3.1
512.867,-23.6347,-179.7368,4,8,1,1,4.5
10.0,49.4394,-129.511,4,8,1,1,5.6
35.0,53.8609,-163.4788,4,8,1,0,2.5
5.0,51.941,176.312,4,8,1,0,3.0
161.565,-5.5253,154.2733,4,8,1,1,4.4
35.0,5.5763,125.0793,3,8,1,1,4.6
117.29,-45.1468,167.3487,3,8,1,1,4.8
74.853,41.3318,141.97,2,8,1,1,5.5
35.0,5.0191,125.1801,2,8,1,1,4.5
10.0,9.7421,-83.8518,2,8,1,1,4.3
10.0,35.4076,99.5171,1,8,1,1,4.5
10.0,18.9275,39.1447,1,8,1,1,4.8
5.0,63.256,-151.633,0,8,1,0,2.5
35.0,-57.2936,-25.5238,0,8,1,1,4.5
35.0,35.3011,23.0559,23,7,31,1,4.1
10.0,52.2584,-168.0474,23,7,31,0,2.9
5.965,52.351,-167.9262,23,7,31,0,2.9
10.069,10.7465,126.0982,23,7,31,1,4.5
2.5,52.29,-165.479,23,7,31,0,2.6
10.0,-2.9413,130.1101,23,7,31,1,5.1
10.0,-2.9239,130.2558,23,7,31,1,5.1
94.092,51.8216,-178.9529,23,7,31,0,2.5
98.5,51.729,-178.953,23,7,31,0,2.5
10.0,1.2031,126.4482,22,7,31,1,4.4
10.0,-2.9694,130.3504,22,7,31,1,4.1
43.452,10.6898,126.0334,22,7,31,1,4.4
10.0,-3.0161,130.2042,22,7,31,1,4.1
30.343,39.2296,143.2623,22,7,31,1,4.1
10.0,-3.0375,130.1186,21,7,31,1,4.1
23.896,51.8071,-173.4501,21,7,31,0,3.6
10.0,23.1385,101.4072,21,7,31,1,4.5
58.284,4.8513,126.3264,21,7,31,1,4.5
10.0,-2.919,130.2275,21,7,31,1,4.4
10.0,14.2064,-93.4344,20,7,31,1,4.4
10.0,-2.868,130.1154,20,7,31,1,4.4
349.413,-26.7712,-178.7062,20,7,31,1,4.4
10.0,-2.8862,130.1853,20,7,31,1,4.6
43.324,37.8173,69.7632,20,7,31,1,4.4
10.0,-2.8643,130.1655,20,7,31,1,5.3
10.0,-2.9436,130.2355,20,7,31,1,4.5
14.39,33.3535,-116.9555,20,7,31,0,2.98
5.01,36.9675,-121.454666666667,20,7,31,0,2.92
83.056,15.1384,-92.9687,19,7,31,1,4.3
10.0,-29.5644,-110.9943,19,7,31,1,4.6
35.0,-58.6503,-25.2107,18,7,31,1,5.2
10.0,46.8898,-65.413,18,7,31,0,3.1
35.0,53.042,-166.9736,18,7,31,0,2.5
33.3,51.538,-175.888,18,7,31,0,2.5
-1.07,46.024,-122.2645,18,7,31,0,2.61
10.0,-28.4529,-176.5838,17,7,31,1,4.5
11.851,-29.867,-72.1202,17,7,31,1,5.0
5.0,40.8722,14.1714,17,7,31,1,4.5
35.0,54.3846,-161.5502,17,7,31,0,3.4
43.26,51.2067,179.6078,16,7,31,0,2.5
35.0,11.4983,139.122,16,7,31,1,4.4
10.0,14.5026,-93.242,16,7,31,1,5.2
2.4,60.507,-150.904,16,7,31,0,2.5
10.0,1.461,-91.0273,16,7,31,1,4.7
10.0,14.1949,-93.2996,15,7,31,1,4.4
10.0,38.6631,-97.1286,15,7,31,0,2.5
10.0,14.1912,-93.2959,15,7,31,1,4.3
10.0,63.639,-150.669,14,7,31,0,2.7
100.048,-32.5496,-70.487,14,7,31,1,4.2
10.0,51.4994,-173.6594,13,7,31,0,2.9
84.5,57.17,-155.737,13,7,31,0,3.2
10.0,28.2591,128.1647,12,7,31,1,4.6
1.0,63.108,-151.538,12,7,31,0,2.5
10.0,-2.6567,138.9017,12,7,31,1,4.6
28.86,54.1896,-162.9329,12,7,31,0,2.5
56.94,-41.0259,174.4968,11,7,31,1,4.2
10.0,57.983,-150.457,10,7,31,0,2.9
35.0,54.5713,-159.6884,9,7,31,0,2.9
10.0,36.4791,67.0458,9,7,31,1,4.3
35.0,17.2609,-99.914,9,7,31,1,4.2
10.0,14.1222,-93.2828,9,7,31,1,4.4
10.0,36.2589,53.9219,9,7,31,1,4.6
10.0,53.0535,-163.4681,8,7,31,0,2.9
193.019,-31.1511,-179.4581,8,7,31,1,4.1
10.0,4.0899,93.1811,8,7,31,1,4.9
10.0,20.8038,119.9255,8,7,31,1,4.3
11.178,51.4521,-173.4452,8,7,31,0,3.5
576.772,-19.3295,-177.4889,7,7,31,1,4.4
10.0,-28.7322,-176.56,6,7,31,1,5.0
10.0,-5.7761,153.3858,6,7,31,1,4.3
10.0,50.9494,-125.4169,5,7,31,1,4.1
68.706,51.8421,-173.7482,5,7,31,0,2.7
10.0,35.3612,44.5388,4,7,31,1,4.1
10.0,13.6469,-92.7653,4,7,31,1,4.2
8.6,-28.7565,-178.4091,4,7,31,1,4.6
35.0,-28.3906,-176.6535,4,7,31,1,5.0
16.385,52.479,-162.6326,3,7,31,0,3.0
187.552,52.0185,179.5184,3,7,31,0,2.9
97.35,36.1833,140.0479,2,7,31,1,4.1
6.8187,37.1177,-114.8339,2,7,31,0,2.67
35.0,-28.3357,-176.8455,2,7,31,1,4.3
35.0,-28.5248,-176.9187,2,7,31,1,4.6
10.0,-0.7105,-80.7457,1,7,31,1,4.3
158.243,-8.2963,-74.2581,0,7,31,1,5.6
35.0,15.0975,-93.4059,23,7,30,1,4.1
35.0,54.4675,-159.6397,23,7,30,0,2.6
64.167,53.0803,159.7744,22,7,30,1,4.7
72.408,53.0248,159.5532,21,7,30,1,5.1
10.0,13.9267,-93.313,21,7,30,1,4.3
168.438,-24.2532,-67.2133,20,7,30,0,3.9
9.4,55.942,-159.845,20,7,30,0,2.5
10.0,-28.4937,-176.4902,20,7,30,1,5.0
36.078,-2.6136,138.9247,20,7,30,1,4.2
35.0,12.6461,-89.335,20,7,30,1,4.5
10.0,35.4477,99.4311,20,7,30,1,4.4
10.0,-28.4257,-176.7259,20,7,30,1,4.4
35.0,51.527,-175.1817,19,7,30,0,3.1
8.468,14.2669,-93.0973,18,7,30,1,5.0
257.684,-5.3962,128.9502,18,7,30,1,4.5
29.875,11.5402,139.0293,17,7,30,1,5.9
373.47,-15.1892,-177.5041,17,7,30,1,4.4
10.0,-31.4941,-177.6574,17,7,30,1,5.1
23.145,23.1353,121.4324,16,7,30,1,4.5
66.192,40.2709,142.2522,16,7,30,1,4.3
137.734,-23.2557,-67.8723,16,7,30,1,4.2
199.112,-24.1705,-66.8885,15,7,30,1,4.1
7.26,37.5006666666667,-118.8415,15,7,30,0,3.42
10.0,14.424,-93.5521,15,7,30,1,4.1
10.0,35.3139,44.5244,14,7,30,1,4.1
10.0,13.9252,-92.8289,14,7,30,1,4.2
10.0,-2.6431,138.8924,14,7,30,1,4.5
10.0,52.1157,-165.9409,14,7,30,0,2.8
10.0,-3.0625,130.6524,14,7,30,1,4.5
10.0,35.3763,44.5404,14,7,30,1,4.3
3.31,36.9736666666667,-121.457833333333,14,7,30,0,2.76
10.0,-2.724,138.8636,14,7,30,1,4.6
10.0,32.7068,130.6356,13,7,30,1,5.0
10.0,-2.6852,138.9965,13,7,30,1,4.3
464.296,-7.1724,126.1476,13,7,30,1,4.3
621.457,-13.7751,171.8487,13,7,30,1,4.2
10.0,-27.199,-175.5168,12,7,30,1,4.6
27.24,18.7088333333333,-67.2321666666667,12,7,30,0,2.88
76.01,-7.7955,106.2665,11,7,30,1,4.3
10.0,54.3374,-159.9197,11,7,30,0,2.6
10.0,14.1076,-93.283,10,7,30,1,4.1
130.623,-18.0695,-174.3761,9,7,30,1,4.3
10.0,37.9918,74.5717,9,7,30,1,4.4
10.0,-28.5799,-176.6237,9,7,30,1,4.6
35.0,-16.2202,-173.1827,9,7,30,1,4.5
10.0,38.0747,74.4979,9,7,30,1,4.5
10.0,-29.8506,-72.1928,9,7,30,1,4.4
21.547,-2.7077,138.7574,8,7,30,1,4.6
10.0,-2.4191,138.9572,8,7,30,1,4.5
10.0,-2.5256,139.0177,8,7,30,1,4.4
10.0,52.8301,139.4481,8,7,30,1,4.8
10.0,36.725,54.8538,8,7,30,1,4.8
10.0,15.0687,122.2746,8,7,30,1,4.5
17.0,61.168,-148.737,8,7,30,0,3.2
0.5,63.047,-151.384,7,7,30,0,2.7
10.0,-28.4739,-176.5703,7,7,30,1,4.5
91.052,14.2218,-91.0582,6,7,30,1,5.0
132.116,26.9657,126.6572,6,7,30,1,4.1
98.375,-20.0243,-69.1469,6,7,30,1,4.5
10.0,54.35,-160.0056,6,7,30,0,2.6
10.0,-2.6538,138.7818,5,7,30,1,4.7
10.0,-36.4627,52.0465,5,7,30,1,4.7
10.0,-2.7013,138.9511,5,7,30,1,4.4
10.0,-28.5509,-176.5853,5,7,30,1,4.6
115.384,42.6274,141.599,5,7,30,1,4.1
10.0,-28.7041,-176.5649,5,7,30,1,4.6
20.157,-2.6135,138.9957,5,7,30,1,4.5
10.0,-28.5133,-176.3421,5,7,30,1,4.9
10.0,-28.7824,-176.4501,5,7,30,1,5.6
10.0,-28.5835,-176.6369,5,7,30,1,5.8
32.012,51.2749,-177.1426,5,7,30,0,2.6
35.0,5.2951,124.7958,4,7,30,1,4.4
63.129,55.0842,-161.0778,4,7,30,0,2.9
10.0,-2.566,138.934,4,7,30,1,4.6
10.0,-2.5414,138.9801,4,7,30,1,4.7
10.0,-2.6703,138.9702,4,7,30,1,4.9
5.0,63.217,-147.685,4,7,30,0,2.8
10.0,-2.5881,138.8756,4,7,30,1,5.4
5.0,50.677,-173.857,4,7,30,0,2.5
35.0,54.4253,-160.102,3,7,30,0,2.8
16.1,51.123,-179.658,2,7,30,0,2.5
17.87,19.5748333333333,-66.5068333333333,2,7,30,0,3.39
10.0,-5.7495,153.7224,2,7,30,1,5.3
10.0,-5.6553,153.6359,2,7,30,1,4.9
9.722,32.4664,130.5981,2,7,30,1,4.0
105.614,23.0322,94.5879,2,7,30,1,4.2
10.0,-2.8652,129.3695,1,7,30,1,4.2
10.0,32.264,130.3474,0,7,30,1,4.4
2.7,54.867,-158.868,0,7,30,0,2.5
35.0,14.4002,-93.2964,23,7,29,1,4.4
581.709,-18.4246,-178.1311,22,7,29,1,4.2
10.0,-28.514,-176.636,22,7,29,1,5.1
10.0,-28.2377,-176.5889,22,7,29,1,4.7
10.0,51.995,176.2952,22,7,29,0,2.7
10.0,-28.6668,-176.8204,22,7,29,1,4.8
14.0,-28.4094,-176.6597,22,7,29,1,5.9
161.771,-31.2879,-179.516,22,7,29,1,4.6
10.0,-6.0097,103.0313,22,7,29,1,4.6
10.0,-65.0879,-179.3674,22,7,29,1,5.5
10.0,-40.4534,-17.5637,21,7,29,1,5.0
35.0,54.6643,-160.0487,21,7,29,0,2.5
5.90999984741211,19.863166809082,-155.730331420898,21,7,29,0,2.7
0.0,40.6858,-109.4877,20,7,29,0,3.1
10.0,-24.6754,-175.2546,20,7,29,1,5.0
10.0,-24.6874,-175.28,20,7,29,1,5.1
73.893,51.911,-173.6158,20,7,29,0,3.3
11.706,32.5324,130.5433,20,7,29,1,4.4
10.0,50.4708,177.1109,20,7,29,0,2.6
28.853,52.7187,-168.3163,19,7,29,0,2.7
550.559,-20.6058,-178.3645,19,7,29,1,4.1
113.715,-10.4794,161.4033,18,7,29,1,4.3
10.0,15.2725,-45.8813,18,7,29,1,5.1
17.079,52.5477,-161.2186,18,7,29,0,3.0
498.51,18.372,145.4791,18,7,29,1,4.0
10.0,-24.7399,-175.6355,17,7,29,1,4.3
11.9,50.481,-174.067,17,7,29,0,2.6
10.0,-24.6839,-175.2672,17,7,29,1,5.0
34.02,19.0368333333333,-155.397833333333,16,7,29,0,2.98
10.0,-2.9575,67.8127,16,7,29,1,4.4
17.6,54.561,-161.278,16,7,29,0,2.5
243.521,1.4844,124.3596,16,7,29,1,4.3
10.0,13.1473,124.665,15,7,29,1,5.4
31.237,51.5203,-173.5909,14,7,29,0,2.8
17.649,-33.2976,-72.1646,14,7,29,1,4.4
10.0,15.3225,122.8423,14,7,29,1,5.1
10.0,22.0075,96.0221,14,7,29,1,4.2
10.0,32.512,130.5078,14,7,29,1,4.6
69.855,5.3185,125.0972,13,7,29,1,5.0
10.0,32.3829,130.4923,13,7,29,1,5.3
60.594,5.6147,125.3758,13,7,29,1,5.0
136.113,51.8838,178.2573,12,7,29,1,4.1
12.0,19.3923,-64.6318,12,7,29,0,3.75
10.0,-2.6112,67.8733,12,7,29,1,4.6
10.0,32.7194,130.4924,11,7,29,1,4.0
10.0,13.9632,-93.2221,11,7,29,1,4.3
10.0,-10.8078,161.2225,10,7,29,1,4.5
51.137,-55.8517,-27.3002,10,7,29,1,5.1
96.72,18.4901666666667,-67.1481666666667,10,7,29,0,3.03
10.0,5.6676,127.6272,10,7,29,1,4.3
29.33,18.7315,-66.1408333333333,9,7,29,0,2.88
13.12,35.1833333333333,-118.976833333333,9,7,29,0,2.79
10.0,18.7844,122.1741,9,7,29,1,4.5
10.0,-24.9218,-175.2598,8,7,29,1,4.5
192.484,-22.3652,-67.6164,8,7,29,1,4.1
10.0,-24.4355,-174.6559,8,7,29,1,4.6
29.565,-25.0553,-175.8169,7,7,29,1,4.4
27.294,30.1513,131.0035,7,7,29,1,4.4
10.0,32.8556,131.0099,6,7,29,1,4.4
10.0,41.257,78.8306,6,7,29,1,4.6
10.0,40.9672,20.0811,5,7,29,0,3.9
100.659,51.7291,178.5077,5,7,29,0,3.0
10.0,-56.9629,-66.8885,5,7,29,1,4.5
525.916,-17.6259,-178.807,4,7,29,1,4.9
24.904,-24.9601,-175.7522,4,7,29,1,4.4
10.0,13.9781,-93.253,3,7,29,1,4.1
10.0,-24.7151,-175.1021,3,7,29,1,5.1
10.0,27.8796,56.3157,3,7,29,1,4.0
10.0,14.0556,-93.2468,3,7,29,1,4.3
5.5,52.147,176.391,3,7,29,0,2.5
35.0,-28.489,-176.8402,3,7,29,1,5.1
10.0,51.702,-179.0597,3,7,29,0,2.8
5.0,63.635,-150.695,3,7,29,0,2.9
8.969,52.1271,176.3828,2,7,29,0,3.9
7.76,38.7763333333333,-122.949166666667,2,7,29,0,3.05
10.0,-2.5796,138.8203,2,7,29,1,4.8
5.92,38.777,-122.935666666667,2,7,29,1,4.24
10.0,35.5303,99.5429,2,7,29,1,4.1
11.88,18.806,-67.2523333333333,2,7,29,0,2.94
35.0,51.6613,-171.231,1,7,29,0,2.9
529.066,-24.0748,179.9114,1,7,29,1,4.3
50.282,5.2857,125.492,1,7,29,1,4.3
10.0,12.3719,-89.4995,1,7,29,1,4.3
10.0,-17.8048,-173.0033,0,7,29,1,5.4
10.0,13.9662,-93.2492,0,7,29,1,4.4
52.181,10.2473,126.0314,0,7,29,1,4.9
199.395,13.6688,120.4443,0,7,29,1,4.1
229.595,-17.8019,-174.7771,0,7,29,1,4.1
31.11,20.3175,-156.3065,0,7,29,0,3.6
35.0,51.8468,176.0077,0,7,29,0,3.1
10.0,13.942,-93.3481,23,7,28,1,4.0
10.0,51.3249,-169.3004,23,7,28,0,2.9
10.0,-4.3948,153.0418,23,7,28,1,4.8
9.0,18.8081,-67.2778,23,7,28,0,3.6
71.782,-7.4254,129.2509,23,7,28,1,4.1
10.0,50.1089,-179.1726,22,7,28,0,3.6
531.9,-26.1855,179.3076,22,7,28,1,4.3
538.648,-26.2418,179.2148,21,7,28,1,4.8
10.0,-58.9425,-23.9688,21,7,28,1,4.8
10.0,19.2603,-63.5105,21,7,28,0,3.6
1.6,55.958,-159.923,20,7,28,0,3.7
0.7,63.561,-150.633,20,7,28,0,3.5
5.0,63.611,-150.673,20,7,28,1,5.0
9.719,52.0732,176.3376,20,7,28,0,2.5
10.0,-5.7635,153.6953,20,7,28,1,5.4
573.893,-22.2715,179.614,20,7,28,1,4.9
9.246,39.7574,20.752,20,7,28,1,4.7
11.386,51.9932,176.2683,20,7,28,0,2.8
10.0,-5.9224,153.5232,19,7,28,1,4.3
6.2537,31.665,-104.357,19,7,28,0,2.5
131.4,57.789,-156.282,19,7,28,0,2.5
10.0,-10.9013,161.318,19,7,28,1,5.0
120.828,-16.7799,-173.7188,19,7,28,1,4.5
32.3,61.737,-149.568,19,7,28,0,2.5
16.7,57.753,-137.181,19,7,28,0,3.2
235.01,-5.5088,146.8452,19,7,28,1,4.2
35.0,53.3642,-164.7405,18,7,28,0,2.9
34.799,53.3276,-164.725,18,7,28,0,2.5
6.113,52.0017,176.3446,18,7,28,0,2.5
12.0,17.9568,-66.841,17,7,28,0,3.47
0.0,30.0304,-79.5088,17,7,28,0,3.9
10.0,52.785,-161.0305,17,7,28,0,3.0
8.615,52.5605,-170.041,16,7,28,0,3.0
322.063,-29.4505,-179.2515,16,7,28,1,4.1
10.0,51.789,-167.5498,16,7,28,0,2.8
178.782,-31.7869,179.9661,16,7,28,1,4.2
47.279,14.385,-92.6289,16,7,28,1,4.7
15.2,57.752,-137.243,15,7,28,0,2.6
10.0,35.3762,99.0317,15,7,28,1,4.2
37.5,57.006,-153.78,15,7,28,0,3.2
10.0,-60.2138,-62.2562,14,7,28,1,4.9
10.0,51.8813,176.2031,14,7,28,0,3.2
10.0,14.0542,-93.0766,14,7,28,1,4.0
10.0,24.1555,142.2688,14,7,28,1,4.2
14.352,32.5566,130.5174,14,7,28,1,4.8
10.0,18.6071,-81.1115,13,7,28,1,4.3
10.0,18.9468,-81.1,13,7,28,1,4.5
62.529,-8.9665,112.8235,13,7,28,1,4.4
15.595,-9.7091,-79.8344,13,7,28,1,5.3
5.0,51.275,-174.165,12,7,28,0,2.5
155.171,55.9945,-160.7127,12,7,28,0,2.8
10.0,32.6073,130.6922,12,7,28,1,4.6
35.0,51.7954,-173.5959,12,7,28,0,2.8
10.0,32.5024,130.4883,12,7,28,1,4.4
10.0,51.6796,-173.2622,12,7,28,0,3.2
10.0,51.5282,-173.2552,11,7,28,0,2.6
10.0,13.1762,91.9508,11,7,28,1,4.6
10.0,32.585,130.8235,11,7,28,1,4.3
10.0,53.5822,-163.2325,11,7,28,0,2.9
13.732,51.4879,-178.1448,10,7,28,0,2.6
35.0,51.6972,-173.8289,10,7,28,0,3.1
90.83,-6.0664,147.5756,10,7,28,1,4.5
10.0,32.441,130.6832,10,7,28,1,4.4
10.0,52.1063,-171.2893,10,7,28,0,2.8
10.0,32.5942,130.7587,10,7,28,1,4.3
10.0,32.6949,130.6092,9,7,28,1,4.2
10.0,35.2916,99.3771,9,7,28,1,4.7
10.0,14.1885,-92.9818,9,7,28,1,4.1
5.8,51.9714,176.271,9,7,28,0,3.9
155.549,-7.4773,108.3692,9,7,28,1,4.9
10.0,13.7449,-93.2228,9,7,28,1,4.2
10.0,32.4479,130.461,9,7,28,1,4.5
10.0,32.5364,130.6069,8,7,28,1,4.3
10.0,32.3684,130.5387,8,7,28,1,4.9
10.0,32.3769,130.5385,8,7,28,1,5.6
10.0,35.3948,99.5669,8,7,28,1,5.1
10.0,32.6142,130.7206,7,7,28,1,4.3
10.0,32.5537,130.6356,7,7,28,1,4.3
10.0,32.4437,130.8342,7,7,28,1,4.5
8.0,32.6043,130.6269,7,7,28,2,6.8
132.011,37.0849,71.6389,6,7,28,1,4.5
102.0,18.2543,-68.8623,6,7,28,0,3.75
71.76,-20.3865,-70.0661,6,7,28,0,3.2
35.0,51.1458,-178.0588,5,7,28,0,2.5
48.148,-34.7793,-71.6403,5,7,28,1,4.8
10.0,64.6849,-17.6544,5,7,28,1,5.4
13.0,14.239,-92.6259,5,7,28,1,5.9
6.0,54.463,-160.434,5,7,28,0,2.5
10.0,55.9941,164.8901,4,7,28,1,5.8
10.0,52.0504,176.3087,4,7,28,0,2.7
70.007,12.8991,-88.6307,4,7,28,1,4.2
17.51,51.5158,-173.3805,4,7,28,0,2.5
10.0,35.4257,99.5723,3,7,28,1,5.8
14.822,52.0525,176.3754,3,7,28,0,3.2
10.0,35.4269,99.4707,3,7,28,1,5.7
77.62,18.3536666666667,-67.9863333333333,3,7,28,0,3.3
6.4203,31.672,-104.363,2,7,28,0,3.3
6.5228,31.67,-104.362,2,7,28,0,2.9
35.0,-33.209,-68.8062,1,7,28,1,4.0
94.862,-5.5151,150.709,1,7,28,1,4.2
10.0,-12.7219,-14.5798,1,7,28,1,5.3
2.015,51.1633,178.2538,1,7,28,0,3.7
48.327,51.5136,-176.375,0,7,28,0,2.6
13.69,51.5626,-173.824,0,7,28,0,3.1
3.5,51.528,-173.747,0,7,28,0,2.7
27.1,64.828,-149.129,23,7,27,0,2.7
9.9121,31.84,-102.684,23,7,27,0,3.5
464.461,27.1014,140.2855,23,7,27,1,4.1
10.0,-24.8313,-175.2173,23,7,27,1,5.1
10.0,-24.3205,-175.2294,23,7,27,1,4.9
71.033,7.6302,126.702,23,7,27,1,5.3
35.0,-1.9863,139.1552,22,7,27,1,4.4
144.445,-8.7451,-74.6779,22,7,27,1,4.4
10.0,-7.4962,-13.5846,22,7,27,1,5.0
34.838,51.4447,-176.3449,22,7,27,0,2.9
35.0,40.1136,142.5413,22,7,27,1,4.4
94.191,-16.1089,-72.2944,22,7,27,1,4.4
45.682,51.8009,176.2865,21,7,27,0,3.7
27.198,-39.3339,177.228,21,7,27,1,4.3
10.0,43.7074,-10.1745,20,7,27,1,4.2
10.0,-47.8289,116.1189,20,7,27,1,4.5
10.0,-14.5826,168.0967,20,7,27,1,5.0
64.6,59.816,-151.934,19,7,27,0,2.5
14.3,51.301,-179.609,19,7,27,0,2.6
427.411,28.0899,139.9355,19,7,27,1,4.4
10.0,-24.5189,-175.0507,18,7,27,1,4.5
10.0,-24.6628,-175.3541,18,7,27,1,4.5
44.837,41.1395,143.047,18,7,27,1,4.2
121.056,36.5552,71.5953,17,7,27,1,4.5
53.862,-32.9625,-71.4287,17,7,27,1,4.1
10.0,6.3585,-82.5166,16,7,27,1,4.5
12.43,17.9246666666667,-66.8671666666667,16,7,27,0,2.54
10.0,8.6594,-39.8428,16,7,27,1,4.6
10.0,34.056,-107.0391,16,7,27,0,2.5
4.5477,39.3147,-119.0742,16,7,27,0,2.96
12.0,39.3162,-119.0538,16,7,27,0,3.4
10.0,44.4231,-129.6578,15,7,27,0,3.1
10.0,-2.5939,138.8091,15,7,27,1,4.9
10.0,-2.3252,138.8002,15,7,27,1,4.6
1.4,38.789,-122.724666666667,15,7,27,0,2.65
2.03,38.7835,-122.725833333333,15,7,27,0,2.72
28.109,54.8811,-160.2528,14,7,27,0,2.8
10.0,56.4815,-149.3992,14,7,27,0,3.0
92.272,-5.3975,151.4893,14,7,27,1,5.0
43.04,18.638,-64.3406666666667,14,7,27,0,2.95
5.0,52.2075,-170.6356,14,7,27,0,2.9
10.0,-24.8759,-175.6816,13,7,27,1,4.3
2.1,51.461,-173.579,12,7,27,0,2.6
35.0,51.6795,-173.7107,12,7,27,0,3.0
113.476,-4.5481,153.392,11,7,27,1,4.5
8.507,34.0436,-106.9994,11,7,27,0,2.6
59.5,58.847,-152.564,11,7,27,0,2.9
122.18,-22.1982,171.2964,10,7,27,1,4.9
101.702,-20.267,-69.1149,10,7,27,1,4.6
10.0,51.3123,-173.2711,10,7,27,0,3.9
135.473,-22.4032,170.1596,10,7,27,1,4.4
19.012,52.2153,-170.5784,9,7,27,0,2.9
130.3,59.983,-153.105,9,7,27,0,2.5
23.9,53.01,-166.902,9,7,27,0,2.6
104.251,-23.485,-68.6578,8,7,27,1,5.1
10.0,-24.7618,-175.5552,8,7,27,1,5.3
10.0,-24.6421,-175.2565,8,7,27,1,5.2
43.0,19.5711,-64.4798,8,7,27,0,3.84
10.0,51.8336,176.2572,8,7,27,0,3.1
5.68,36.9603333333333,-121.447833333333,8,7,27,0,2.96
35.0,-3.1236,127.8753,7,7,27,1,4.4
82.917,51.6965,-176.6075,7,7,27,0,2.7
85.7,62.639,-151.165,6,7,27,0,3.2
5.0,36.8475,-104.8455,6,7,27,0,3.4
10.0,-24.8261,-175.8313,6,7,27,1,4.1
15.4,62.09,-149.436,6,7,27,0,3.0
10.0,-24.5542,-175.0525,5,7,27,1,4.8
64.81,53.4955,160.1144,5,7,27,1,4.3
7.71,40.3215,-124.832833333333,5,7,27,0,2.8
10.0,-2.5428,138.9672,5,7,27,1,4.2
10.0,-5.9793,153.0621,5,7,27,1,4.6
62.396,51.3606,-179.9226,5,7,27,0,3.3
10.0,-5.7926,153.2121,4,7,27,1,4.6
83.356,-2.049,-79.8886,4,7,27,1,4.4
10.0,35.3264,87.6649,4,7,27,1,4.2
35.0,-24.5298,-175.6428,4,7,27,1,4.6
6.0999,31.654,-104.369,3,7,27,0,2.8
114.785,-28.7024,-69.5336,3,7,27,1,4.4
10.0,-24.4357,-175.2951,3,7,27,1,5.2
23.401,51.5761,-173.2559,3,7,27,0,3.5
10.0,-24.4705,-175.1064,3,7,27,1,5.0
20.0,51.489,-173.261,3,7,27,0,2.5
112.196,37.3635,71.4302,3,7,27,1,4.1
10.0,-24.7317,-175.2184,3,7,27,1,4.5
10.0,-24.4032,-175.0946,2,7,27,1,4.9
10.0,-24.4935,-175.2014,2,7,27,1,4.9
10.0,6.2315,-82.4279,2,7,27,1,4.3
22.804,23.1812,120.5417,2,7,27,1,4.5
10.0,-22.349,-20.2587,2,7,27,1,4.9
10.0,-24.5032,-175.1262,1,7,27,1,5.1
10.0,51.8514,176.1496,1,7,27,0,3.1
10.0,-24.4659,-175.1968,1,7,27,1,4.9
10.0,-24.5884,-175.2333,1,7,27,1,4.9
71.647,-16.5005,-174.0046,1,7,27,1,4.7
24.942,53.5502,-164.8364,0,7,27,0,2.5
10.0,1.7908,99.0799,0,7,27,1,4.4
76.158,51.4387,-179.0656,0,7,27,0,2.7
18.2,62.312,-148.699,0,7,27,0,2.5
10.0,51.3961,-173.0853,0,7,27,0,2.8
59.0,53.241,-166.706,0,7,27,0,2.5
6.422,52.2287,-173.1064,23,7,26,0,2.6
149.2,59.961,-153.47,23,7,26,0,2.5
10.0,-22.4994,-20.2145,22,7,26,1,4.6
10.0,-22.5406,-20.2581,22,7,26,1,5.0
35.0,53.7136,-164.7936,22,7,26,0,3.2
175.13,-24.4019,-67.3585,21,7,26,1,4.3
10.0,51.5323,-173.3941,21,7,26,0,2.7
96.762,-6.0819,147.5915,21,7,26,1,4.3
134.225,51.8609,-179.9187,21,7,26,0,2.5
12.95,53.6147,-164.7481,21,7,26,0,3.1
35.0,53.7267,-164.8266,21,7,26,0,2.9
10.0,-55.4872,-29.7725,21,7,26,1,4.5
23.55,19.8238333333333,-155.621,20,7,26,0,3.03
171.75,17.57,-94.458,20,7,26,1,4.3
35.0,44.7588,149.4287,19,7,26,1,4.2
5.0,51.377,-173.361,19,7,26,0,2.5
35.0,51.7569,-173.9369,18,7,26,0,3.5
35.0,51.6342,-173.4431,18,7,26,0,2.7
35.0,51.224,178.0125,18,7,26,0,2.6
5.0,51.455,-173.889,18,7,26,0,2.5
10.0,29.8963,-42.7859,18,7,26,1,5.4
532.119,-23.5667,179.9371,18,7,26,1,4.4
35.0,51.6888,-173.2831,18,7,26,0,3.2
74.15,48.2859,154.1785,18,7,26,1,4.4
113.0,18.111,-68.9111,17,7,26,0,3.7
35.0,53.6695,-164.8277,17,7,26,0,2.7
35.0,52.8204,-168.2907,17,7,26,0,3.2
156.081,-27.9949,-66.6801,17,7,26,1,4.6
6.7627,34.996,-101.386,17,7,26,0,2.8
35.0,51.4288,-175.1891,17,7,26,0,3.9
79.92,51.8375,-175.8533,16,7,26,0,2.6
10.0,51.6035,-173.2549,16,7,26,0,3.8
10.0,51.5646,-173.1952,16,7,26,0,3.8
10.0,51.4211,-173.1264,15,7,26,0,2.6
10.0,51.452,-173.3869,15,7,26,0,3.0
65.586,13.6693,-91.6376,15,7,26,1,4.1
10.0,51.5458,-173.3667,15,7,26,0,2.6
74.674,14.0032,-91.3501,15,7,26,1,4.3
55.058,5.3184,125.3392,15,7,26,1,4.2
10.0,51.5738,-173.4243,15,7,26,0,2.8
10.0,51.5682,-173.2419,15,7,26,0,3.9
40.125,51.188,-178.4996,15,7,26,0,2.7
5.0,66.6564,-140.801,15,7,26,0,3.0
10.0,52.0346,176.1949,14,7,26,0,3.2
12.72,17.9566666666667,-66.8401666666667,14,7,26,0,2.57
77.0,18.948,-64.4616,14,7,26,0,3.73
10.0,51.9193,176.2458,14,7,26,0,3.4
498.701,52.3324,152.1882,14,7,26,1,4.2
10.0,51.5124,-173.354,14,7,26,0,3.3
35.19,54.2556,161.7655,14,7,26,1,4.4
10.0,51.4362,-173.2428,13,7,26,0,3.6
10.0,51.3847,-173.3555,13,7,26,0,3.6
10.0,51.469,-173.3178,13,7,26,0,3.0
6.6,57.951,-155.966,13,7,26,0,3.0
10.0,37.1468,-3.5957,13,7,26,0,3.1
198.68,-23.8046,-66.7317,13,7,26,1,4.4
10.0,51.4606,-172.5989,13,7,26,0,3.3
38.79,51.5964,-173.4137,13,7,26,1,4.3
13.06,18.0091666666667,-67.1976666666667,13,7,26,0,2.89
102.444,-18.1988,168.6685,12,7,26,1,4.5
95.992,24.8953,121.7883,12,7,26,1,4.7
552.367,-23.4683,-179.603,12,7,26,1,4.1
0.2,51.451,-173.458,11,7,26,0,2.5
22.76,-2.8209,141.1261,11,7,26,1,4.2
10.0,51.985,176.2843,11,7,26,0,3.0
71.424,54.8578,-161.8733,11,7,26,0,3.3
10.0,-9.9695,123.3681,10,7,26,1,5.3
10.0,51.4913,-173.5831,10,7,26,0,2.8
10.0,51.6275,-173.2036,10,7,26,0,2.8
10.0,51.4613,-173.4283,10,7,26,0,2.7
10.0,50.5888,-172.589,10,7,26,0,2.8
35.0,51.8586,-173.3274,10,7,26,0,2.7
7.6,51.501,-173.331,10,7,26,0,2.5
35.0,14.1489,-92.3106,10,7,26,1,4.2
10.0,51.5574,-173.4777,9,7,26,0,2.9
10.0,51.5533,-173.1465,9,7,26,0,2.9
41.236,51.6662,-173.2958,9,7,26,0,3.6
10.0,11.2158,-86.7784,9,7,26,1,4.7
10.0,51.4477,-173.3054,9,7,26,0,3.7
5.2,51.505,-173.551,9,7,26,0,2.6
9.235,51.5372,-173.2748,8,7,26,0,3.0
10.0,51.4806,-173.2688,8,7,26,0,3.1
5.0,51.481,-173.566,8,7,26,0,2.7
7.413,51.4965,-173.4817,8,7,26,0,3.0
10.0,51.5154,-173.35,8,7,26,0,3.1
20.8,56.798,-153.704,8,7,26,0,2.8
121.589,36.4279,71.3005,8,7,26,1,4.2
12.0,51.4606,-173.2795,8,7,26,1,5.8
62.6,61.392,-150.838,8,7,26,0,2.5
8.038,5.4754,126.0766,8,7,26,1,4.4
28.011,-47.1439,165.409,7,7,26,1,4.2
10.0,51.5871,-173.4353,7,7,26,0,2.8
10.0,-8.4417,147.5934,6,7,26,1,4.2
177.02,37.3338,71.9348,6,7,26,1,4.4
35.0,52.7014,160.9569,6,7,26,1,4.3
445.264,38.4122,133.4355,5,7,26,1,4.4
117.753,41.6586,141.4672,4,7,26,1,4.1
39.78,19.4156666666667,-65.6728333333333,4,7,26,0,3.36
35.0,0.0408,125.8325,4,7,26,1,4.5
10.0,-56.9265,147.4133,3,7,26,1,4.4
5.0,50.168,-179.643,3,7,26,0,2.7
10.0,-33.5928,-177.7721,3,7,26,1,4.7
6.4941,32.111,-101.84,3,7,26,0,2.8
2.9,51.499,-173.419,3,7,26,0,3.5
10.0,4.8056,-72.7048,2,7,26,1,4.6
35.0,51.6461,-173.3382,2,7,26,0,3.6
43.036,51.777,-173.2847,1,7,26,1,4.1
10.0,51.4273,-173.1703,1,7,26,0,3.3
8.2,67.553,-158.219,1,7,26,0,3.0
10.0,-34.1414,-14.5373,1,7,26,1,5.3
7.5,51.486,-173.379,1,7,26,0,2.7
5.6,51.306,-173.268,1,7,26,0,2.5
10.0,73.4807,7.3189,0,7,26,1,4.4
10.0,29.817,56.793,0,7,26,1,4.4
387.627,-21.7211,-177.9208,0,7,26,1,4.3
10.0,52.1595,176.4027,23,7,25,0,3.0
0.9,51.464,-173.546,23,7,25,0,2.6
55.06,50.3015,156.8903,23,7,25,1,4.5
41.203,51.5387,-173.3678,23,7,25,1,4.0
35.0,51.5047,-173.2837,23,7,25,0,3.0
35.0,53.4486,-165.2275,23,7,25,0,2.9
35.0,53.5357,-165.2809,23,7,25,0,2.8
69.714,25.9839,95.2638,23,7,25,1,4.5
9.019,34.3657,-107.9435,22,7,25,0,3.4
7.3,51.489,-173.503,22,7,25,0,2.5
35.0,51.6116,-173.1141,21,7,25,0,2.9
15.28,17.9398333333333,-66.9088333333333,21,7,25,0,3.08
56.081,-29.4664,-177.6144,21,7,25,1,4.9
46.041,14.023,-92.0771,21,7,25,1,4.1
15.83,51.6966666666667,-178.816666666667,21,7,25,0,3.31
35.0,51.5794,-173.2558,21,7,25,0,2.7
20.263,51.5045,-173.2145,21,7,25,1,4.9
58.934,-56.0708,-27.4146,21,7,25,1,4.6
-2.19,41.5566666666667,-109.883,20,7,25,0,3.28
28.1,51.457,-175.763,20,7,25,0,2.5
35.0,54.5693,-159.9336,19,7,25,0,2.7
62.346,35.6631,73.6994,18,7,25,1,4.3
10.0,49.5528,-129.2995,18,7,25,1,4.4
131.342,-7.3467,128.8227,17,7,25,1,4.3
10.0,11.9587,144.1921,17,7,25,1,4.3
16.5,61.774,-149.73,17,7,25,0,2.8
6.8689,31.979,-103.313,17,7,25,0,2.5
123.957,36.2516,69.9094,16,7,25,1,4.1
519.644,-6.9026,125.5611,16,7,25,1,4.2
604.707,-18.422,-177.8904,16,7,25,1,4.1
116.177,27.152,127.2437,15,7,25,1,4.1
10.0,51.4519,179.7659,15,7,25,0,2.5
77.7,59.899,-151.835,15,7,25,0,2.5
79.832,47.0505,153.0921,15,7,25,1,4.3
8.1,52.071,-169.19,14,7,25,0,2.5
35.801,22.9105,143.9545,14,7,25,1,4.1
10.0,50.9852,-170.0447,13,7,25,0,3.0
64.865,5.9152,124.7026,13,7,25,1,4.4
114.389,-4.5625,153.4577,12,7,25,1,4.4
8.1763,31.519,-104.15,11,7,25,0,2.6
16.16,18.2273333333333,-67.4673333333333,11,7,25,0,2.75
89.0,18.0078,-68.4316,10,7,25,0,3.67
7.2791,31.659,-104.213,9,7,25,0,2.8
10.0,52.0211,176.2965,9,7,25,0,3.4
157.634,4.2939,125.6171,8,7,25,1,4.3
35.0,51.6664,-173.6135,8,7,25,0,2.7
10.0,34.247,45.1566,7,7,25,1,4.1
10.0,27.4481,55.0632,7,7,25,1,4.2
35.0,4.8602,125.2336,7,7,25,1,4.2
53.851,4.8349,125.3441,6,7,25,1,4.9
22.215,51.7057,-173.6957,6,7,25,0,2.6
10.0,-56.5635,-5.5996,6,7,25,1,4.6
10.0,3.8995,-78.6426,6,7,25,1,4.4
35.0,52.3463,-169.2278,6,7,25,0,3.0
10.0,56.7217,-148.636,6,7,25,0,2.9
20.0,51.499,-173.275,5,7,25,0,2.6
35.0,14.4725,-92.7787,5,7,25,1,5.1
4.61,33.182,-115.6055,1,7,25,0,2.95
21.26,32.0458333333333,-116.322,1,7,25,0,2.91
10.0,-29.8178,-177.1823,1,7,25,1,4.6
19.5,52.859,-166.756,0,7,25,0,2.5
10.0,11.7043,42.7681,0,7,25,1,4.4
32.88,18.69,-67.305,0,7,25,0,2.57
10.0,-14.3061,166.6484,23,7,24,1,5.0
201.449,13.2272,143.2457,23,7,24,1,4.3
4.03,39.92,-120.413166666667,23,7,24,0,2.56
80.402,33.3505,140.2501,23,7,24,1,4.3
10.0,-57.2869,-66.8148,23,7,24,1,5.4
19.9,51.353,-175.901,23,7,24,0,2.6
10.0,-13.9262,167.4146,22,7,24,1,4.9
10.0,41.6711,13.9656,22,7,24,1,4.4
10.0,51.3702,176.396,22,7,24,0,3.5
15.0,-13.9998,166.9736,21,7,24,2,6.0
10.0,-14.0055,167.0545,21,7,24,1,5.1
167.118,19.4983,145.7152,20,7,24,1,4.1
35.0,54.4064,-159.9804,19,7,24,0,2.7
6.7383,38.3196,-118.7482,19,7,24,0,2.65
10.0,-6.3154,152.9661,19,7,24,1,4.1
189.718,-23.9617,-66.6441,19,7,24,1,5.3
10.0,38.1621,22.6252,19,7,24,1,4.3
474.692,-20.973,-178.16,19,7,24,1,4.4
10.0,4.8995,125.447,19,7,24,1,4.9
33.578,14.4827,-92.9601,18,7,24,1,4.2
35.0,31.4744,141.4673,18,7,24,1,4.5
183.546,17.6913,-94.2042,17,7,24,1,4.5
52.905,-5.5841,103.8222,17,7,24,1,4.9
49.149,-20.1248,-174.891,17,7,24,1,5.0
88.318,-15.5368,-173.9521,16,7,24,1,4.6
10.0,-38.9691,175.2489,16,7,24,1,5.7
81.515,51.7241,158.0173,16,7,24,1,5.1
631.748,-21.0487,-179.0219,15,7,24,1,4.3
6.8002,38.3202,-118.7414,15,7,24,0,2.56
10.0,-27.2939,-67.8151,15,7,24,1,4.8
10.0,-2.5709,138.9909,14,7,24,1,4.2
10.0,-0.7641,137.2947,14,7,24,1,4.2
175.794,-15.6121,167.647,14,7,24,1,4.7
6.08,18.8801666666667,-64.4621666666667,14,7,24,0,2.51
190.671,-6.8546,129.5506,14,7,24,1,4.2
10.0,14.1315,-93.435,13,7,24,1,4.3
12.31,17.977,-66.6451666666667,12,7,24,0,2.56
10.0,-2.6724,138.983,12,7,24,1,4.6
10.0,-2.5996,138.8379,12,7,24,1,5.1
10.0,-2.6282,138.9623,12,7,24,1,4.5
10.0,-2.5691,138.9073,12,7,24,1,5.4
10.0,43.0818,13.66,12,7,24,0,2.6
10.0,-2.5624,138.8963,11,7,24,1,4.6
10.0,-2.718,138.9205,11,7,24,1,4.6
10.0,-2.5658,138.8439,11,7,24,1,5.3
48.22,0.6854,126.1929,11,7,24,1,4.1
5.0,51.531,-173.933,10,7,24,0,2.6
162.238,11.4257,-86.0379,10,7,24,1,4.3
5.9973,31.431,-103.94,10,7,24,0,2.7
604.584,-17.9844,-178.151,10,7,24,1,4.3
10.0,52.0386,176.2278,9,7,24,1,4.3
10.0,50.9417,-175.9958,9,7,24,0,2.7
10.0,14.2921,-93.7495,9,7,24,1,4.3
7.3908,38.4468,-116.5155,9,7,24,0,2.67
20.906,14.1501,-93.2592,9,7,24,1,4.2
88.3,59.957,-152.136,9,7,24,0,2.9
21.51,17.868,-64.2691666666667,8,7,24,0,3.0
15.05,17.9201666666667,-66.9108333333333,8,7,24,0,2.71
10.0,8.6615,-39.4989,8,7,24,1,4.6
10.0,51.5446,-173.2281,8,7,24,0,3.1
10.0,-36.285,52.6777,8,7,24,1,4.3
578.251,-17.6022,-178.7956,8,7,24,1,4.2
5.0,51.568,-174.119,8,7,24,0,2.6
7.5,51.685,179.936,8,7,24,0,2.7
10.0,-22.983,69.0303,8,7,24,1,5.1
145.105,-17.62,-69.6875,7,7,24,1,4.3
10.0,51.5432,-173.239,7,7,24,0,2.9
10.0,-6.0583,134.076,6,7,24,1,4.2
126.667,36.3971,70.8371,6,7,24,1,4.1
195.72,13.7448,121.1009,5,7,24,1,4.3
163.615,-7.7602,111.94,5,7,24,1,4.2
10.0,51.0286,-172.1288,4,7,24,0,3.1
2.6,50.937,-178.372,3,7,24,0,2.6
9.0,18.9423,-67.2968,2,7,24,1,4.8
26.623,52.1394,-170.5858,2,7,24,0,2.7
22.8,51.237,-176.147,2,7,24,0,2.5
18.3,52.255,-168.9,1,7,24,0,2.5
35.0,51.6481,-173.2312,1,7,24,0,3.0
10.0,51.1019,-176.087,1,7,24,1,5.1
10.0,40.4049,-126.7711,1,7,24,0,3.1
7.85,18.9735,-67.1616666666667,0,7,24,0,3.06
143.852,-7.4112,128.7141,0,7,24,1,4.4
35.0,-58.6939,-25.1649,0,7,24,1,4.9
10.0,51.962,176.2162,0,7,24,0,3.5
10.0,47.6573,15.8896,23,7,23,1,4.2
35.0,51.6405,-173.2615,23,7,23,0,3.0
10.0,-2.5404,138.8081,23,7,23,1,4.4
20.0,51.548,-173.287,23,7,23,0,2.9
10.0,14.1012,-93.2537,23,7,23,1,4.2
42.513,0.5968,126.2207,22,7,23,1,5.7
243.118,39.0355,15.3964,22,7,23,1,4.7
10.0,-6.2136,100.615,22,7,23,1,4.7
77.0,59.704,-152.35,22,7,23,0,2.5
10.0,13.9742,-93.4765,22,7,23,1,4.5
46.99,51.2526,178.6397,22,7,23,0,2.8
156.637,1.7524,99.5657,21,7,23,1,4.4
0.5,52.909,-169.698,21,7,23,0,2.5
36.0,52.637,-168.614,21,7,23,0,2.5
70.8,56.262,-156.45,21,7,23,0,3.1
10.0,-2.6264,138.7715,21,7,23,1,4.4
10.0,-2.5979,138.9134,21,7,23,1,4.4
500.228,-18.7366,-178.011,20,7,23,1,4.5
10.0,-2.7833,138.9673,20,7,23,1,4.4
10.0,-2.5707,138.6812,20,7,23,1,4.8
549.762,-18.0263,-178.2021,19,7,23,1,4.5
10.0,43.094,-126.3045,19,7,23,1,4.3
36.4,52.48,-168.62,18,7,23,0,2.6
79.625,49.8977,155.8542,18,7,23,1,4.3
7.32,19.0991666666667,-66.4715,18,7,23,0,2.96
56.524,53.7802,-165.4525,18,7,23,0,2.6
54.334,18.672,94.6933,18,7,23,1,4.0
37.0,19.5998,-64.2266,18,7,23,0,3.54
153.262,6.6869,-73.0936,17,7,23,1,4.5
61.584,52.9722,159.4463,17,7,23,1,4.2
7.7393,32.504,-101.191,17,7,23,0,3.9
22.0,51.58,-175.045,17,7,23,0,2.5
14.73,32.9116666666667,-115.5215,16,7,23,0,3.24
10.0,54.4274,-160.0337,15,7,23,0,2.9
587.335,-18.0353,-178.3716,15,7,23,1,4.2
28.723,14.5797,-93.4418,15,7,23,1,4.5
35.0,51.6259,-173.3208,15,7,23,0,3.3
10.0,11.8746,143.1044,15,7,23,1,4.6
146.197,6.9212,-73.1419,15,7,23,1,4.3
35.0,51.9928,-171.5217,14,7,23,0,2.8
198.532,-11.9697,166.418,14,7,23,1,4.6
5.2795,32.016,-103.239,14,7,23,0,2.7
0.7,62.213,-149.947,13,7,23,0,2.5
10.0,-20.2827,168.7801,13,7,23,1,4.5
383.511,32.1829,137.5865,13,7,23,1,4.0
35.0,51.5645,-173.2435,13,7,23,0,3.1
35.0,13.8418,-92.2304,13,7,23,1,5.0
129.4,59.975,-153.064,13,7,23,0,2.6
29.61,51.3027,-179.2722,12,7,23,0,3.2
10.0,-30.7097,-72.8531,12,7,23,1,4.7
321.081,18.0066,145.2931,12,7,23,1,4.9
10.0,13.5678,-92.5753,12,7,23,1,4.6
2.1,52.364,-168.815,10,7,23,0,2.5
5.6885,35.902,-100.976,10,7,23,1,5.0
20.0,51.519,-173.598,9,7,23,0,2.7
35.0,51.5858,-173.2766,9,7,23,0,3.8
35.0,51.5339,-173.1813,9,7,23,1,4.9
10.0,27.8995,130.1205,9,7,23,1,5.1
2.77,37.9738333333333,-112.513166666667,9,7,23,0,2.62
11.49,32.9116666666667,-115.520166666667,9,7,23,0,2.73
15.51,32.9091666666667,-115.522666666667,8,7,23,0,2.77
15.83,32.908,-115.528,8,7,23,0,3.25
4.88,38.1781666666667,-112.314166666667,8,7,23,0,2.6
10.0,30.0449,50.9206,7,7,23,1,4.4
36.464,-32.6355,-71.7168,7,7,23,1,4.2
9.36,32.9151666666667,-115.5345,7,7,23,0,3.61703988682385
9.87,32.915,-115.532833333333,7,7,23,0,3.07
9.78,32.911,-115.532333333333,7,7,23,0,2.97
42.809,51.5861,-173.1611,6,7,23,1,4.6
10.0,14.2298,-93.7414,6,7,23,1,4.2
10.0,8.5187,-39.3965,6,7,23,1,5.1
225.614,53.1541,-170.9545,4,7,23,0,3.9
69.909,23.3303,95.0165,4,7,23,1,4.6
5.23,42.3625,-111.389,3,7,23,0,3.23
10.0,-2.7115,138.8489,3,7,23,1,4.4
51.662,-9.7353,-79.1827,2,7,23,1,4.6
119.099,-16.0398,-72.3941,2,7,23,1,4.7
10.0,-4.3925,137.8757,2,7,23,1,4.2
10.0,30.2905,-113.8297,2,7,23,1,4.1
100.404,-23.1174,-68.97,1,7,23,1,4.4
20.0,51.509,-173.467,1,7,23,0,3.0
4.25,37.7403333333333,-122.148333333333,0,7,23,0,2.64
10.0,13.6536,-92.9354,0,7,23,1,4.1
10.0,52.2725,-168.0737,0,7,23,0,2.8
10.0,17.0116,147.9323,0,7,23,1,4.1
10.0,17.0983,146.2797,0,7,23,1,4.2
44.966,-4.469,102.3452,23,7,22,1,4.2
25.9,56.091,-153.305,23,7,22,0,2.7
5.0,60.5825,-139.9144,22,7,22,0,2.6
61.949,-15.8112,-173.9021,21,7,22,1,4.9
11.4,17.9363333333333,-66.845,21,7,22,0,2.62
10.0,-14.6774,167.9296,21,7,22,1,4.9
11.76,17.9405,-66.8436666666667,21,7,22,0,2.66
501.375,-20.8554,-178.3562,21,7,22,1,4.3
22.112,-29.5278,-177.1126,21,7,22,1,5.1
9.66,18.9898333333333,-67.6436666666667,21,7,22,0,3.32
27.376,23.5655,121.5859,20,7,22,1,4.1
10.0,-5.6548,144.9654,20,7,22,1,4.3
31.62,19.1823333333333,-155.485833333333,20,7,22,0,2.85
35.0,-29.3819,-177.1295,20,7,22,1,4.9
10.0,-8.0854,117.7981,19,7,22,1,4.3
6.5,56.107,-153.302,18,7,22,0,3.1
5.2,56.153,-153.374,18,7,22,0,2.8
339.784,-31.4158,179.9205,18,7,22,1,4.8
340.53,-6.6462,127.6812,18,7,22,1,4.2
16.2,56.199,-153.375,18,7,22,1,4.9
10.0,14.2887,-93.1899,18,7,22,1,4.0
32.964,5.2175,94.1733,18,7,22,1,4.1
36.274,40.2712,143.1579,17,7,22,1,4.1
10.0,3.8435,96.879,17,7,22,1,4.0
111.515,-23.3119,-68.4873,17,7,22,1,4.8
14.0,39.0966,-119.0437,17,7,22,0,3.5
14.7,54.547,-159.889,17,7,22,0,2.5
10.0,56.0947,-149.6246,17,7,22,0,3.2
10.0,14.0879,-92.8164,17,7,22,1,4.3
35.0,-29.4123,-177.0007,15,7,22,1,4.9
41.523,-29.6276,-177.4301,15,7,22,1,4.9
10.0,-2.6478,138.8997,14,7,22,1,4.9
10.0,-8.0284,117.6948,14,7,22,1,4.2
23.409,5.5289,125.0459,13,7,22,1,4.3
7.3,52.2,-169.198,12,7,22,0,2.7
171.415,13.004,143.2098,12,7,22,1,4.4
10.0,13.9377,-93.4294,11,7,22,1,4.2
123.346,-23.7389,-68.3512,11,7,22,1,4.6
118.333,-22.1759,-68.5868,11,7,22,1,4.3
38.874,37.2552,141.7199,11,7,22,1,4.5
121.4,60.115,-152.86,11,7,22,0,2.5
35.0,40.1633,143.2259,10,7,22,1,4.4
105.698,-5.9552,147.3913,10,7,22,1,4.7
27.611,51.276,-177.7213,10,7,22,0,2.6
10.0,52.3505,160.5999,10,7,22,1,4.3
7.78,17.6138333333333,-67.137,10,7,22,0,3.03
35.0,5.5976,124.9678,10,7,22,1,4.4
10.0,14.1204,-93.0034,10,7,22,1,4.5
10.0,13.3114,51.1402,10,7,22,1,4.5
10.0,13.9533,-93.0189,9,7,22,1,4.3
64.111,5.6126,125.3679,9,7,22,1,5.0
10.0,-27.7959,-71.6178,9,7,22,1,4.9
7.088,53.374,-165.0626,9,7,22,0,2.7
7.3975,31.724,-101.686,9,7,22,0,2.5
36.819,14.1914,-93.3255,8,7,22,1,4.2
83.577,50.8888,156.936,8,7,22,1,4.2
10.0,-19.7522,170.1633,7,7,22,1,4.2
10.0,-2.5646,138.8038,6,7,22,1,4.9
108.5,61.749,-151.839,6,7,22,0,2.8
-1.92,42.3766666666667,-111.3965,6,7,22,0,2.99
487.81,-24.5526,-179.9609,5,7,22,1,4.4
10.0,43.3559,-126.7003,5,7,22,0,3.9
10.0,4.1948,97.4958,4,7,22,1,5.0
10.0,14.0453,-93.1443,3,7,22,1,4.1
35.0,44.4561,149.1226,3,7,22,1,4.6
18.029,52.011,-171.0697,3,7,22,0,2.9
127.0,60.376,-152.759,2,7,22,0,3.0
61.498,-19.2243,-70.0393,2,7,22,1,4.7
35.0,-23.4694,-70.7526,1,7,22,1,4.1
10.0,-59.4156,-30.183,0,7,22,1,4.5
6.7151,32.009,-103.246,0,7,22,0,2.6
287.382,22.6636,142.7527,23,7,21,1,4.2
115.636,35.7078,69.3831,23,7,21,1,4.4
10.0,-33.8552,-178.183,23,7,21,1,4.5
9.4,57.41,-155.451,22,7,21,0,2.8
151.31,-17.9916,168.5935,22,7,21,1,4.8
10.0,14.08,-93.5732,21,7,21,1,4.2
78.634,8.6313,126.3706,20,7,21,1,4.3
14.049,-2.5848,140.361,20,7,21,1,4.0
27.924,-7.1643,155.7158,19,7,21,1,4.5
10.0,-20.2764,168.5583,19,7,21,1,4.8
10.0,-20.2021,168.7178,19,7,21,1,4.4
10.0,28.1539,92.5278,18,7,21,1,4.2
10.0,43.3904,-127.0461,18,7,21,0,3.5
10.0,14.1408,-92.9899,18,7,21,1,4.3
63.677,5.7108,125.422,18,7,21,1,5.1
10.0,43.4138,-127.1588,18,7,21,1,4.6
104.6,59.996,-152.639,18,7,21,0,3.1
36.874,14.4101,-92.8134,18,7,21,1,4.3
10.0,39.7728,-29.697,18,7,21,1,4.7
35.0,-9.1575,-79.9235,17,7,21,1,4.7
10.0,40.0796,-28.3409,17,7,21,1,4.5
10.0,-57.2232,-66.7487,17,7,21,1,4.6
114.189,-21.3325,-69.0442,17,7,21,1,4.1
8.1,51.3,-179.077,16,7,21,0,2.6
10.0,52.111,176.2878,16,7,21,0,3.3
600.84,-25.2362,177.6906,15,7,21,1,4.0
259.857,-18.9242,169.3554,15,7,21,1,4.4
10.0,14.3277,-93.4146,15,7,21,1,4.4
10.0,13.9663,-93.1828,14,7,21,1,4.2
167.796,-27.5174,-67.5102,14,7,21,1,4.3
10.0,50.4583,-173.7961,13,7,21,0,3.1
10.0,13.0116,122.7932,13,7,21,1,4.6
10.0,39.7107,-29.812,13,7,21,1,4.5
10.0,-2.5761,138.8766,13,7,21,1,4.7
10.0,39.5605,-29.6111,13,7,21,1,4.5
10.0,39.6593,-29.535,13,7,21,1,4.3
10.0,40.5652,-28.868,13,7,21,1,4.8
10.0,39.9061,-29.621,13,7,21,1,5.3
54.271,51.4617,159.0878,13,7,21,1,4.0
554.421,-19.9995,-178.208,13,7,21,1,4.0
35.391,-28.818,-176.7916,12,7,21,1,4.7
63.119,1.3173,126.6321,12,7,21,1,4.2
10.0,-57.0489,-24.1677,12,7,21,1,4.5
19.704,-29.2885,-176.9584,12,7,21,1,5.6
35.0,-0.8315,134.1558,12,7,21,1,4.1
539.829,-7.5026,122.8627,11,7,21,1,4.5
10.0,23.1288,101.4266,11,7,21,1,5.2
68.613,-45.0456,167.5039,11,7,21,1,4.4
12.946,12.8161,144.2202,11,7,21,1,4.9
211.514,36.6131,70.8702,10,7,21,1,4.0
5.0,61.4145,-140.0507,10,7,21,0,2.6
31.9,19.18,-155.485333333333,9,7,21,0,2.64
10.0,13.9336,-92.9298,9,7,21,1,4.1
33.142,14.1047,-92.6026,9,7,21,1,4.1
10.0,13.8765,-93.2112,9,7,21,1,4.0
57.776,-59.047,-26.216,8,7,21,1,4.9
35.0,14.2712,-92.9649,6,7,21,1,4.6
10.0,51.9519,176.2102,6,7,21,0,3.6
10.0,-48.578,-10.0571,5,7,21,1,4.5
87.311,51.6214,-179.3265,5,7,21,0,2.6
10.0,14.1335,-93.0813,5,7,21,1,4.4
105.881,-9.2043,118.9931,5,7,21,1,4.4
24.757,51.9943,160.375,4,7,21,1,4.6
19.842,-33.2985,-72.1563,4,7,21,1,4.2
52.2,60.663,-150.236,4,7,21,0,2.9
593.481,-19.7995,-178.172,4,7,21,1,4.2
13.134,10.5051,125.2076,3,7,21,1,4.3
35.0,52.1784,-170.4915,3,7,21,0,2.8
71.82,17.9748333333333,-68.3878333333333,3,7,21,0,3.35
10.0,-27.968,74.1519,3,7,21,1,4.8
10.0,-27.7616,74.1318,3,7,21,1,4.4
10.0,-27.8541,73.9051,3,7,21,1,5.0
31.47,19.172,-155.485333333333,3,7,21,0,2.98
10.0,9.085,40.0891,3,7,21,1,4.4
98.56,43.4398,146.1075,2,7,21,1,4.4
10.0,40.354,-126.5374,2,7,21,0,2.8
7.8287,39.3123,-119.052,1,7,21,0,2.78
5.0,61.179,-150.379,1,7,21,0,2.9
10.0,25.9373,-45.0524,1,7,21,1,4.6
10.0,25.9279,-45.0814,1,7,21,1,5.2
19.0,19.3176,-64.8385,1,7,21,0,3.56
10.0,14.1063,-93.252,0,7,21,1,4.2
7.0426,39.317,-119.0653,0,7,21,0,2.7
205.964,-23.6491,-177.3769,0,7,21,1,4.6
10.0,-32.9896,-178.373,0,7,21,1,4.8
35.0,51.6301,-175.31,23,7,20,0,3.5
35.0,-32.9953,-178.7011,23,7,20,1,4.3
10.0,-14.9486,-172.8584,23,7,20,1,5.0
300.616,45.6029,143.7199,23,7,20,1,4.0
10.0,14.1241,-93.1949,23,7,20,1,4.1
10.0,-52.6567,12.731,22,7,20,1,4.7
10.0,-2.0635,128.4381,22,7,20,1,4.2
10.0,14.6109,-45.1236,21,7,20,1,4.6
10.0,14.7422,-45.1046,21,7,20,1,5.0
10.0,14.6687,-45.0641,21,7,20,1,5.0
10.0,14.5465,-44.9935,21,7,20,1,5.6
91.171,-6.9646,130.029,21,7,20,1,4.4
10.0,13.9249,-93.0789,21,7,20,1,4.2
10.0,-19.6646,-175.0719,21,7,20,1,5.0
140.82,-5.9566,130.1825,20,7,20,1,4.3
67.929,47.1099,152.7759,20,7,20,1,4.5
32.688,14.3735,-93.0039,20,7,20,1,4.3
10.0,-32.7727,-178.1207,20,7,20,1,5.0
10.0,14.2827,-93.1173,20,7,20,1,4.6
10.0,53.2843,-164.113,20,7,20,0,2.8
9.0,19.6866666666667,-64.5003333333333,20,7,20,0,3.43
17.48,18.8401666666667,-67.217,20,7,20,0,3.24
62.115,11.8801,93.2348,19,7,20,1,4.5
35.0,12.6094,-88.8987,19,7,20,1,4.4
4.4,54.494,-160.439,19,7,20,0,2.5
14.9,51.316,-176.017,19,7,20,0,2.5
93.532,50.9868,157.5665,19,7,20,1,4.1
10.0,15.8467,147.4393,19,7,20,1,4.9
36.188,-2.5251,138.9501,19,7,20,1,4.6
10.0,28.6443,142.5036,18,7,20,1,4.4
8.166,51.8889,-175.0127,17,7,20,0,3.7
10.0,52.0079,176.2976,17,7,20,0,3.3
35.0,53.66,-165.1144,17,7,20,0,2.6
10.0,51.9914,176.2437,16,7,20,0,3.2
14.04,17.944,-66.9028333333333,16,7,20,0,2.65
10.0,52.0735,176.3118,16,7,20,0,3.3
21.14,51.0837,-179.2173,15,7,20,0,3.4
13.0,17.9515,-66.9083,15,7,20,0,3.02
47.0,61.141,-150.195,15,7,20,0,2.5
35.0,14.3608,-93.0345,15,7,20,1,4.3
14.873,14.3142,-93.3627,14,7,20,1,4.2
10.0,22.5516,107.6944,14,7,20,1,4.2
78.835,51.8984,-174.7133,14,7,20,0,3.7
17.292,13.8736,-92.7607,14,7,20,1,4.0
19.81,18.2756666666667,-65.467,13,7,20,0,2.51
35.0,14.0678,-92.9542,13,7,20,1,4.2
61.096,1.1625,121.6111,13,7,20,1,4.4
158.5,-14.5671,167.3132,12,7,20,1,4.5
10.0,-11.9654,165.278,12,7,20,1,4.3
10.0,13.963,-92.9101,12,7,20,1,4.2
144.332,-36.7429,178.2132,12,7,20,1,4.1
10.0,51.99,176.3175,11,7,20,0,3.0
46.561,51.4653,177.9581,11,7,20,0,3.6
35.0,14.2261,-92.8576,11,7,20,1,4.5
102.275,10.8872,-62.2472,10,7,20,1,4.8
10.0,14.1688,-92.823,10,7,20,1,5.1
29.6,55.835,-153.515,10,7,20,0,2.5
1.9,61.575,-148.283,10,7,20,0,2.5
309.156,-5.9851,128.769,10,7,20,1,4.3
35.119,2.2811,126.3979,10,7,20,1,4.4
10.0,19.8853,121.941,10,7,20,1,4.2
35.0,54.444,-160.1975,10,7,20,0,2.7
3.5,55.868,-159.911,9,7,20,0,2.6
2.58,36.0685,-117.842166666667,9,7,20,0,2.93
73.068,11.3087,-60.6402,9,7,20,1,5.2
104.437,1.6026,127.3619,9,7,20,1,5.0
6.0999,31.616,-104.115,9,7,20,0,2.8
80.706,54.7401,-161.9669,9,7,20,0,2.7
1.38,51.9779,176.2522,9,7,20,0,3.4
8.5449,32.005,-103.246,9,7,20,0,2.5
89.794,55.164,-160.9158,7,7,20,0,2.8
10.0,49.6273,-129.25,7,7,20,1,4.1
23.2,18.8386666666667,-64.3843333333333,7,7,20,0,3.33
10.0,14.1621,-93.091,7,7,20,1,4.1
5.0,51.966,-166.446,7,7,20,0,2.6
10.0,51.963,176.289,6,7,20,0,3.4
1.4,69.429,-143.979,6,7,20,0,2.6
10.0,49.5237,-129.2214,6,7,20,1,4.1
10.0,49.4982,-129.5616,6,7,20,1,5.6
35.0,53.6038,-165.0238,6,7,20,0,2.6
6.962,52.0731,176.3102,5,7,20,0,3.0
18.1,61.061,-146.132,5,7,20,0,2.6
10.0,-56.6643,-142.0178,5,7,20,1,5.5
35.0,-12.2275,166.1049,5,7,20,1,4.1
35.0,13.0026,-90.2552,5,7,20,1,4.2
144.344,53.1561,-168.5958,4,7,20,0,2.6
65.2,61.652,-150.746,3,7,20,0,3.2
10.0,34.5251,46.5226,3,7,20,1,5.2
10.0,34.5646,46.5005,3,7,20,1,4.8
10.0,52.7306,-163.5821,3,7,20,0,2.9
10.0,51.7773,176.1694,3,7,20,0,2.9
5.965,51.9557,176.2829,2,7,20,0,2.9
172.197,51.9888,-174.3323,2,7,20,0,2.8
6.786,51.9765,176.2763,2,7,20,0,2.7
35.0,14.7337,-93.0554,1,7,20,1,4.4
35.0,14.2904,-93.2588,1,7,20,1,4.7
153.068,6.7762,-73.0623,1,7,20,1,4.6
13.83,19.0366666666667,-68.2266666666667,0,7,20,0,3.34
10.0,-3.2578,130.6556,0,7,20,1,4.7
72.6,57.299,-155.457,0,7,20,0,2.6
0.3,61.273,-147.701,0,7,20,0,2.7
10.0,51.4115,159.6675,0,7,20,1,4.6
10.0,52.1304,176.3569,0,7,20,0,3.1
10.0,52.1311,176.411,23,7,19,0,2.6
10.0,13.9041,-92.8672,23,7,19,0,3.9
13.589,56.0555,-149.9529,23,7,19,0,2.8
206.176,-24.0959,-67.1,23,7,19,1,4.3
109.606,36.0455,70.6116,22,7,19,1,4.5
10.0,1.3307,-101.4333,22,7,19,1,4.4
10.0,-62.4407,165.5173,22,7,19,1,4.7
33.211,51.8176,176.1984,22,7,19,0,3.1
21.0,52.4,-169.069,22,7,19,0,2.5
103.573,37.3259,71.2907,22,7,19,1,4.0
10.0,50.5824,-175.1657,21,7,19,0,3.1
79.37,51.7473,-176.4201,21,7,19,0,3.7
10.0,51.9724,176.3257,21,7,19,0,3.5
39.143,51.9029,176.2538,21,7,19,1,4.1
10.0,41.6678,75.7224,20,7,19,1,4.1
10.0,-32.8884,-178.6181,20,7,19,1,4.5
13.2,61.355,-146.524,20,7,19,0,2.7
247.953,52.3205,-175.3305,20,7,19,0,3.1
189.9,18.0995,145.6966,19,7,19,1,4.1
64.529,53.1817,159.7885,19,7,19,1,4.3
10.0,14.0892,-93.1129,18,7,19,1,4.3
9.0,14.1732,-92.864,17,7,19,1,5.5
10.0,51.4361,175.3081,17,7,19,0,3.2
35.0,52.0584,-170.753,17,7,19,0,2.6
10.0,13.9656,-92.9237,16,7,19,1,4.3
10.0,14.2663,-93.2935,16,7,19,1,4.0
10.0,14.1885,-93.4212,15,7,19,1,4.3
10.0,14.03,-92.9229,15,7,19,1,4.5
10.0,13.8509,-93.0214,15,7,19,1,4.3
10.0,-32.4278,-72.4283,14,7,19,1,4.2
35.0,51.7746,176.1701,14,7,19,0,3.1
45.2,19.007,-65.5126666666667,14,7,19,0,3.2
637.734,-17.8773,-178.4153,14,7,19,1,4.2
10.0,-33.9216,-73.4321,14,7,19,1,4.6
10.0,14.3419,-93.2762,14,7,19,1,4.4
64.309,-45.0501,167.5112,14,7,19,1,4.3
10.0,14.3233,-93.2016,14,7,19,1,4.3
63.5,56.777,-155.982,13,7,19,0,2.8
62.289,51.6136,178.2088,12,7,19,0,3.7
7.8369,32.343,-101.08,11,7,19,0,2.9
129.639,53.0014,-169.6445,11,7,19,0,3.1
10.0,4.692,125.7325,11,7,19,1,4.0
10.0,28.5087,82.6592,10,7,19,1,4.5
5.0,58.318,-154.671,10,7,19,0,3.0
134.795,-15.228,167.7333,10,7,19,1,4.4
56.6,-32.7178,-178.6977,10,7,19,1,4.5
10.0,52.1411,176.3666,10,7,19,0,2.7
10.0,50.9903,-173.7786,9,7,19,0,2.7
10.0,-16.363,-173.1071,9,7,19,1,4.6
180.517,-60.1443,-28.5712,9,7,19,1,4.2
10.0,14.1377,-93.2431,8,7,19,1,4.1
38.046,50.1209,157.1058,8,7,19,1,4.1
71.895,5.4941,125.2779,8,7,19,1,4.6
37.601,-7.6263,106.5265,8,7,19,1,4.9
63.04,52.61,-168.5603,7,7,19,0,2.7
10.0,-22.2254,170.384,7,7,19,1,4.1
99.399,-4.5532,153.7362,7,7,19,1,4.4
6.899,52.0617,176.3255,6,7,19,0,2.9
131.0,18.2663,-68.411,6,7,19,0,3.78
20.621,51.863,176.1986,6,7,19,0,3.1
35.0,14.4022,-92.9989,6,7,19,1,4.0
10.0,4.9702,125.1833,5,7,19,1,4.5
2.21,38.8103333333333,-122.803166666667,5,7,19,0,2.93
10.0,13.9728,-93.3815,5,7,19,1,4.0
9.79,18.1168333333333,-64.8525,4,7,19,0,2.9
136.41,47.6873,152.5945,4,7,19,1,4.5
27.02,18.8178333333333,-65.7276666666667,4,7,19,0,3.2
10.0,42.403,-126.4977,4,7,19,0,2.7
10.0,13.8596,-92.9763,4,7,19,1,4.4
38.295,14.3305,-92.7035,4,7,19,1,4.0
38.09,18.7421666666667,-64.3643333333333,4,7,19,0,3.07
10.0,13.9687,-93.0247,4,7,19,1,4.4
2.5,58.318,-154.609,4,7,19,0,2.8
10.0,14.2993,-93.0196,3,7,19,1,4.2
16.8,56.236,-157.11,2,7,19,0,2.8
10.0,32.556,48.6982,2,7,19,1,4.9
10.0,-12.1258,-75.282,2,7,19,1,5.5
10.0,14.008,-92.8857,2,7,19,1,5.3
35.0,14.3043,-92.7413,2,7,19,1,4.6
221.42,2.7534,128.5619,1,7,19,1,4.8
10.0,13.901,-93.1043,1,7,19,1,4.4
10.0,13.968,-93.0416,1,7,19,1,5.3
26.155,51.1443,-178.5677,1,7,19,0,3.0
81.584,-33.3016,-179.267,1,7,19,1,4.7
462.454,38.5794,133.4784,1,7,19,1,4.2
202.88,53.0148,-173.2393,0,7,19,0,2.9
36.943,51.513,159.5305,0,7,19,1,5.2
10.9,31.8933333333333,-116.549333333333,0,7,19,0,2.88
35.0,14.4345,-93.2399,0,7,19,1,4.4
20.45,19.0203333333333,-65.0758333333333,0,7,19,0,2.93
5.1,53.463,-164.598,0,7,19,0,2.6
35.021,5.1947,124.6586,23,7,18,1,4.4
35.0,14.3539,-92.5399,23,7,18,1,4.5
20.0,54.072,-160.677,23,7,18,0,2.7
24.311,11.3736,-87.1206,23,7,18,1,4.7
21.2,51.302,178.749,23,7,18,0,2.5
29.1,53.407,-165.124,22,7,18,0,2.6
10.0,14.3078,-93.421,22,7,18,1,4.6
35.0,54.1927,-162.5775,22,7,18,0,3.2
10.0,23.8679,125.9873,22,7,18,1,4.3
166.783,52.12,-174.2912,21,7,18,0,2.7
502.079,43.4606,132.4811,21,7,18,1,4.0
23.99,18.8685,-64.6695,21,7,18,0,3.04
35.0,14.4209,-92.7347,21,7,18,1,4.4
10.0,-5.4628,152.504,21,7,18,1,4.6
10.0,54.33,-161.553,20,7,18,0,2.6
6.4,54.377,-161.525,20,7,18,0,2.6
66.2,51.9,176.23,20,7,18,0,3.5
10.0,-60.7685,-51.0826,19,7,18,1,5.5
62.1,51.358,-179.627,19,7,18,0,2.8
10.0,52.7934,-35.1419,18,7,18,1,4.3
10.0,-57.0819,-25.1013,18,7,18,1,4.4
53.9,51.831,-173.198,18,7,18,0,2.8
66.1,51.298,179.621,18,7,18,0,3.0
10.0,30.2344,67.3754,18,7,18,1,4.3
10.0,13.8705,-93.0318,17,7,18,1,4.2
10.0,-12.605,-15.0258,17,7,18,1,4.6
65.293,-5.9047,151.2013,17,7,18,1,4.3
13.0,14.2364,-92.8589,17,7,18,1,5.8
35.412,14.4784,-92.8327,17,7,18,1,4.6
120.923,-59.4203,-26.2144,16,7,18,1,4.7
10.0,14.1953,-93.0075,16,7,18,1,4.3
11.6,50.935,-176.037,16,7,18,0,2.9
10.0,17.9135,-81.5445,16,7,18,1,5.1
45.516,29.6973,130.519,15,7,18,1,4.5
18.53,18.4775,-67.462,15,7,18,0,2.91
10.0,13.5553,-92.0849,15,7,18,1,4.2
11.3,50.939,-176.053,15,7,18,0,3.4
23.08,52.7086,161.1195,14,7,18,1,4.2
35.154,28.3554,142.2799,14,7,18,1,4.4
10.0,52.1589,176.3674,14,7,18,0,2.7
60.12,-10.7921,161.9621,14,7,18,1,4.2
17.962,50.811,-174.2818,13,7,18,0,2.8
137.184,-0.0708,123.3785,13,7,18,1,4.5
10.0,14.0158,-93.4454,13,7,18,1,4.3
6.97,18.995,-65.5345,13,7,18,0,2.83
91.465,16.6741,-95.1745,13,7,18,1,4.4
10.0,14.2005,-93.1494,12,7,18,1,4.2
10.0,13.8865,-93.1139,12,7,18,1,4.4
250.604,-27.855,-178.2495,12,7,18,1,4.2
221.141,-20.4373,-66.8153,12,7,18,1,4.4
9.8,52.964,-167.126,11,7,18,0,2.5
35.0,14.1109,-92.5409,11,7,18,1,4.4
5.0,51.5436,16.0747,11,7,18,0,3.9
10.0,-24.3318,-116.2642,11,7,18,1,4.9
10.0,51.4512,-173.5056,11,7,18,0,3.4
137.305,37.9091,72.687,10,7,18,1,4.8
39.001,14.2661,-92.8399,10,7,18,1,4.0
23.9,56.159,-153.294,10,7,18,1,4.0
51.57,14.365,-92.8438,9,7,18,1,5.2
35.0,13.9522,-92.7282,9,7,18,1,4.3
40.1,18.887,-65.8885,9,7,18,0,3.26
46.201,14.7465,-92.9544,9,7,18,1,4.4
18.491,35.5522,25.029,9,7,18,1,4.3
10.0,14.034,-93.2175,8,7,18,1,4.2
39.07,-27.4125,-176.6457,8,7,18,1,4.3
10.0,3.3349,-79.3295,8,7,18,1,4.4
11.6,60.284,-141.266,8,7,18,0,2.9
531.483,-23.6508,-179.767,8,7,18,1,4.7
25.451,-6.5748,103.8765,8,7,18,1,4.9
10.0,13.9436,-93.1822,7,7,18,1,4.2
35.0,14.3593,-92.8935,7,7,18,1,4.2
9.2472,36.6764,-116.3333,7,7,18,0,3.64
10.0,14.315,-93.5474,7,7,18,1,4.0
10.0,14.271,-92.9768,7,7,18,1,4.4
37.1,56.124,-153.339,7,7,18,1,4.3
22.449,14.3948,-93.1793,6,7,18,1,5.3
10.0,-0.8303,-21.5115,6,7,18,1,4.6
10.0,13.9943,-93.3101,6,7,18,1,4.3
10.0,14.1728,-92.9416,6,7,18,1,4.6
10.0,54.7926,-156.3155,5,7,18,0,2.9
10.0,38.6544,75.1603,5,7,18,1,4.7
10.0,-32.7746,-178.1609,5,7,18,1,5.1
35.0,14.4149,-93.1437,5,7,18,1,4.2
5.0,51.5047,16.0801,5,7,18,1,4.0
20.0,57.403,-150.551,5,7,18,0,2.7
28.8,55.027,-156.378,4,7,18,0,3.3
10.0,13.9427,-93.1323,4,7,18,1,4.2
116.7,63.106,-150.621,4,7,18,0,3.2
14.4,55.016,-156.403,4,7,18,0,2.8
44.143,14.395,-93.0196,4,7,18,1,4.9
10.0,14.1126,-93.2655,4,7,18,1,4.0
10.0,-11.6064,-13.6664,4,7,18,1,4.8
49.006,-0.3602,125.1744,3,7,18,1,4.5
10.0,38.2293,38.5134,3,7,18,1,5.0
10.0,-54.1287,3.0256,3,7,18,1,4.5
10.0,-11.8335,-74.2565,2,7,18,1,4.4
10.0,39.7536,143.4056,2,7,18,1,4.3
35.0,14.3051,-92.8425,2,7,18,1,4.4
10.0,4.5057,124.8574,2,7,18,1,5.3
32.12,18.8948333333333,-65.3945,2,7,18,0,3.21
10.0,13.826,-93.4005,2,7,18,1,4.2
10.0,14.2484,-93.4271,1,7,18,1,5.2
10.0,20.1169,145.4631,1,7,18,1,4.6
10.0,14.2572,-93.0168,1,7,18,1,4.1
1.7,56.041,-153.805,1,7,18,0,2.6
57.797,-0.3257,98.9133,0,7,18,1,4.5
35.0,53.5516,-164.6751,0,7,18,0,2.5
10.0,51.9504,176.3092,0,7,18,0,3.3
9.771,42.9317,-109.6226,0,7,18,0,2.6
132.337,19.032,145.6545,0,7,18,1,4.2
8.458,50.9463,-176.0539,0,7,18,0,2.7
35.0,14.3871,-93.1056,0,7,18,1,4.6
10.0,14.1328,-93.0318,23,7,17,1,4.6
10.0,14.16,-93.0114,23,7,17,1,4.7
10.0,14.1398,-93.3667,23,7,17,1,4.1
35.0,14.3401,-92.8842,23,7,17,1,4.1
86.448,51.6203,-179.8909,23,7,17,0,2.7
35.0,14.3852,-92.6075,22,7,17,1,4.2
200.042,-21.7486,-67.2917,22,7,17,1,4.5
35.0,14.4536,-93.146,22,7,17,1,4.2
10.0,14.0065,-93.2109,22,7,17,1,4.3
191.452,-24.1633,-66.8773,22,7,17,1,4.5
35.0,14.4227,-92.9552,22,7,17,1,4.1
10.0,13.9777,-93.3957,22,7,17,1,4.4
10.0,14.2428,-93.0576,22,7,17,1,5.1
10.0,51.96,176.3,22,7,17,0,3.4
16.553,-38.5875,178.0409,22,7,17,1,4.6
35.0,14.5351,-92.714,22,7,17,1,4.1
10.0,14.015,-93.1617,22,7,17,1,4.1
23.1,62.066,-149.135,21,7,17,0,2.5
24.111,14.249,-92.7212,21,7,17,1,4.2
10.0,14.113,-93.1751,21,7,17,1,4.0
20.12,19.0481666666667,-64.7043333333333,21,7,17,0,2.86
35.0,44.8395,149.4002,21,7,17,1,4.3
161.914,55.0357,-163.5229,21,7,17,0,2.8
15.596,66.6045,-140.8416,21,7,17,0,3.1
10.0,14.139,-93.2012,21,7,17,1,4.2
10.0,53.3356,78.1916,21,7,17,1,4.5
10.0,13.8093,-93.016,20,7,17,1,4.4
10.961,51.9637,176.1739,20,7,17,1,4.0
10.0,14.0394,-93.1701,20,7,17,1,4.0
10.0,14.1341,-93.0031,20,7,17,1,4.6
10.0,14.1836,-93.087,19,7,17,1,4.1
47.994,35.7127,141.1228,19,7,17,1,4.4
8.316,-48.3057,165.4127,19,7,17,1,4.4
29.2,55.677,-154.151,19,7,17,0,2.7
219.435,36.6038,71.0368,19,7,17,1,4.2
10.0,14.1472,-93.3779,19,7,17,1,4.5
10.0,14.1139,-93.075,19,7,17,1,4.4
10.0,14.0199,-93.2863,19,7,17,1,4.2
94.393,-6.6043,130.3617,18,7,17,1,4.5
10.0,13.7482,-93.2148,18,7,17,1,4.4
35.0,14.2804,-92.9232,18,7,17,1,5.1
47.485,-59.6819,-26.3188,18,7,17,1,4.6
17.935,14.2769,-92.908,18,7,17,1,4.5
35.0,14.489,-92.9762,18,7,17,1,4.6
10.0,12.7148,122.9648,18,7,17,1,4.4
21.241,14.3377,-92.9608,18,7,17,1,4.5
10.0,13.8777,-92.9439,18,7,17,1,4.3
10.0,14.1291,-93.1469,17,7,17,1,4.2
33.319,14.5108,-93.0005,17,7,17,1,4.1
35.0,14.482,-92.8928,17,7,17,1,4.3
10.0,14.1745,-93.0949,17,7,17,1,4.3
10.0,14.1026,-92.8521,17,7,17,1,4.2
33.303,14.7102,-92.8172,17,7,17,1,4.2
43.305,14.4522,-92.419,17,7,17,1,4.5
35.0,14.4449,-92.9326,17,7,17,1,4.8
36.836,14.2234,-92.7364,17,7,17,1,5.0
10.0,13.8953,-93.3146,17,7,17,1,4.3
35.0,14.3646,-92.9067,17,7,17,1,5.1
72.8,51.591,-177.006,17,7,17,0,2.7
71.7,61.035,-151.184,17,7,17,0,2.6
17.41,14.2791,-93.0627,17,7,17,1,5.1
10.0,14.3874,-93.2884,17,7,17,1,4.6
10.0,14.2407,-93.2183,16,7,17,1,4.3
10.0,13.9778,-93.1036,16,7,17,1,4.5
10.0,14.0698,-93.2434,16,7,17,1,4.4
4.1,53.395,-165.112,16,7,17,0,2.7
10.0,-12.7545,-14.8656,16,7,17,1,4.7
10.0,14.2524,-93.0631,16,7,17,1,4.4
110.869,-4.7714,153.7179,16,7,17,1,4.6
74.557,-58.3233,-25.5026,16,7,17,1,4.7
35.0,14.043,-92.42,16,7,17,1,4.4
70.473,5.7105,125.3384,16,7,17,1,5.3
35.0,14.5415,-92.7685,16,7,17,1,4.8
10.0,14.0105,-93.2654,16,7,17,1,4.6
64.069,14.5,-92.5525,16,7,17,1,5.1
35.0,14.3443,-92.85,16,7,17,1,4.9
10.0,14.1738,-93.1756,15,7,17,1,5.1
35.0,14.6555,-92.8601,15,7,17,1,4.3
35.0,14.3493,-92.9902,15,7,17,1,4.5
128.6,59.868,-153.259,15,7,17,0,2.5
10.0,14.1838,-93.2393,15,7,17,1,4.5
35.0,14.388,-92.8954,15,7,17,1,4.7
10.0,14.2495,-93.2534,15,7,17,1,4.9
10.0,14.0499,-93.2923,15,7,17,1,4.2
56.114,14.3348,-92.8866,15,7,17,1,5.0
52.0,14.7242,-92.8872,15,7,17,1,5.0
10.0,14.203,-93.1389,15,7,17,2,6.4
10.0,14.3818,-93.348,15,7,17,1,5.1
10.0,14.0904,-93.1961,15,7,17,1,5.3
35.0,14.3639,-92.9715,15,7,17,1,4.5
10.0,14.3178,-93.1755,15,7,17,1,4.5
10.0,13.9864,-92.6723,14,7,17,1,5.0
10.0,14.0239,-92.9831,14,7,17,1,5.0
10.0,14.4296,-93.2104,14,7,17,1,5.1
22.0,14.571,-92.9624,14,7,17,2,7.3
10.0,-45.2823,-14.8842,13,7,17,1,4.8
163.497,-7.5732,128.1927,13,7,17,1,4.0
75.675,-10.3526,161.7441,13,7,17,1,5.1
35.0,14.4845,-93.1554,13,7,17,1,4.7
10.0,-32.9019,-178.1627,13,7,17,1,5.0
35.0,-10.3279,119.1471,13,7,17,1,4.4
10.0,-32.7494,-178.1888,12,7,17,1,4.4
61.155,53.885,160.2671,12,7,17,1,4.1
28.15,-5.4601,152.1514,12,7,17,1,4.4
10.0,-9.3011,156.3668,12,7,17,1,4.8
54.184,11.9575,-86.9415,12,7,17,1,4.3
10.0,14.5924,54.1068,12,7,17,1,5.3
10.0,14.5038,54.0137,11,7,17,1,4.6
22.291,51.5401,176.0629,11,7,17,0,3.7
122.82,-59.6493,-26.4387,11,7,17,1,4.4
20.4,51.351,-175.954,11,7,17,0,2.6
10.0,14.2556,53.8106,10,7,17,1,4.2
35.0,-57.7504,-25.5833,10,7,17,1,4.4
13.73,40.852,-121.5415,10,7,17,0,2.57
29.067,19.2321,120.9176,9,7,17,1,4.6
10.0,53.8163,-164.09,9,7,17,0,2.5
10.0,-12.8686,-13.918,8,7,17,1,4.4
197.618,53.4937,-169.0786,8,7,17,0,2.6
35.0,51.423,-176.0438,8,7,17,0,2.7
11.46,36.9328333333333,-121.688666666667,7,7,17,0,2.97
313.963,-6.463,128.5084,7,7,17,1,4.4
8.861,52.1546,-173.1901,7,7,17,0,2.8
10.0,-9.3247,159.3622,6,7,17,1,4.6
532.428,-21.0165,-178.5359,6,7,17,1,4.4
10.168,52.08,176.4628,6,7,17,0,3.5
10.0,52.986,-166.8669,5,7,17,0,2.6
10.0,51.8135,176.2034,5,7,17,0,3.3
5.0,63.373,-144.825,5,7,17,0,3.0
10.843,53.7188,-163.313,5,7,17,0,2.6
3.2,52.594,-166.555,5,7,17,0,2.6
35.0,53.7394,-163.3988,4,7,17,0,2.5
16.3,52.243,-169.79,4,7,17,0,2.5
30.07,19.1535,-155.489,3,7,17,0,2.74
10.0,-12.7001,-14.4943,3,7,17,1,4.3
14.9,52.452,-169.513,2,7,17,0,2.5
10.0,-12.8082,-14.7747,2,7,17,1,4.6
10.0,-12.8428,-14.6721,2,7,17,1,4.9
10.0,51.9503,176.2518,2,7,17,0,3.4
10.0,13.7405,58.3467,2,7,17,1,4.5
10.0,-22.8935,68.9348,1,7,17,1,4.6
10.0,-12.5783,-14.6466,1,7,17,1,4.7
10.0,22.897,96.025,1,7,17,1,4.9
10.0,-12.8055,-14.6162,1,7,17,1,4.7
5.099,51.9672,176.2571,1,7,17,0,3.1
10.0,37.8295,95.4673,1,7,17,1,4.8
43.744,30.8029,131.4427,1,7,17,1,4.3
18.23,33.955,-116.738166666667,0,7,17,0,2.54
35.0,54.5363,-161.4597,0,7,17,0,2.5
551.498,-23.7224,-179.9755,23,7,16,1,4.4
7.1289,31.725,-101.683,22,7,16,0,3.3
34.892,51.3544,159.3258,22,7,16,1,4.3
45.39,30.7245,131.3042,22,7,16,1,4.1
207.975,-11.0734,166.1823,22,7,16,1,4.4
10.0,-12.7017,-15.0707,21,7,16,1,5.0
35.0,30.7109,131.4468,21,7,16,1,5.1
10.0,-12.6999,-14.8447,21,7,16,1,4.7
10.0,-12.6106,-14.8603,21,7,16,1,5.0
10.0,-12.7071,-14.4545,21,7,16,1,4.5
10.0,-12.626,-14.4093,21,7,16,1,4.3
10.0,-12.4392,-14.4989,20,7,16,1,4.8
10.0,-12.697,-14.7087,20,7,16,1,5.3
10.0,-12.5995,-14.7849,20,7,16,1,4.9
10.0,-12.6868,-14.327,19,7,16,1,5.0
10.0,12.6142,123.0638,19,7,16,1,4.4
10.0,-12.7059,-14.0579,19,7,16,1,4.8
5.02,32.6298333333333,-115.750166666667,19,7,16,0,2.62
10.0,-12.7182,-14.444,19,7,16,1,5.0
69.2,58.307,-153.789,19,7,16,0,3.3
10.0,51.8743,176.1311,19,7,16,0,3.0
10.0,-12.7362,-13.797,19,7,16,1,4.6
10.0,-12.5609,-14.7805,19,7,16,1,4.8
10.0,11.8637,139.4434,19,7,16,1,4.6
0.0,29.6792,-79.5462,19,7,16,0,3.9
10.0,51.8955,176.1803,19,7,16,0,2.9
130.248,15.0547,-91.8631,19,7,16,1,4.2
34.7,53.619,-165.337,18,7,16,0,2.5
5.1,60.046,-147.206,18,7,16,0,2.6
10.0,-31.4902,-178.6342,18,7,16,1,4.4
170.139,-22.0598,-67.4739,18,7,16,1,4.4
15.293,52.0168,176.2558,18,7,16,0,2.8
82.492,-4.6905,153.201,17,7,16,1,4.6
10.0,51.9628,176.2829,17,7,16,0,2.7
10.0,51.9118,176.1924,17,7,16,1,4.2
35.0,4.9172,125.1704,16,7,16,1,4.4
10.0,51.8312,176.183,16,7,16,0,2.8
10.0,34.345,141.3281,16,7,16,1,4.5
59.964,40.3415,142.2767,16,7,16,1,4.2
2.8,65.434,-153.305,15,7,16,0,2.8
10.0,51.9414,176.2798,15,7,16,0,2.9
7.19,32.6271666666667,-115.742166666667,15,7,16,0,2.99
148.4,57.746,-156.628,14,7,16,0,2.5
10.0,53.3336,-161.0464,14,7,16,0,2.5
23.48,18.512,-65.0395,14,7,16,0,3.04
254.428,-18.4715,-175.5376,13,7,16,1,4.5
553.274,-24.6734,179.4967,13,7,16,1,4.4
10.0,23.9273,143.9593,13,7,16,1,4.4
6.53,44.6665,-110.4675,13,7,16,0,3.33
35.184,35.4584,25.9229,12,7,16,1,4.2
5.874,51.9415,179.6208,12,7,16,0,2.6
6.2,51.926,179.634,12,7,16,0,2.9
3.295,52.3781,-174.1805,11,7,16,0,3.0
1.182,52.35,-174.1789,11,7,16,0,2.8
4.769,52.398,-174.1922,11,7,16,0,2.8
8.5,60.569,-141.508,11,7,16,1,5.2
35.0,-6.8299,131.0765,11,7,16,1,4.5
64.501,-30.1974,-71.2873,10,7,16,1,4.8
10.0,8.6521,-82.7325,10,7,16,1,4.5
-2.16,41.5591666666667,-109.888166666667,10,7,16,0,3.21
68.0,-45.0478,167.5461,9,7,16,1,5.9
36.959,-32.622,-179.1143,9,7,16,1,4.6
10.0,-37.3236,179.9184,8,7,16,1,4.9
73.6,62.815,-148.897,8,7,16,0,2.6
18.081,22.8421,144.3516,7,7,16,1,5.3
10.0,23.9976,-108.4019,7,7,16,1,4.8
580.953,-20.9978,-178.6516,6,7,16,1,4.2
38.68,41.2286666666667,-123.172166666667,6,7,16,0,2.64
10.007,4.9221,125.2999,5,7,16,1,4.7
22.256,-5.3554,152.8698,5,7,16,1,4.5
5.0,60.077,-159.594,5,7,16,0,3.2
21.477,52.4411,-169.8006,4,7,16,0,2.7
21.66,18.9111666666667,-67.646,3,7,16,0,2.92
5.0,60.177,-141.008,2,7,16,0,3.5
15.144,52.0181,176.2357,2,7,16,0,3.9
10.0,60.082,-159.637,2,7,16,0,3.1
97.662,-22.8676,-69.1719,2,7,16,1,4.3
3.2,60.083,-159.627,2,7,16,1,4.9
10.285,51.2058,-176.9342,1,7,16,0,2.5
10.0,19.6364,121.4422,1,7,16,1,4.8
10.0,50.7638,-173.7219,1,7,16,0,2.8
35.0,51.366,-176.1126,0,7,16,0,2.5
10.0,52.0356,176.2926,0,7,16,0,3.5
16.39,18.1391666666667,-67.2066666666667,0,7,16,0,2.51
8.109,62.9016,-156.3063,0,7,16,0,2.5
44.3,35.6676,140.6687,0,7,16,1,4.6
75.1,56.419,-157.883,23,7,15,0,2.7
35.0,53.5116,-163.4506,23,7,15,0,2.9
340.0,-26.2737,-178.6699,22,7,15,1,5.8
637.713,-21.0958,-179.1593,21,7,15,1,4.5
309.814,21.5312,143.1798,21,7,15,1,4.2
35.0,19.651,121.4744,21,7,15,1,4.6
10.0,40.4481,-127.0419,21,7,15,0,2.6
152.447,6.702,-73.1432,20,7,15,1,4.3
3.3,63.628,-150.704,19,7,15,0,3.5
9.3,59.926,-141.488,18,7,15,0,2.9
3.93,54.3324,-161.5642,18,7,15,0,2.8
138.781,1.7509,127.5062,18,7,15,1,4.3
36.45,18.978,-65.183,17,7,15,0,3.05
10.0,54.1898,-153.2346,17,7,15,1,4.3
59.86,18.8225,-65.1903333333333,17,7,15,0,3.3
10.0,-15.3572,-173.1376,17,7,15,1,4.9
46.8,18.8621666666667,-65.142,17,7,15,0,3.18
3.3,59.902,-141.488,17,7,15,0,3.2
291.289,-19.5857,-176.2861,17,7,15,1,4.4
10.0,51.9897,176.2572,17,7,15,0,3.4
87.7,59.798,-152.574,16,7,15,0,2.5
10.0,51.9343,176.319,16,7,15,0,3.3
10.0,-2.749,139.0139,16,7,15,1,4.5
18.77,18.1098333333333,-65.4028333333333,15,7,15,0,3.01
126.637,-59.4929,-26.2761,15,7,15,1,4.8
14.11,17.981,-66.8306666666667,15,7,15,0,2.58
6.73,38.7616666666667,-122.925333333333,14,7,15,0,2.71
14.675,-59.967,-18.9904,14,7,15,1,5.5
56.369,12.8771,-88.6763,14,7,15,1,4.3
10.0,-60.234,-19.057,14,7,15,1,4.4
58.1,60.944,-150.297,13,7,15,0,2.6
14.97,17.9545,-66.9086666666667,13,7,15,0,2.62
10.0,51.8978,176.2346,12,7,15,0,3.1
10.0,54.7076,164.2524,12,7,15,1,4.4
10.0,51.9939,176.2949,12,7,15,0,3.1
64.139,40.2888,142.3226,12,7,15,1,4.6
10.8,54.133,-162.497,12,7,15,0,2.6
10.0,51.9018,176.2489,12,7,15,0,3.2
10.0,52.0373,176.3104,12,7,15,0,2.9
10.509,54.1375,-162.5066,12,7,15,0,2.5
10.0,52.0346,176.3087,11,7,15,0,3.1
142.442,-20.4638,-68.2642,11,7,15,1,4.2
18.845,50.9573,179.2006,11,7,15,0,3.8
10.0,1.7836,-90.4167,10,7,15,1,4.5
10.0,-23.268,-114.6095,10,7,15,1,4.6
77.923,5.2879,125.08,10,7,15,1,4.5
6.7151,31.627,-104.281,9,7,15,0,2.9
21.9,60.839,-146.624,9,7,15,0,2.5
17.413,54.1574,-162.4607,8,7,15,0,3.7
7.83,39.8756666666667,-123.226166666667,8,7,15,0,2.52
9.38,33.0935,-116.051333333333,8,7,15,0,3.13
10.0,63.133,-151.533,8,7,15,0,3.0
112.234,51.7248,178.5809,8,7,15,0,2.6
9.3427,31.547,-104.145,7,7,15,0,2.6
519.881,-23.7955,179.9221,5,7,15,1,4.4
131.574,51.8565,178.4876,5,7,15,0,2.8
35.0,9.7164,126.5159,5,7,15,1,4.6
7.657,54.1456,-162.4376,4,7,15,0,2.6
2.09,36.0275,-117.852833333333,4,7,15,0,2.72
34.534,-32.5894,-71.8904,4,7,15,1,4.2
28.64,40.5911666666667,-124.119833333333,4,7,15,0,2.62
10.0,51.1057,159.4997,3,7,15,1,4.2
78.5,62.356,-150.936,3,7,15,0,2.8
87.695,7.3434,126.8659,3,7,15,1,4.5
10.0,51.4032,159.7121,3,7,15,1,4.6
10.0,51.5607,159.652,2,7,15,1,5.0
10.0,51.4148,159.5418,2,7,15,1,5.0
10.0,-14.8026,-76.3818,2,7,15,1,4.5
17.409,51.0885,-178.4233,2,7,15,0,2.7
31.207,-32.5629,-71.8874,1,7,15,1,4.0
10.0,5.5951,126.1682,1,7,15,1,4.5
20.0,50.369,-175.969,1,7,15,0,2.5
14.43,17.9305,-66.9101666666667,1,7,15,0,2.61
23.716,-32.6045,-71.8512,1,7,15,1,5.1
83.805,50.0291,155.8691,1,7,15,1,4.4
10.094,54.1517,-162.4879,0,7,15,0,2.7
20.796,54.4802,-160.5177,0,7,15,0,2.8
35.0,51.7983,176.0955,0,7,15,0,3.3
21.57,18.847,-67.4336666666667,0,7,15,0,3.2
10.0,-58.7983,-29.3555,0,7,15,1,5.1
8.737,54.1231,-162.4317,0,7,15,0,2.7
10.0,-2.3584,138.9578,23,7,14,1,4.6
10.0,14.3462,-93.265,23,7,14,1,4.0
20.18,17.998,-68.1976666666667,22,7,14,0,3.17
566.439,-20.7285,-178.5578,22,7,14,1,5.5
172.668,-29.1934,-178.5984,22,7,14,1,4.3
80.933,21.2974,93.9997,21,7,14,1,4.3
10.0,2.0024,122.7741,20,7,14,1,4.4
10.0,5.5815,125.0825,20,7,14,1,4.3
140.835,-14.4637,167.1221,19,7,14,1,4.3
47.616,5.5441,125.3691,19,7,14,1,4.5
9.693,54.0862,-162.444,18,7,14,0,3.3
49.495,54.1633,-162.5848,18,7,14,1,5.4
10.0,34.1031,85.0636,17,7,14,1,4.3
28.746,51.3327,-178.2306,17,7,14,0,2.9
12.0,55.039,-156.423,17,7,14,0,3.2
47.83,18.914,-65.1051666666667,16,7,14,0,3.12
42.342,54.1668,-162.5813,16,7,14,1,4.3
115.803,52.2302,157.82,16,7,14,1,4.2
23.5,54.812,-160.31,16,7,14,0,2.6
170.955,1.4397,127.5362,15,7,14,1,4.8
6.482,28.572,-99.101,15,7,14,0,2.9
47.842,5.3179,125.1758,15,7,14,2,6.2
10.0,-57.0862,-24.7523,15,7,14,1,4.7
15.466,19.6745,-69.3551,15,7,14,1,4.0
10.0,43.4149,87.6253,15,7,14,1,4.1
81.046,53.4958,-166.4969,14,7,14,0,3.8
27.523,53.8841,-163.8943,14,7,14,0,2.5
35.0,54.1012,-162.4057,14,7,14,0,2.8
21.156,53.859,-163.8394,14,7,14,0,2.8
-2.85,41.5535,-109.875,14,7,14,0,3.46
540.999,-20.1854,-177.6159,14,7,14,1,4.1
35.0,52.0146,-170.8654,13,7,14,0,2.7
17.96,18.9051666666667,-64.411,13,7,14,0,2.81
35.0,54.2082,-162.6226,13,7,14,0,3.2
11.297,5.6727,125.3976,13,7,14,1,5.2
35.0,53.5852,-165.2435,13,7,14,0,2.9
35.0,54.1941,-162.5904,12,7,14,0,3.1
35.451,54.0622,-162.5303,12,7,14,1,5.2
159.724,-7.0597,129.3541,11,7,14,1,4.5
35.0,40.1722,143.1932,11,7,14,1,4.4
4.96,36.968,-121.456666666667,11,7,14,0,2.73
10.0,50.7095,-130.0197,10,7,14,1,4.0
4.6,52.652,-166.619,10,7,14,0,2.6
35.0,48.2576,154.7025,10,7,14,1,4.3
16.0,51.28,-176.251,10,7,14,0,2.5
47.009,-9.5874,119.3644,9,7,14,1,4.4
10.0,-28.0231,63.366,9,7,14,1,4.6
12.94,17.9731666666667,-66.904,8,7,14,0,2.76
9.623,52.0717,176.3135,8,7,14,0,3.1
110.662,-14.516,-71.4191,8,7,14,1,5.6
56.541,40.1915,142.4027,8,7,14,1,5.0
13.64,17.962,-66.9076666666667,7,7,14,0,3.17
20.0,56.986,-155.42,7,7,14,0,3.6
11.484,40.0652,143.4072,7,7,14,1,5.1
10.0,12.7392,123.0803,7,7,14,1,4.9
10.0,12.7967,123.136,7,7,14,1,5.2
10.0,5.163,126.1757,7,7,14,1,4.4
10.0,14.6989,108.2755,6,7,14,1,4.5
104.718,3.4636,128.0293,6,7,14,1,4.4
28.4,53.533,-164.983,6,7,14,0,2.5
10.0,-14.9372,66.9107,6,7,14,1,4.8
15.68,17.9853333333333,-66.8398333333333,6,7,14,0,2.59
8.57,35.3093333333333,-117.819166666667,5,7,14,0,2.76
35.0,53.0474,-166.9344,4,7,14,0,3.2
6.5,53.509,-163.637,4,7,14,0,2.7
35.0,51.6425,176.6665,3,7,14,0,2.5
210.998,36.7935,70.8707,3,7,14,1,4.0
10.0,-2.5698,138.8877,2,7,14,1,4.5
12.39,17.9971666666667,-66.9495,2,7,14,0,2.66
106.192,13.4836,120.8776,1,7,14,1,4.4
66.185,5.1842,125.6791,1,7,14,1,4.6
10.0,-22.7513,171.5379,1,7,14,1,4.9
79.529,14.5654,-92.5734,1,7,14,1,5.0
16.881,56.4647,-149.1898,1,7,14,0,2.9
7.53,19.3563333333333,-155.043666666667,1,7,14,0,2.52
10.0,-14.9685,66.6519,1,7,14,1,4.5
10.0,13.0544,123.0212,1,7,14,1,4.6
10.0,15.0016,108.1426,0,7,14,1,4.1
45.87,15.5313,119.5016,0,7,14,1,4.3
11.8,61.758,-148.646,23,7,13,0,2.5
10.0,73.6774,7.8201,22,7,13,1,4.3
10.0,25.4303,127.5204,21,7,13,1,4.4
14.48,17.9288333333333,-66.9151666666667,21,7,13,0,2.69
419.258,-21.3672,-178.1368,21,7,13,1,4.1
10.0,73.6943,8.209,21,7,13,1,4.2
10.0,30.8758,51.4865,21,7,13,1,4.1
10.0,0.4952,131.9763,21,7,13,1,4.5
10.0,-22.8913,171.576,21,7,13,1,5.0
88.024,10.7234,-62.6404,19,7,13,1,4.5
10.0,-23.0515,171.5544,19,7,13,1,4.9
161.31,51.2088,177.7226,19,7,13,1,4.1
10.0,40.4063333333333,-125.2205,18,7,13,0,2.72
7.77,35.2945,-117.807333333333,18,7,13,0,2.58
157.542,37.7887,139.304,17,7,13,1,4.1
412.374,37.8351,134.5873,17,7,13,1,4.0
35.0,-58.5651,-25.1237,17,7,13,1,4.9
43.069,5.6455,125.4074,17,7,13,1,5.0
10.0,-22.7793,171.7175,17,7,13,1,4.5
10.0,-22.8754,171.5165,17,7,13,1,4.7
10.0,-22.9602,171.5982,17,7,13,1,4.4
10.0,-22.9095,171.5016,17,7,13,1,4.5
7.55,35.3121666666667,-117.814833333333,16,7,13,1,4.31762677888687
10.0,-22.6915,171.6146,16,7,13,1,5.1
21.4,51.042,-178.523,16,7,13,0,2.5
10.0,52.0174,176.2369,15,7,13,0,3.2
10.0,-23.041,171.525,15,7,13,1,4.4
10.0,-22.902,171.5332,15,7,13,1,4.7
26.3,52.927,-167.333,15,7,13,0,2.5
10.0,-23.0786,171.4052,15,7,13,1,4.6
10.0,-23.2445,171.3477,14,7,13,1,4.4
16.0,-22.8169,171.5829,14,7,13,2,6.3
10.0,41.0552,73.9728,14,7,13,1,4.3
47.574,51.4642,-174.2579,14,7,13,0,3.6
13.73,17.9725,-66.9005,13,7,13,0,2.51
83.919,5.6462,125.5029,12,7,13,1,4.3
45.301,5.4724,125.207,12,7,13,1,4.4
10.0,-3.2276,148.738,12,7,13,1,4.5
10.0,-24.2375,-176.2466,12,7,13,1,4.8
11.026,51.8837,-174.2569,12,7,13,0,3.0
10.0,-8.176,114.8543,12,7,13,1,4.1
39.184,0.4845,126.2151,11,7,13,1,4.3
10.0,-60.1462,-25.0874,11,7,13,1,4.2
10.0,40.3541666666667,-125.02,10,7,13,0,2.59
9.3683,31.544,-104.135,10,7,13,0,3.2
15.0,53.551,-164.614,9,7,13,0,2.5
6.8656,39.3475,-119.0017,9,7,13,0,2.97
14.89,17.6653333333333,-66.7898333333333,9,7,13,0,2.7
10.0,-3.2114,148.5991,8,7,13,2,6.4
10.0,52.7791,161.3154,8,7,13,1,4.3
17.17,18.8768333333333,-65.1468333333333,8,7,13,0,3.08
10.0,-22.6348,171.6028,7,7,13,1,4.9
81.839,51.8466,-175.6933,7,7,13,0,2.6
19.43,18.9313333333333,-65.2145,7,7,13,0,3.32
49.2,18.912,-65.1866666666667,7,7,13,0,3.42
39.09,18.9611666666667,-65.1918333333333,7,7,13,0,3.33
7.1509,31.709,-104.166,7,7,13,0,2.6
10.0,-22.2736,171.8474,7,7,13,1,4.5
64.525,52.208,-171.1826,7,7,13,0,3.4
29.63,18.9215,-65.206,6,7,13,0,3.27
10.0,-22.7727,171.6246,6,7,13,1,5.0
35.0,52.8676,-167.9029,6,7,13,0,2.7
29.93,18.9341666666667,-65.1915,6,7,13,0,3.3
21.44,40.4838333333333,-124.314666666667,6,7,13,0,2.93
10.0,7.7688,91.7704,6,7,13,1,4.5
37.14,18.878,-65.1186666666667,5,7,13,0,2.94
35.0,51.4087,-177.0795,5,7,13,0,3.4
88.367,54.8004,-163.8453,5,7,13,0,3.3
84.976,5.2442,125.2931,4,7,13,1,4.3
10.0,51.3859,-175.248,4,7,13,0,3.7
78.864,-60.3515,-27.5759,4,7,13,1,4.2
78.071,44.9721,149.1437,3,7,13,1,4.1
219.978,-7.2084,111.9426,2,7,13,1,4.3
10.166,51.4084,-178.4517,2,7,13,0,2.8
10.0,47.3253,-113.1218,2,7,13,0,2.6
6.6359,28.832,-98.974,1,7,13,0,2.8
0.98,19.8865,-156.5735,1,7,13,0,2.64
33.9,55.012,-157.816,1,7,13,0,2.6
192.45,-23.9747,-66.7871,1,7,13,1,4.5
10.0,12.815,123.0918,0,7,13,1,5.4
10.0,52.7601,161.3665,0,7,13,1,4.1
19.1,51.432,179.146,0,7,13,0,2.6
34.977,51.5897,-175.9266,0,7,13,0,2.7
91.5,60.471,-151.909,0,7,13,0,2.6
68.746,-31.4334,-178.6676,0,7,13,1,4.4
10.0,-58.5224,-24.4037,0,7,13,1,4.5
10.0,56.3982,-149.4815,23,7,12,0,2.9
147.971,36.5935,26.963,23,7,12,1,4.1
41.236,50.8396,-173.2684,23,7,12,0,3.3
10.0,28.5226,104.759,23,7,12,1,4.5
15.27,17.96,-66.8411666666667,22,7,12,0,2.92
160.585,52.4448,-173.9718,22,7,12,0,2.8
128.754,-21.2774,-68.7427,22,7,12,1,4.1
79.0,59.674,-152.468,22,7,12,1,4.2
121.611,3.9127,125.9524,22,7,12,1,4.4
10.0,28.5838,104.7069,21,7,12,1,4.6
15.35,36.2968333333333,-120.652333333333,20,7,12,0,2.93
6.8353,28.578,-99.118,20,7,12,0,3.6
76.218,5.2861,125.3169,20,7,12,1,4.1
35.0,53.7749,-164.0964,20,7,12,0,3.1
88.611,51.6767,-179.9472,20,7,12,0,2.6
35.0,51.5846,-175.3847,20,7,12,0,2.5
35.0,44.094,148.6876,18,7,12,1,4.2
11.78,34.8088333333333,-118.936,17,7,12,0,2.92
10.0,43.3932,-127.1983,17,7,12,1,4.0
10.0,31.0991,102.2698,17,7,12,1,4.6
10.0,-21.1874,168.4407,17,7,12,1,4.4
12.829,4.1907,97.5872,16,7,12,1,4.3
29.038,-42.5934,173.4742,16,7,12,1,4.2
14.07,17.9513333333333,-66.911,16,7,12,0,2.76
33.596,-22.6232,177.0946,15,7,12,1,4.2
15.0,61.619,-146.376,15,7,12,0,2.5
10.0,-55.6539,-27.1285,15,7,12,1,4.6
593.407,-20.6864,-178.6132,14,7,12,1,4.1
503.607,-25.1193,179.7467,13,7,12,1,4.4
10.0,1.1583,121.476,13,7,12,1,5.4
46.568,-9.611,119.4034,13,7,12,1,5.1
5.35,36.5823333333333,-121.1905,13,7,12,0,2.51
8.5444,36.7179,-115.7431,12,7,12,0,2.99
35.3,53.589,-164.383,12,7,12,0,2.5
11.93,36.4101666666667,-120.393666666667,12,7,12,0,2.55
10.0,16.356,119.0445,11,7,12,1,4.6
32.37,18.8773333333333,-155.089666666667,11,7,12,0,3.59
43.335,4.162,126.8575,11,7,12,1,4.3
95.884,53.6386,-166.7727,11,7,12,1,4.5
10.0,-22.6975,-174.7148,11,7,12,1,5.0
50.974,0.7032,125.8884,11,7,12,1,4.3
77.0,62.261,-151.03,11,7,12,0,2.7
13.09,34.8131666666667,-118.925833333333,10,7,12,1,4.10922888670317
552.214,-20.7116,-178.3564,10,7,12,1,4.2
150.599,0.2049,122.34,10,7,12,1,4.6
10.0,-56.9584,-148.008,9,7,12,1,4.7
605.709,-18.1677,-178.4342,9,7,12,1,4.0
10.0,54.6297,163.0842,8,7,12,1,4.3
614.02,-18.0637,-178.5515,8,7,12,1,4.1
10.0,61.2121,157.9574,8,7,12,1,4.2
6.99,37.3123333333333,-118.159166666667,8,7,12,0,2.61
10.0,-54.6193,-118.8883,7,7,12,1,5.6
5.4,55.983,-159.947,7,7,12,0,3.1
10.0,25.5816,90.6477,6,7,12,1,4.3
35.0,54.1973,-162.5863,6,7,12,0,3.1
106.8,59.72,-153.026,6,7,12,1,4.2
10.0,-36.3844,-97.3012,4,7,12,1,4.5
10.0,23.7077,125.7042,4,7,12,1,4.3
13.3,68.857,-166.405,4,7,12,0,2.5
26.33,40.5436666666667,-124.345833333333,3,7,12,0,2.85
134.872,-15.0903,167.2724,3,7,12,1,4.6
113.357,43.299,144.2269,2,7,12,1,4.4
9.03,40.2953333333333,-124.597333333333,1,7,12,0,2.59
10.0,1.9435,126.8158,1,7,12,1,4.4
39.343,3.6843,127.0717,0,7,12,1,4.9
35.0,51.4382,159.0954,0,7,12,1,4.2
10.0,16.4893,84.5578,23,7,11,1,4.5
10.0,22.639,95.9524,22,7,11,1,4.2
9.39,42.2365,-111.593666666667,22,7,11,0,2.57
10.0,32.6328,-39.9264,22,7,11,1,4.7
10.0,51.1419,160.287,22,7,11,1,4.5
10.0,36.4588,22.9328,21,7,11,1,4.0
143.3,60.376,-152.94,21,7,11,0,3.3
0.7,56.828,-155.643,21,7,11,0,2.5
16.47,19.3263333333333,-155.952666666667,20,7,11,0,2.98
3.2,61.771,-148.623,20,7,11,0,2.5
124.646,-7.2264,129.2554,19,7,11,1,4.3
124.2,63.027,-150.735,19,7,11,0,2.5
10.0,50.9274,-173.9821,19,7,11,0,3.1
136.329,51.8315,179.8041,18,7,11,0,2.8
51.176,4.953,125.2097,17,7,11,1,5.2
14.537,37.4669,-116.7,17,7,11,0,3.03
10.0,-13.5551,166.4217,17,7,11,1,4.4
107.6,63.131,-150.362,16,7,11,0,3.6
618.56,-17.9135,-178.0208,15,7,11,1,4.1
9.6375,31.547,-104.14,15,7,11,0,2.8
541.262,-23.5954,-179.7988,15,7,11,1,4.3
10.0,41.7391,81.2908,15,7,11,1,4.5
10.0,-15.2652,-173.0763,15,7,11,1,5.1
10.0,37.8522,144.5385,15,7,11,1,4.1
7.422,52.2092,176.4009,15,7,11,1,4.3
10.0,14.2451,-49.1784,14,7,11,1,4.7
35.0,54.0942,-163.317,14,7,11,0,2.6
585.226,-18.2485,-177.9864,13,7,11,1,4.3
23.9,54.85,-158.059,13,7,11,0,2.7
423.264,51.1349,151.5331,13,7,11,1,4.6
183.676,-5.5796,148.2517,12,7,11,1,4.3
10.0,-17.3141,166.7333,12,7,11,1,4.6
48.976,-7.4818,106.6671,12,7,11,1,4.0
539.807,-20.8824,-178.5588,11,7,11,1,4.4
10.0,26.1671,99.9596,11,7,11,1,4.2
60.754,5.0829,125.5168,10,7,11,1,5.4
17.286,5.9563,127.1345,10,7,11,1,4.2
53.7,56.298,-156.564,10,7,11,0,3.1
26.0,-55.5349,-28.9109,10,7,11,2,6.4
10.0,-11.6294,117.5139,8,7,11,1,4.1
14.9,53.472,-164.79,8,7,11,0,2.5
21.33,18.9858333333333,-67.7223333333333,8,7,11,0,3.3
10.0,-10.7979,-78.8861,7,7,11,1,5.1
50.771,4.5233,95.0891,7,7,11,1,4.5
121.758,-59.5703,-26.5035,6,7,11,1,5.4
35.0,51.2272,-178.0639,6,7,11,1,4.3
548.062,-20.1792,-177.6036,6,7,11,1,4.3
561.028,-21.1424,-178.7668,6,7,11,1,4.5
5.0,51.5038,16.0437,6,7,11,1,4.9
290.052,-4.3137,127.0992,5,7,11,1,4.3
120.7,58.872,-154.323,4,7,11,0,2.8
35.0,54.3073,-161.7075,3,7,11,0,2.8
99.086,-30.7065,-178.2815,3,7,11,1,4.6
3.76,38.8016666666667,-122.7785,3,7,11,0,2.65
394.969,-18.0756,-177.0646,3,7,11,1,5.0
29.0,19.5868,-64.6306,3,7,11,0,3.81
18.2,50.2898,-174.5066,2,7,11,0,2.6
10.0,-2.737,128.737,2,7,11,1,4.5
35.0,12.0974,143.1645,2,7,11,1,4.3
10.0,-2.6526,128.7514,2,7,11,1,4.9
10.0,40.5384,-29.4986,1,7,11,1,4.5
10.29,39.8895,-123.227333333333,1,7,11,1,4.42
10.0,40.354,-29.4825,1,7,11,1,4.5
10.0,41.088,-29.4093,1,7,11,1,4.4
10.0,7.47,126.3912,0,7,11,1,4.7
10.0,40.7383,-29.2555,0,7,11,1,4.5
18.9,60.701,-147.018,23,7,10,0,3.0
28.599,-6.8849,104.9361,22,7,10,1,4.7
10.29,39.8943333333333,-123.223333333333,22,7,10,0,2.74
10.08,39.8991666666667,-123.211666666667,22,7,10,0,3.77
22.7,51.333,-175.151,21,7,10,0,2.5
35.0,1.5624,126.3196,21,7,10,1,4.5
226.997,15.7434,-91.7643,20,7,10,1,4.3
9.1,61.61,-146.34,20,7,10,0,3.1
70.985,40.5117,141.8936,20,7,10,1,4.0
551.946,-20.3472,-178.1195,20,7,10,1,4.0
197.004,-29.4699,-179.0281,20,7,10,1,4.4
43.61,44.9865,-123.848833333333,20,7,10,0,2.61
74.16,12.8446,93.4161,20,7,10,1,4.2
26.0,51.067,179.351,19,7,10,0,2.5
78.586,-14.7285,167.0379,19,7,10,1,4.5
17.91,19.3761666666667,-155.8625,19,7,10,0,3.1
106.0,63.121,-150.361,19,7,10,0,2.7
38.723,4.9649,125.4432,18,7,10,1,4.5
10.0,-53.224,140.3525,18,7,10,1,5.0
104.1,60.006,-152.589,17,7,10,0,2.6
203.646,-15.9379,-70.1816,16,7,10,1,4.1
27.5,51.418,-176.267,16,7,10,0,2.5
10.0,1.7818,-30.6973,15,7,10,1,4.8
51.1,58.289,-152.683,15,7,10,0,2.6
88.78,7.331,126.5826,15,7,10,1,4.4
148.17,51.9262,-179.8258,15,7,10,0,3.1
10.0,-20.4703,168.7881,13,7,10,1,4.5
118.196,23.5239,94.927,13,7,10,1,4.3
55.096,5.3522,125.466,12,7,10,1,4.4
241.18,2.2744,128.5109,12,7,10,1,4.2
17.24,19.328,-155.9575,12,7,10,0,2.71
5.6897,31.718,-104.512,12,7,10,0,2.5
102.4,63.296,-149.67,11,7,10,0,2.5
16.165,52.4572,-169.737,10,7,10,0,2.6
10.0,-20.4881,168.7239,10,7,10,1,4.4
555.568,-19.9862,-177.7605,10,7,10,1,4.2
10.0,-38.567,95.7015,10,7,10,1,4.5
10.895,52.484,176.599,9,7,10,0,2.9
299.147,21.5587,143.0054,9,7,10,1,4.0
10.0,56.2897,-149.3695,9,7,10,0,2.7
7.88,17.97,-66.995,9,7,10,0,3.23
113.91,-40.4255,-72.1293,8,7,10,1,4.1
144.477,6.0652,125.8913,8,7,10,1,4.5
10.0,-3.1249,139.9324,8,7,10,1,4.9
10.0,-20.3034,168.4272,7,7,10,1,4.6
201.533,-29.2113,-178.6242,7,7,10,1,4.2
10.0,27.8955,57.7258,7,7,10,1,4.1
10.0,51.9281,176.269,7,7,10,0,3.1
109.954,51.7102,177.9805,7,7,10,0,2.6
32.48,19.0356666666667,-155.373666666667,7,7,10,0,2.61
18.689,-5.8116,146.4984,6,7,10,1,4.6
10.0,10.4593,-68.6291,6,7,10,1,4.4
39.34,19.2218333333333,-156.385833333333,6,7,10,1,4.53
11.8,55.98,-159.794,5,7,10,0,2.8
10.0,-2.6354,138.9683,5,7,10,1,4.5
13.475,51.1444,-175.0693,4,7,10,0,2.5
84.859,51.7329,178.6644,3,7,10,0,2.5
35.0,54.4283,-160.0784,3,7,10,0,2.8
10.0,0.8501,-28.805,3,7,10,1,4.6
9.6,51.143,-175.072,3,7,10,0,2.6
19.229,52.2358,-169.4403,3,7,10,0,3.5
10.0,55.1848,-159.4927,3,7,10,0,3.0
10.0,-22.0162,170.1373,2,7,10,1,4.7
10.0,-22.3209,170.0905,2,7,10,1,4.6
10.0,71.1775,-7.0266,2,7,10,1,4.2
10.0,51.8614,176.251,1,7,10,0,3.2
35.0,54.5079,-160.0373,1,7,10,0,2.9
8.81,17.9531666666667,-66.993,1,7,10,0,3.3
39.312,-2.7409,-80.8398,23,7,9,1,4.6
37.685,-58.5851,-24.9866,23,7,9,1,4.9
10.0,52.0386,176.3244,23,7,9,0,3.0
80.756,50.7812,156.9402,22,7,9,1,4.2
83.65,53.1976,159.5342,22,7,9,1,4.0
86.478,-7.0673,155.594,22,7,9,1,4.6
5.064,54.3729,-161.6326,22,7,9,0,2.5
22.466,1.8773,126.5974,21,7,9,1,4.5
13.0,61.929,-147.361,21,7,9,0,2.8
10.0,-16.7418,-177.3311,21,7,9,1,4.8
15.62,18.8095,-64.489,21,7,9,0,2.97
627.513,-21.0278,-179.234,21,7,9,1,4.3
7.51,18.5878333333333,-65.0426666666667,20,7,9,0,2.51
10.0,56.5983,-148.7776,20,7,9,0,2.8
10.0,42.368,70.8745,19,7,9,0,3.9
35.0,-33.3149,-178.9052,19,7,9,1,4.4
21.8,18.982,-67.3845,19,7,9,0,3.1
110.81,18.1766666666667,-67.933,18,7,9,0,3.2
10.0,5.3119,124.8955,17,7,9,1,4.6
22.9,61.65,-150.06,17,7,9,0,2.6
26.947,51.2352,-177.7452,17,7,9,0,3.2
6.9,51.399,-173.198,17,7,9,0,2.7
13.5,57.322,-147.097,17,7,9,0,2.8
82.5,56.483,-157.075,17,7,9,0,2.7
118.604,10.8295,125.2563,16,7,9,1,4.9
84.108,5.0686,125.2613,16,7,9,1,4.6
10.0,52.0847,176.3274,16,7,9,0,3.2
97.874,25.3558,125.14,16,7,9,1,4.7
24.35,18.8746666666667,-67.1846666666667,16,7,9,0,3.06
10.0,-20.5043,168.6004,16,7,9,1,4.6
3.3,54.523,-160.063,15,7,9,0,2.5
11.0,18.876,-65.6816666666667,15,7,9,0,2.78
10.0,51.8194,176.1758,15,7,9,0,2.7
10.0,52.031,176.3942,15,7,9,0,2.8
432.134,-30.9639,179.8397,15,7,9,1,4.0
10.0,52.1353,176.3584,15,7,9,1,4.0
10.0,16.3538,119.1075,14,7,9,1,4.4
10.01,36.6353333333333,-121.260666666667,14,7,9,0,3.48
10.0,-20.4353,168.7702,14,7,9,1,4.6
2.76,33.1723333333333,-115.597666666667,14,7,9,0,2.51
10.0,51.8945,176.1902,13,7,9,0,2.8
10.0,33.251,135.0124,12,7,9,1,5.0
174.958,-14.5761,167.3106,12,7,9,1,4.8
107.714,44.5094,147.8897,11,7,9,1,4.6
180.834,-14.711,167.4235,11,7,9,1,4.4
89.451,52.2321,176.1524,10,7,9,0,2.5
147.1,53.149,-170.325,10,7,9,0,2.5
93.5,60.182,-152.542,10,7,9,0,2.5
-2.74,41.5565,-109.889,9,7,9,0,3.19
4.831,54.5367,-164.7524,9,7,9,0,2.6
35.0,53.4286,-165.0487,9,7,9,0,2.5
10.0,-2.5517,138.8111,8,7,9,1,4.3
22.417,-17.8976,167.8882,8,7,9,1,4.3
10.0,51.0461,175.0782,8,7,9,0,3.6
9.133,36.6602,-116.3314,6,7,9,0,3.39
9.61,36.6734,-116.3268,6,7,9,0,2.93
35.0,53.1767,-166.997,6,7,9,0,2.7
85.93,18.1496666666667,-68.052,6,7,9,0,3.15
8.65,46.7241666666667,-121.120333333333,6,7,9,0,2.62
0.7,52.023,176.295,5,7,9,0,2.6
35.0,51.1922,-177.4409,5,7,9,0,2.8
7.743,51.8852,176.2817,5,7,9,0,2.8
25.381,52.0764,-173.0809,4,7,9,0,2.7
25.922,-2.5486,140.6723,3,7,9,1,4.3
117.435,22.3163,94.9864,2,7,9,1,4.0
16.602,56.0824,-149.2243,2,7,9,0,3.0
10.0,51.9888,176.2967,2,7,9,0,2.8
88.8,61.395,-151.714,2,7,9,0,2.5
10.0,52.0156,176.2898,1,7,9,0,3.1
39.15,17.2478333333333,-67.8303333333333,1,7,9,0,3.4
10.0,51.9372,176.3958,1,7,9,0,2.7
35.0,1.4908,126.2699,1,7,9,1,4.6
155.774,38.1764,74.0708,1,7,9,1,4.5
10.0,-3.6997,119.1439,1,7,9,1,4.7
10.0,51.9667,176.2934,0,7,9,0,2.6
12.78,17.8635,-66.9045,0,7,9,0,2.94
35.0,51.048,-179.4683,0,7,9,0,2.5
27.5,61.8,-149.823,0,7,9,0,2.5
10.0,10.5193,-68.558,23,7,8,1,4.5
10.0,28.5835,104.7181,23,7,8,1,5.0
84.177,-21.6681,-175.5276,23,7,8,1,4.7
18.263,51.9299,176.253,23,7,8,0,2.5
10.0,-7.5549,21.9353,23,7,8,1,4.4
10.0,19.6124,77.5148,21,7,8,1,4.1
5.0,52.02,176.257,21,7,8,0,2.5
10.0,52.0378,176.2989,21,7,8,0,2.6
96.222,-6.1585,148.0806,21,7,8,1,4.3
5.2,52.105,176.31,21,7,8,0,2.9
35.0,12.6153,-88.5458,21,7,8,1,4.1
105.7,59.996,-152.828,21,7,8,0,2.5
25.072,34.7436,28.9794,21,7,8,0,3.9
10.0,11.3434,126.3167,20,7,8,1,4.9
15.05,17.98,-66.8388333333333,20,7,8,0,2.53
15.0,17.9778,-66.8351,20,7,8,0,3.9
10.0,19.1429,76.8609,20,7,8,1,4.2
18.5,58.518,-151.519,19,7,8,0,2.7
5.0,42.1744,-87.4862,19,7,8,0,2.9
59.5,62.985,-148.272,19,7,8,0,2.8
0.4,55.161,-157.739,19,7,8,0,3.0
10.0,-61.813,154.9177,19,7,8,1,5.5
10.0,52.0124,176.2738,18,7,8,0,2.7
35.0,51.8709,176.2379,18,7,8,0,3.0
5.0,52.009,176.211,18,7,8,0,2.7
170.238,-28.2956,-178.1779,17,7,8,1,4.0
346.916,-19.3289,-177.2505,16,7,8,1,4.1
35.0,51.3097,-176.9173,15,7,8,0,2.7
10.0,-19.2006,168.1213,15,7,8,1,4.4
3.7,50.256,178.331,15,7,8,0,2.8
10.0,32.9911,47.4089,15,7,8,1,4.5
10.0,-20.3478,168.8993,14,7,8,1,4.2
69.803,40.033,142.0254,14,7,8,1,4.3
10.0,23.4589,125.5677,13,7,8,1,4.3
10.0,5.0879,124.7479,13,7,8,1,4.3
24.961,52.2075,176.3363,13,7,8,0,2.7
10.0,-6.4883,68.7257,13,7,8,1,5.3
10.0,-54.7282,-28.8767,12,7,8,1,4.6
10.0,-6.5762,151.7872,12,7,8,1,4.5
10.0,-22.9408,-175.2269,12,7,8,1,5.3
35.0,-20.1209,168.9433,11,7,8,1,5.0
27.012,51.1446,179.2452,11,7,8,0,2.5
10.0,-20.2822,168.7902,11,7,8,1,5.4
25.978,-5.9822,150.8923,11,7,8,1,5.0
10.0,-20.3525,168.8092,10,7,8,1,4.7
71.351,7.0765,126.9248,10,7,8,1,4.5
120.84,-22.305,171.3461,10,7,8,1,4.6
10.0,50.5733,-174.0927,10,7,8,0,2.8
10.0,-18.029,167.5999,10,7,8,1,4.6
10.0,-20.2599,168.5709,10,7,8,1,4.3
7.42,18.846,-67.4783333333333,10,7,8,0,3.14
10.0,-20.2461,168.7055,9,7,8,1,4.5
13.0,-20.2856,168.902,9,7,8,1,5.8
60.641,54.3094,-163.751,9,7,8,0,2.6
28.1,51.437,-176.302,8,7,8,0,2.6
126.5,63.265,-150.43,8,7,8,0,2.9
121.297,1.8109,127.418,8,7,8,1,4.7
141.513,15.5196,145.9356,8,7,8,1,4.1
73.567,40.2393,141.8566,7,7,8,1,4.6
28.84,19.1326666666667,-155.369333333333,7,7,8,0,3.31
10.0,-33.0995,-178.7552,7,7,8,1,4.6
109.531,18.9168,146.3687,6,7,8,1,4.2
215.968,37.4223,72.1403,6,7,8,1,4.3
132.871,51.9768,-175.354,6,7,8,0,2.5
56.438,3.1031,127.3343,5,7,8,1,4.1
10.0,-18.0345,167.4581,5,7,8,1,4.7
10.0,-10.6787,-74.8022,5,7,8,1,4.7
35.0,5.3283,125.0436,4,7,8,1,4.3
10.0,71.149,-7.1589,4,7,8,1,4.9
19.9,60.202,-142.435,4,7,8,0,2.5
35.0,51.7464,176.1431,4,7,8,0,2.9
543.446,-7.2715,124.6473,3,7,8,1,4.0
2.98,51.9715,176.2811,3,7,8,0,3.0
10.0,28.5603,104.793,2,7,8,1,5.0
5.821,52.027,176.3434,1,7,8,0,2.8
10.0,50.3127,178.8227,1,7,8,0,2.5
67.619,12.4552,-87.8844,1,7,8,1,4.2
10.0,30.4061,68.8666,1,7,8,1,4.2
5.0,18.9381,-64.6125,1,7,8,0,3.67
10.0,51.3314,174.6712,0,7,8,0,3.4
11.27,17.9883333333333,-65.3893333333333,0,7,8,0,2.59
27.4,51.46,-176.331,23,7,7,0,2.5
43.598,1.3967,126.3355,23,7,7,1,4.6
81.216,-6.6896,130.2932,23,7,7,1,4.2
10.0,53.9655,-161.7998,22,7,7,0,2.9
10.0,39.1532,71.7294,22,7,7,1,4.9
10.0,28.542,104.7723,22,7,7,1,4.6
10.0,28.458,104.6768,22,7,7,1,4.4
17.048,35.2754,23.5266,22,7,7,1,4.4
10.0,28.6236,104.7307,22,7,7,1,5.0
5.0,56.899,-154.625,21,7,7,0,2.6
10.0,-1.64,121.5669,21,7,7,1,4.5
6.12,38.58,-122.451666666667,21,7,7,0,2.53
8.72,38.5761666666667,-122.4555,21,7,7,0,3.62
59.462,51.5,178.8824,20,7,7,0,3.1
157.356,13.7187,120.6409,20,7,7,1,4.5
16.56,18.8975,-63.9108333333333,20,7,7,0,2.93
121.882,-37.205,177.4397,20,7,7,1,4.9
10.0,28.5546,104.6926,20,7,7,1,4.5
10.0,41.1592,72.6074,19,7,7,1,4.0
32.655,-6.628,105.0792,19,7,7,1,5.3
26.985,52.5675,-168.5484,19,7,7,0,2.7
10.0,49.895,158.2212,19,7,7,1,4.4
58.848,54.9095,-161.4183,18,7,7,0,2.7
158.472,55.3903,160.2665,18,7,7,1,4.0
174.803,55.5324,-163.7617,18,7,7,0,2.8
24.0,51.178,-177.033,18,7,7,0,2.5
35.0,9.7551,-84.7291,18,7,7,1,5.2
174.041,52.589,-176.3243,18,7,7,1,4.5
238.033,-16.8713,-174.4597,18,7,7,1,4.3
1.2,54.564,-159.981,17,7,7,0,2.5
10.0,-57.3715,-66.9761,17,7,7,1,4.9
45.0,19.6656,-64.5113,17,7,7,1,4.41
22.2,51.244,-177.505,16,7,7,0,2.6
54.21,18.5941666666667,-66.2231666666667,16,7,7,0,2.76
163.16,1.4485,127.3466,16,7,7,1,4.1
75.532,2.9049,97.625,15,7,7,1,4.1
6.0999,31.643,-104.427,15,7,7,0,2.5
26.5,56.675,-156.224,14,7,7,0,2.7
57.814,3.1311,127.4919,14,7,7,1,4.4
10.0,-5.7754,127.5599,14,7,7,1,4.1
24.824,50.9941,179.1289,13,7,7,0,2.6
35.0,5.3832,124.9503,12,7,7,1,4.5
89.0,18.4383,-66.3665,12,7,7,0,3.15
105.123,-5.8325,154.4556,12,7,7,1,4.5
35.0,-16.5385,-173.3065,11,7,7,1,4.4
63.071,18.335,120.9498,11,7,7,1,4.3
505.88,-24.136,-179.9471,10,7,7,1,4.2
10.0,47.1564,155.318,10,7,7,1,4.5
5.0,62.212,-148.156,9,7,7,0,2.5
10.0,50.5054,-174.0427,9,7,7,0,2.9
117.121,10.7315,-62.7299,8,7,7,1,4.5
10.0,59.4179,-30.3966,8,7,7,1,5.0
10.0,52.0456,176.3041,8,7,7,0,3.1
87.0,19.454,-64.3028,8,7,7,0,3.78
54.564,51.3898,178.9796,8,7,7,0,3.2
10.0,51.165,178.263,7,7,7,0,3.3
10.0,51.9127,-167.1606,7,7,7,0,2.5
59.541,3.1235,127.5356,7,7,7,1,5.4
67.4,62.171,-150.837,7,7,7,0,2.5
270.6,2.212,124.7687,6,7,7,1,4.3
513.935,-20.5006,-177.7562,6,7,7,1,4.3
70.251,4.9573,125.4004,6,7,7,1,4.5
10.0,37.7247,95.2604,6,7,7,1,4.3
10.0,59.489,-30.2483,5,7,7,1,5.3
35.0,51.6174,-175.85,5,7,7,0,3.1
10.0,8.9513,40.3613,5,7,7,1,4.4
10.0,59.7059,-30.2056,5,7,7,1,4.8
10.0,59.5008,-30.2634,5,7,7,1,5.0
10.0,59.4653,-30.3069,4,7,7,1,4.4
10.0,59.3697,-30.1038,4,7,7,1,4.4
538.151,-17.5891,-178.9625,3,7,7,1,4.0
29.677,54.2511,-162.5608,2,7,7,0,2.5
71.0,62.708,-149.705,2,7,7,0,2.6
35.0,54.2681,-161.1286,1,7,7,0,2.5
10.0,-57.3252,-66.6796,1,7,7,1,5.7
10.0,-0.6999,131.398,1,7,7,1,4.2
35.0,51.2867,-177.1175,1,7,7,0,2.7
82.968,54.4439,-164.3,0,7,7,0,2.7
120.562,-7.4046,128.4877,23,7,6,1,4.5
35.0,51.6119,177.0118,22,7,6,0,3.6
51.674,-33.435,-178.9855,22,7,6,1,4.7
9.351,52.0368,176.3879,21,7,6,0,3.0
70.389,4.9052,125.4791,21,7,6,1,4.3
10.0,-20.3245,168.8776,20,7,6,1,4.5
10.0,-20.2783,168.922,20,7,6,1,4.6
10.0,-18.2928,64.871,20,7,6,1,4.9
10.0,-33.0471,-178.3863,19,7,6,1,4.6
10.0,-18.1578,64.7215,17,7,6,1,4.8
49.885,5.6332,125.3204,17,7,6,1,4.3
10.0,51.961,176.2929,17,7,6,0,3.2
54.901,40.1573,142.3995,17,7,6,1,4.6
10.0,-18.0663,65.0884,16,7,6,1,4.9
10.0,-18.215,64.9824,16,7,6,1,4.5
10.0,-38.3361,48.2039,16,7,6,1,4.9
5.0,56.74,-149.683,16,7,6,0,2.7
26.323,-32.6321,-71.7758,16,7,6,1,4.9
22.044,-32.5656,-71.7963,16,7,6,1,5.0
10.0,56.2546,-149.3002,16,7,6,0,2.9
10.0,56.3203,-149.2957,16,7,6,0,2.6
46.7,60.763,-150.376,15,7,6,0,2.8
101.6,61.658,-151.652,15,7,6,0,2.8
10.0,-16.888,-172.188,14,7,6,1,5.1
73.986,4.8301,125.4044,13,7,6,1,4.4
8.82,33.4515,-118.275,12,7,6,0,3.22
10.0,-36.8965,-73.7083,12,7,6,1,4.5
16.5,63.879,-160.57,11,7,6,0,2.5
65.876,40.4327,141.832,11,7,6,1,4.6
90.0,60.738,-151.814,10,7,6,0,2.9
10.0,50.8526,179.0191,10,7,6,0,2.5
30.952,5.388,126.1825,10,7,6,1,4.2
20.521,4.9758,125.1828,10,7,6,1,4.6
10.0,53.0588,-166.7751,10,7,6,0,2.5
5.0,36.8351,-104.8286,9,7,6,0,3.7
4.19,36.8317,-104.832,9,7,6,0,3.8
10.923,5.0377,125.2181,9,7,6,1,4.3
116.786,-31.8064,-68.2594,8,7,6,1,4.1
35.0,5.093,125.2625,8,7,6,1,4.5
35.0,4.9333,125.2275,8,7,6,1,5.2
10.0,51.6274,176.854,8,7,6,0,3.1
218.647,-23.7872,-67.2037,8,7,6,1,4.1
35.0,4.9209,125.2936,8,7,6,1,5.9
115.579,-17.9419,-174.4611,8,7,6,1,4.6
2.5,50.836,-174.713,8,7,6,0,2.6
56.904,35.5937,22.0403,8,7,6,1,4.0
58.92,-19.6928,-70.1867,7,7,6,0,3.4
15.6,51.909,176.191,7,7,6,0,3.8
10.0,12.6672,123.0471,6,7,6,1,4.6
10.0,-15.1282,-173.1216,6,7,6,1,4.3
10.0,47.6121,154.6436,5,7,6,1,4.3
10.0,52.0475,176.293,5,7,6,0,3.2
108.0,60.014,-152.525,5,7,6,1,4.0
145.436,-18.8682,169.3315,5,7,6,1,4.4
142.921,36.6832,27.1466,5,7,6,1,4.3
10.0,50.9255,179.6109,4,7,6,0,3.0
26.2,56.31,-152.597,3,7,6,0,3.1
25.2,40.3128333333333,-122.176,2,7,6,0,2.58
10.0,10.8145,-86.4878,2,7,6,1,4.7
598.411,-22.0317,-179.5897,2,7,6,1,4.4
127.052,23.7501,142.3031,1,7,6,1,4.2
24.3,55.656,-152.048,0,7,6,0,3.0
22.9,56.269,-152.493,0,7,6,0,3.2
548.416,-17.0794,-178.373,23,7,5,1,4.2
10.0,3.6222,63.5424,23,7,5,1,4.3
539.257,52.7708,152.7425,23,7,5,0,3.9
35.74,18.739,-65.1123333333333,23,7,5,0,3.07
30.71,18.8411666666667,-66.3561666666667,23,7,5,0,2.68
35.0,54.5276,-159.8246,22,7,5,0,2.8
4.5,52.094,-171.453,19,7,5,0,2.8
10.0,51.8283,176.2038,19,7,5,0,3.6
100.3,58.097,-154.661,19,7,5,0,3.4
127.264,24.9528,122.2926,19,7,5,1,4.3
31.157,-2.7088,138.955,19,7,5,1,4.6
35.0,51.356,-176.5678,19,7,5,0,2.6
10.0,-46.2013,95.1556,18,7,5,1,4.4
10.0,-7.0689,150.6558,17,7,5,1,4.3
21.96,17.1536666666667,-67.4195,17,7,5,0,3.21
10.0,-46.9358,96.4748,17,7,5,1,4.4
10.0,-46.5811,96.3956,17,7,5,1,4.2
35.0,53.6407,-165.4259,17,7,5,0,3.2
10.0,29.7767,141.8968,17,7,5,1,4.1
20.238,51.1404,-177.576,16,7,5,0,2.6
30.864,-29.2807,-71.7302,16,7,5,1,4.3
28.91,0.7402,125.8958,16,7,5,1,4.1
10.0,36.6916,-106.7566,16,7,5,0,3.5
21.464,51.0539,-179.0747,16,7,5,0,2.7
10.01,32.9521666666667,-115.779333333333,16,7,5,0,2.83
10.0,50.9875,-178.9484,16,7,5,0,3.4
79.0,18.2933,-68.2458,16,7,5,0,3.74
15.6,50.975,-179.004,16,7,5,0,2.8
5.307,-29.2368,-71.9886,15,7,5,1,5.0
153.866,51.7167,-178.555,15,7,5,0,2.8
10.0,31.5778,104.0599,15,7,5,1,5.0
10.0,31.5981,104.1053,15,7,5,1,4.6
121.347,-5.6457,154.2029,15,7,5,1,4.2
94.56,43.9984,146.5781,15,7,5,1,4.5
10.0,31.5295,104.043,15,7,5,1,4.9
6.78,36.8766666666667,-121.623833333333,14,7,5,0,2.96
6.382,-29.2222,-71.9678,14,7,5,1,4.8
665.993,-20.0123,-179.0709,14,7,5,1,5.7
164.55,53.5163,-168.1555,14,7,5,0,2.7
5.54,36.9618333333333,-121.453333333333,14,7,5,0,2.95
5.0,51.622,-174.149,13,7,5,0,2.6
539.755,-19.4988,-177.6002,12,7,5,1,4.1
59.823,-2.2316,100.7387,12,7,5,1,4.6
88.804,51.9927,-173.2092,12,7,5,0,3.2
24.017,-30.6748,-71.8939,11,7,5,1,4.3
22.575,51.0283,179.5763,11,7,5,0,3.0
10.0,51.183,-177.9448,11,7,5,0,2.7
216.844,52.7541,-173.2759,11,7,5,0,3.4
39.0,19.074,-66.739,10,7,5,0,3.96
10.0,-26.3182,-69.5356,10,7,5,1,4.4
29.4,51.322,-176.08,9,7,5,0,2.5
102.574,-32.1299,-179.3287,9,7,5,1,4.6
26.9,52.094,-168.174,8,7,5,0,2.5
94.66,18.2358333333333,-67.0656666666667,7,7,5,0,2.99
70.037,50.0377,156.0215,7,7,5,1,5.0
536.812,-4.7047,149.3621,6,7,5,1,4.1
108.1,60.183,-152.556,6,7,5,0,2.5
11.233,36.6396,-106.8488,6,7,5,0,2.5
7.38,35.3003333333333,-117.804666666667,6,7,5,0,3.01
10.0,31.768,104.0274,6,7,5,1,4.2
10.0,-3.3867,145.2292,5,7,5,1,4.5
145.1,60.507,-152.98,5,7,5,0,2.5
35.1,55.244,-155.625,4,7,5,0,3.4
19.044,53.4211,-165.7456,4,7,5,0,2.5
13.29,18.015,-67.1345,4,7,5,0,2.5
27.3,61.381,-150.356,4,7,5,0,2.9
9.62,18.8686666666667,-64.414,3,7,5,0,3.17
10.0,-38.6486,143.3721,3,7,5,1,4.1
62.07,48.3147,154.2358,2,7,5,1,4.0
1.0913,40.093,-115.1228,0,7,5,0,3.1
21.5,51.08,-179.292,0,7,5,0,2.8
521.265,-24.9946,179.4228,23,7,4,1,4.5
35.0,54.4363,-160.662,23,7,4,0,2.5
623.086,-21.183,-179.2129,22,7,4,1,4.4
10.0,-36.4911,-74.3985,22,7,4,1,4.4
197.401,18.8818,145.8011,22,7,4,1,4.4
34.694,-16.674,-73.4817,20,7,4,1,4.7
20.0,18.9288,-64.3893,18,7,4,0,3.53
37.08,19.3845,-68.2926666666667,18,7,4,0,3.25
1.8,52.113,-169.977,18,7,4,0,2.5
10.0,29.7363,142.1893,17,7,4,1,4.4
7.46,35.2976666666667,-117.805333333333,17,7,4,0,2.57
35.0,53.5772,-163.5187,17,7,4,0,2.8
10.0,29.7353,142.0549,17,7,4,1,4.8
27.564,29.687,141.9852,16,7,4,1,4.6
47.0,60.974,-150.177,16,7,4,0,2.5
30.137,49.8762,157.0482,16,7,4,1,4.1
10.0,3.203,-84.1835,16,7,4,1,4.9
10.0,59.0013,-30.4963,16,7,4,1,4.3
10.0,59.3867,-30.4347,15,7,4,1,4.4
182.154,51.7569,-179.8488,15,7,4,0,3.0
10.0,59.425,-30.5058,14,7,4,1,4.3
10.0,-45.6842,-14.664,14,7,4,1,5.2
186.02,37.9027,72.0722,14,7,4,1,4.1
62.0,19.3063,-68.0803,13,7,4,0,3.87
69.597,5.5935,125.1679,12,7,4,1,4.2
10.0,59.3473,-30.2773,12,7,4,1,5.0
10.0,59.2444,-30.4029,12,7,4,1,4.3
122.284,-15.0837,167.4562,12,7,4,1,4.5
10.0,59.3273,-30.4146,12,7,4,1,4.3
10.0,59.2055,-30.4887,12,7,4,1,5.0
10.0,59.3683,-30.388,12,7,4,1,4.4
10.0,59.3353,-30.4599,12,7,4,1,4.3
10.0,59.3103,-30.4985,12,7,4,1,4.9
10.0,59.1797,-30.1475,12,7,4,1,4.2
10.0,59.2141,-30.3364,12,7,4,1,4.3
162.218,40.5102,139.8123,11,7,4,1,4.0
54.41,-6.1825,149.46,10,7,4,1,4.6
10.0,25.9651,100.6404,10,7,4,1,4.7
7.21,19.1941666666667,-155.609,10,7,4,0,3.24
50.105,1.4118,126.5098,10,7,4,1,4.6
10.0,26.0138,100.6608,10,7,4,1,4.6
10.0,26.0576,100.8627,9,7,4,1,4.5
37.6,58.208,-152.445,9,7,4,0,2.7
124.794,1.7953,127.3992,9,7,4,1,4.8
10.0,-2.441,138.2901,8,7,4,1,5.1
35.0,5.1302,125.128,8,7,4,1,4.9
10.0,53.4412,-160.9704,8,7,4,0,2.8
10.0,5.5379,125.2743,8,7,4,1,4.4
186.355,-5.5683,147.1011,7,7,4,1,4.7
10.0,18.0038,-64.885,7,7,4,0,3.6
101.894,-58.0218,-25.6925,7,7,4,1,4.6
259.942,-4.3137,127.1101,7,7,4,1,4.2
11.629,52.0294,-173.8821,5,7,4,0,2.9
298.998,-16.1397,-174.9044,5,7,4,1,4.4
10.0,32.073,142.4622,5,7,4,1,4.8
7.9,58.633,-154.369,4,7,4,0,2.6
10.0,-46.4868,95.8389,4,7,4,1,4.4
10.0,52.5414,160.8118,4,7,4,1,4.1
10.011,52.1949,176.3702,4,7,4,0,2.9
268.617,13.2294,120.7251,4,7,4,1,4.2
10.0,52.9817,170.955,4,7,4,1,4.0
35.0,5.4471,125.1732,4,7,4,1,4.8
10.0,41.8929,-126.7503,4,7,4,0,2.6
6.5674,32.438,-102.113,4,7,4,0,2.8
4.2,54.671,-156.244,3,7,4,0,2.8
440.464,18.0054,145.7328,3,7,4,0,3.8
1.7,55.931,-135.547,3,7,4,0,3.3
51.786,-30.9277,-71.3591,3,7,4,1,5.0
14.5,52.268,-169.646,3,7,4,0,2.6
385.987,33.3871,136.8315,2,7,4,1,4.6
35.0,53.4192,-164.9693,2,7,4,0,2.9
35.0,53.5375,-163.6671,2,7,4,0,2.7
67.0,19.1511,-67.6393,2,7,4,0,3.82
10.0,5.4641,125.2867,2,7,4,1,5.0
35.0,5.5083,125.0803,2,7,4,1,4.5
58.1,56.603,-154.842,2,7,4,0,2.8
20.697,52.1745,176.3964,1,7,4,0,2.9
10.0,-16.4291,176.8878,1,7,4,1,4.5
40.22,19.074,-66.772,1,7,4,0,3.29
10.0,16.6943,96.1159,0,7,4,0,3.5
9.686,52.7279,-169.6927,0,7,4,0,2.7
579.839,-19.9956,-178.1839,0,7,4,1,4.5
10.0,52.0742,176.337,0,7,4,0,3.6
96.387,-17.8766,168.4811,23,7,3,1,4.5
10.0,43.4285,71.7695,23,7,3,1,4.4
24.06,19.3556666666667,-67.1056666666667,23,7,3,0,3.25
10.0,-2.7845,128.955,23,7,3,1,4.1
12.287,52.0456,176.3174,23,7,3,1,4.1
46.235,-9.1541,111.9751,23,7,3,1,4.5
98.024,51.958,-173.4111,22,7,3,0,2.7
68.343,6.2927,94.2825,22,7,3,1,4.5
45.76,18.8385,-64.5673333333333,22,7,3,0,2.97
10.0,51.1846,-172.5585,21,7,3,0,3.4
53.043,45.1666,150.166,21,7,3,1,4.4
10.0,-6.6713,152.7406,20,7,3,1,4.3
525.724,-18.514,-177.9583,20,7,3,1,4.0
10.0,-61.7843,154.7904,20,7,3,1,5.3
70.567,-5.999,154.4322,20,7,3,1,4.1
56.195,41.0985,142.4451,19,7,3,1,4.5
77.223,5.4191,125.228,19,7,3,1,4.5
69.093,52.2045,176.3703,19,7,3,0,2.7
62.89,5.4427,124.9634,19,7,3,1,4.7
139.728,-6.1169,130.5272,19,7,3,1,4.3
41.717,-9.5876,119.4682,17,7,3,1,4.8
10.0,66.6242,-140.8766,16,7,3,0,3.3
95.314,-28.2464,-69.0428,16,7,3,1,4.5
10.0,-16.9232,-176.9931,16,7,3,1,4.6
10.0,50.0282,-177.5453,15,7,3,0,3.5
10.0,51.9474,176.279,15,7,3,0,3.0
10.0,47.8399,-69.9488,15,7,3,0,2.5
148.0,18.3276,-68.8915,14,7,3,0,3.92
10.0,16.5112,-59.6013,14,7,3,1,4.3
10.0,16.5356,-59.4994,14,7,3,1,4.5
55.089,40.3721,142.0452,14,7,3,1,4.1
10.0,52.1665,-172.1827,14,7,3,0,3.8
0.4,51.344,-178.367,14,7,3,0,2.5
10.0,52.0203,176.294,14,7,3,0,3.2
126.377,51.853,178.3587,13,7,3,0,3.3
142.28,51.8399,178.0576,13,7,3,0,2.7
5.0,51.984,176.305,13,7,3,0,2.7
91.1,60.117,-152.449,13,7,3,0,2.9
10.0,23.7064,94.2425,12,7,3,1,4.1
35.0,5.198,125.0613,11,7,3,1,4.6
99.138,52.254,176.4335,11,7,3,0,2.8
10.0,28.0946,55.4971,11,7,3,1,4.3
10.0,25.854,125.8119,11,7,3,1,4.2
10.0,5.4221,125.1695,11,7,3,1,4.1
10.0,28.0738,55.5087,11,7,3,1,4.1
35.0,45.5394,151.527,10,7,3,1,4.4
10.0,-14.9113,167.9545,10,7,3,1,4.3
70.635,5.3276,125.3511,10,7,3,1,4.9
64.911,5.2608,125.1646,10,7,3,1,4.9
10.0,39.7794,72.8574,9,7,3,1,4.4
10.0,-45.2799,-77.6326,9,7,3,1,4.4
10.0,-56.2929,147.1368,9,7,3,1,4.6
10.0,-61.686,-154.4083,9,7,3,1,4.4
93.372,48.4688,154.1694,9,7,3,1,4.2
10.0,26.1073,125.5747,9,7,3,1,4.5
90.2,51.707,-179.626,8,7,3,0,2.5
34.0,48.2732,154.2595,8,7,3,1,5.9
3.4,51.9322,176.2129,8,7,3,0,3.0
126.413,1.7236,127.4992,8,7,3,1,4.7
10.0,-14.6638,166.6473,7,7,3,1,4.5
95.077,54.2048,-163.6775,7,7,3,0,2.6
10.0,26.0634,125.7206,7,7,3,1,4.5
10.0,25.973,125.8784,7,7,3,1,4.2
10.0,26.1183,125.9218,7,7,3,1,4.2
149.0,60.065,-153.278,6,7,3,0,2.5
9.5,52.404,-168.561,5,7,3,0,2.5
10.0,52.0849,176.3643,5,7,3,0,2.8
11.593,52.1024,176.2891,5,7,3,0,3.1
10.0,50.1662,-179.502,5,7,3,0,3.5
10.0,52.1525,-171.6371,4,7,3,0,2.9
61.605,9.7869,-84.2802,4,7,3,1,4.1
84.026,1.6981,127.3068,4,7,3,1,4.6
7.886,52.0281,176.3119,4,7,3,0,2.8
10.0,26.0711,125.7417,4,7,3,2,6.1
10.0,25.9579,125.8391,3,7,3,1,4.9
35.0,51.2743,-177.3707,3,7,3,0,2.6
142.939,-15.655,167.5219,3,7,3,1,4.5
93.066,36.3934,71.1102,3,7,3,1,4.4
-1.93,41.5548333333333,-109.884666666667,2,7,3,0,3.16
5.0,56.535,-149.912,2,7,3,0,2.7
159.741,1.6808,127.5509,2,7,3,1,4.6
107.0,1.7826,127.4596,2,7,3,2,6.2
22.23,18.9146666666667,-65.028,2,7,3,0,3.21
7.179,51.9762,176.2948,2,7,3,0,3.0
71.169,-56.0189,-27.538,1,7,3,1,4.5
72.808,-55.9479,-27.4041,1,7,3,1,4.6
29.646,38.7968,142.334,1,7,3,1,5.0
14.18,39.7846666666667,-122.683833333333,1,7,3,0,3.85
215.002,-20.6839,-67.3104,1,7,3,1,4.0
6.744,51.3876,-178.3785,0,7,3,0,3.6
10.0,56.4328,-149.4665,0,7,3,0,2.8
29.7,51.337,-176.095,0,7,3,0,2.6
10.0,16.3604,118.7989,0,7,3,1,4.3
11.524,52.2072,176.4186,23,7,2,0,3.7
69.568,12.7161,144.5979,23,7,2,1,4.4
15.324,51.9204,176.2747,22,7,2,0,3.1
17.111,51.3835,179.9072,22,7,2,0,2.5
63.069,40.5968,141.9435,22,7,2,1,4.3
10.0,-53.2381,140.3565,21,7,2,1,4.6
10.0,51.3835,-173.3719,21,7,2,0,2.6
17.127,51.202,178.4947,21,7,2,0,2.8
160.569,18.4086,146.0212,21,7,2,1,4.4
15.1,62.383,-148.36,21,7,2,0,2.5
35.0,53.1017,-166.763,20,7,2,0,3.2
5.82,18.712,-67.3726666666667,20,7,2,0,3.11
65.116,38.9869,141.988,20,7,2,1,4.2
10.0,52.3451,176.4473,19,7,2,0,2.9
34.2,59.446,-150.892,18,7,2,0,2.6
35.0,51.4459,-175.87,18,7,2,0,2.8
73.263,5.6071,125.087,18,7,2,1,4.3
21.8,51.283,-177.812,16,7,2,0,2.5
9.5459,32.107,-101.898,16,7,2,0,2.6
50.332,-41.3865,-74.2211,16,7,2,1,4.2
4.19,18.0995,-67.0426666666667,16,7,2,0,2.68
115.0,63.673,-149.292,15,7,2,0,2.6
10.0,34.6109,24.4448,15,7,2,1,4.1
10.0,26.4022,144.4075,15,7,2,1,4.5
112.209,24.6974,122.6118,14,7,2,1,4.7
10.0,51.9505,176.258,14,7,2,0,3.5
10.0,51.9817,176.285,13,7,2,0,3.2
35.0,54.5937,-160.4967,13,7,2,0,2.8
72.9,18.1531666666667,-66.1575,13,7,2,0,3.22
148.479,37.2704,139.3224,11,7,2,1,4.8
10.0,16.4611,119.2201,11,7,2,1,4.6
10.0,35.2927,27.1923,11,7,2,1,5.3
10.0,53.8332,-163.4609,11,7,2,0,2.6
10.0,16.429,119.1109,10,7,2,1,4.5
175.506,51.9526,178.1222,10,7,2,0,3.0
10.0,16.4338,119.0824,10,7,2,1,4.4
35.0,13.1526,-90.2611,10,7,2,1,4.1
10.0,16.473,119.2169,9,7,2,1,4.6
10.0,16.3716,119.2827,9,7,2,1,4.6
10.0,16.5396,119.252,9,7,2,1,4.8
116.734,52.8026,-169.4446,8,7,2,0,3.2
10.0,-3.9563,-104.3638,8,7,2,1,4.2
10.0,-4.1457,-104.5752,8,7,2,1,4.4
10.0,16.4012,119.2629,8,7,2,1,4.3
10.0,16.4126,119.1981,8,7,2,1,4.6
14.8,51.045,-179.253,8,7,2,0,2.6
10.0,38.3571,70.5605,7,7,2,1,4.3
108.5,64.126,-147.76,7,7,2,0,3.7
30.771,54.5025,-159.8253,7,7,2,0,3.0
52.198,35.7391,140.6696,7,7,2,1,4.3
31.0,19.0278,-66.7626,7,7,2,0,3.93
25.38,48.2888333333333,-122.6065,6,7,2,0,3.8
5.0,37.0247,-105.0351,6,7,2,0,2.8
10.19,33.252,-116.123166666667,6,7,2,0,3.39
10.0,-0.5756,-20.0059,6,7,2,1,4.5
150.261,0.2136,122.255,5,7,2,1,4.5
10.0,56.3697,-149.8547,5,7,2,0,2.7
10.0,-61.0213,-23.6266,5,7,2,1,5.4
117.0,18.5443,-65.1041,5,7,2,0,3.73
35.0,52.6957,-168.8102,5,7,2,0,3.7
10.0,-57.8911,-8.527,5,7,2,1,5.2
11.571,54.495,-163.1747,5,7,2,0,2.6
10.0,50.8823,178.8818,4,7,2,0,2.8
35.0,54.5283,-159.7366,4,7,2,0,2.5
55.776,40.7826,142.2454,4,7,2,1,4.6
38.0,19.5793,-64.575,4,7,2,1,4.04
6.921,54.4594,-163.1653,4,7,2,0,2.7
38.2,51.426,-177.264,4,7,2,0,3.5
7.43,35.306,-117.806166666667,3,7,2,0,3.26
224.546,-58.5363,-26.575,2,7,2,1,5.2
10.0,-55.0383,158.3577,2,7,2,1,4.2
141.37,-5.5798,105.8391,2,7,2,1,4.3
103.692,-59.4976,-26.2714,2,7,2,1,5.0
35.0,52.4896,-169.307,2,7,2,0,2.6
16.33,18.8618333333333,-65.0356666666667,1,7,2,0,2.83
75.623,-14.0918,-72.8911,1,7,2,1,4.9
27.891,-3.0197,140.0694,1,7,2,1,4.4
117.262,38.491,73.38,1,7,2,1,4.2
548.34,-21.2097,-178.7887,1,7,2,1,4.5
20.666,56.4059,-149.3289,1,7,2,0,2.6
10.0,-38.1266,-75.1831,0,7,2,1,4.5
10.0,44.712,-111.8333,23,7,1,0,2.7
10.0,43.7966,83.1413,22,7,1,1,4.4
126.7,59.774,-153.408,22,7,1,0,2.8
35.0,17.1254,-100.2952,22,7,1,1,4.4
178.273,-5.4317,147.3313,21,7,1,1,4.1
259.0,-16.9598,-174.8208,21,7,1,1,5.6
56.855,41.8579,142.5737,21,7,1,1,4.2
39.075,53.3513,170.8311,20,7,1,0,3.9
31.082,53.5389,-162.86,20,7,1,0,2.7
564.67,-17.9364,-178.7228,20,7,1,1,4.1
65.7,62.446,-150.007,20,7,1,0,2.6
442.639,-31.0629,-179.9776,19,7,1,1,4.3
45.206,-36.5164,-72.7827,19,7,1,1,4.4
37.98,-22.6021,170.7483,19,7,1,1,4.3
12.0,57.406,-136.798,18,7,1,0,3.0
197.395,52.0904,179.346,18,7,1,0,3.9
10.0,56.1379,-149.6693,18,7,1,0,3.3
10.981,5.3056,124.6689,18,7,1,1,4.2
38.548,16.2741,119.9524,17,7,1,1,4.3
205.0,36.5455,70.4388,17,7,1,1,5.5
14.446,54.0598,-162.7129,17,7,1,0,2.5
147.082,-15.2516,167.3635,17,7,1,1,4.5
553.969,-23.6999,-179.9785,17,7,1,1,4.5
31.97,19.181,-155.494166666667,17,7,1,0,2.69
11.186,52.2157,176.3791,16,7,1,0,3.9
57.725,40.3661,142.3143,16,7,1,1,4.7
48.0,17.8478,-68.5388,16,7,1,0,3.77
85.28,18.6806666666667,-68.6568333333333,15,7,1,0,3.38
368.386,-20.4232,-177.255,14,7,1,1,4.1
49.281,40.204,142.4164,14,7,1,1,4.3
425.29,27.9874,139.9594,14,7,1,1,4.1
27.196,8.7365,-83.2596,13,7,1,1,4.4
19.8,63.873,-160.586,13,7,1,0,3.6
10.0,40.4465,-125.373166666667,12,7,1,0,2.73
35.0,40.2085,142.4411,12,7,1,2,6.0
121.345,51.8753,178.2994,12,7,1,0,3.0
58.463,35.7791,22.4456,12,7,1,1,4.6
51.94,18.3898333333333,-66.1825,11,7,1,0,2.66
29.5,51.216,-176.854,11,7,1,0,2.5
7.2998,32.123,-101.92,11,7,1,0,2.9
10.0,51.9909,176.2054,10,7,1,1,4.0
543.418,-20.1711,178.6608,10,7,1,1,5.6
103.67,13.1232,143.659,10,7,1,0,3.9
412.09,-19.1128,-177.2753,10,7,1,1,4.1
85.709,39.1257,22.1694,9,7,1,1,4.3
10.0,50.5441,-177.71,9,7,1,0,3.6
55.0,19.1235,-68.1506,9,7,1,0,3.69
104.764,5.6734,125.9839,9,7,1,1,4.4
188.059,-0.0145,123.4757,9,7,1,1,4.3
146.418,-7.6219,-74.5841,9,7,1,1,4.3
13.563,52.2209,176.3991,9,7,1,1,4.1
172.608,-20.5472,-67.9607,8,7,1,1,4.5
35.0,51.2916,-176.8842,7,7,1,0,2.5
35.0,51.2085,-176.9041,7,7,1,0,2.6
55.41,19.5563333333333,-64.412,6,7,1,0,3.42
10.0,-22.7682,170.802,6,7,1,1,4.9
11.46,32.3673333333333,-115.261166666667,5,7,1,0,2.7
31.7,19.2001666666667,-155.4945,5,7,1,0,3.38
10.0,51.7258,-170.5308,4,7,1,0,2.5
12.934,45.8813,-80.6723,4,7,1,0,2.6
10.0,-30.6625,-64.4552,4,7,1,1,4.4
10.0,71.1681,-7.1254,4,7,1,1,4.2
127.021,-8.8651,-74.8878,2,7,1,1,4.8
72.149,5.4786,125.0078,1,7,1,1,4.3
35.0,5.3652,124.9478,1,7,1,1,4.1
7.29,19.9935,-155.565666666667,1,7,1,0,2.58
11.751,51.9851,176.2701,1,7,1,0,3.9
7.872,44.47,-112.6032,0,7,1,0,3.3
10.0,52.1197,-168.4784,0,7,1,0,2.7
10.0,37.7819,95.4116,23,6,30,1,5.3
10.0,32.3874,131.5472,23,6,30,1,4.8
50.6,60.701,-150.807,23,6,30,0,2.8
65.73,53.5112,-166.5182,22,6,30,0,2.6
10.0,4.908,146.4824,21,6,30,1,4.7
75.515,5.6532,125.3221,21,6,30,1,4.9
11.6,52.312,-169.651,21,6,30,0,2.6
58.75,17.8996666666667,-68.5475,21,6,30,0,3.36
10.0,24.6635,-109.0413,21,6,30,1,5.3
10.0,26.872,143.8494,20,6,30,1,4.4
35.0,52.5072,-169.9397,20,6,30,0,2.8
16.6,64.53,-165.237,20,6,30,0,2.6
10.0,24.634,-108.9755,20,6,30,1,4.5
10.0,24.3968,-109.1928,20,6,30,1,4.4
10.0,24.8088,-108.8902,19,6,30,2,6.0
189.831,-24.0837,-177.2508,19,6,30,1,4.9
73.831,-3.8383,123.0835,18,6,30,1,4.3
30.596,4.06,126.701,18,6,30,1,4.4
56.9,55.639,-159.115,17,6,30,0,2.6
10.0,51.8302,-170.4125,17,6,30,0,3.4
224.987,18.9489,145.5563,17,6,30,1,4.2
10.0,25.3549,96.585,17,6,30,1,4.4
179.377,7.0047,126.6885,16,6,30,1,4.1
49.71,19.0496666666667,-155.559,16,6,30,0,2.71
35.568,51.9808,-170.481,16,6,30,1,4.0
82.104,-56.0742,-27.0754,15,6,30,1,4.9
14.89,51.8766,-177.9114,15,6,30,0,2.6
33.33,19.0436666666667,-155.3665,15,6,30,0,3.09
60.103,34.4763,140.3704,15,6,30,1,4.4
59.295,-5.7682,151.0304,14,6,30,1,5.4
5.368,3.333,126.0711,14,6,30,1,4.8
10.6,51.455,-178.776,14,6,30,0,2.5
15.692,51.8429,-177.9393,14,6,30,0,2.7
28.068,3.2273,126.7098,14,6,30,1,4.4
51.706,40.196,142.3242,14,6,30,1,4.8
6.306,-19.731,133.732,14,6,30,1,4.4
12.7,51.822,-177.963,13,6,30,0,2.7
11.3,51.856,-177.938,13,6,30,0,2.7
10.0,52.7523,-163.8882,13,6,30,0,2.9
538.651,-20.2297,-177.9053,12,6,30,1,4.2
10.0,28.9469,131.3156,12,6,30,1,4.6
10.0,53.8858,-163.1627,12,6,30,0,2.6
32.45,19.0535,-155.373,11,6,30,0,2.64
10.0,39.5839,74.6794,10,6,30,1,4.4
21.597,39.6009,74.6208,10,6,30,1,4.0
463.012,27.5169,140.1101,10,6,30,1,4.2
9.474,52.1506,-174.782,9,6,30,0,2.6
10.0,62.181,-148.152,8,6,30,0,2.8
524.688,-20.425,-177.6943,8,6,30,1,4.4
10.0,-28.8035,-71.6944,8,6,30,1,4.5
35.0,12.3993,143.744,8,6,30,1,4.4
48.32,51.293,-179.1337,7,6,30,0,3.1
22.5,61.28,-149.321,5,6,30,0,2.8
10.0,44.5129,-56.2668,5,6,30,1,4.2
10.0,25.6162,125.2493,4,6,30,1,4.4
521.255,-25.1983,179.7287,4,6,30,1,4.4
74.181,51.5552,-176.4965,4,6,30,0,2.5
42.84,18.9566666666667,-65.176,4,6,30,0,3.03
10.0,36.6457,22.6858,4,6,30,1,4.4
10.0,52.2764,-171.668,4,6,30,0,3.1
1.64,36.8528333333333,-90.6106666666667,3,6,30,0,2.93
10.0,-55.5258,-27.0584,1,6,30,1,4.6
25.0,19.5731,-64.3895,1,6,30,0,3.7
35.0,19.4697,-64.4849,0,6,30,0,2.9
29.777,47.1634,153.9479,0,6,30,1,4.4
10.0,-5.7446,152.3638,0,6,30,1,4.8
35.0,-55.446,-27.0657,0,6,30,1,5.1
55.1,51.264,-178.271,23,6,29,0,2.6
13.0,52.125,-170.446,22,6,29,0,2.7
13.4,61.667,-148.23,22,6,29,0,3.0
10.0,-20.1994,40.8844,22,6,29,1,4.3
35.0,45.4859,151.2373,22,6,29,1,4.5
10.0,45.4715,151.483,22,6,29,1,4.5
35.0,2.6115,126.9262,21,6,29,1,4.1
619.025,-17.9483,-178.4426,21,6,29,1,4.6
13.9,52.036,-168.699,21,6,29,0,2.5
35.0,18.9272,146.8269,21,6,29,1,4.4
60.93,13.0366,-88.8368,21,6,29,1,4.1
97.578,24.843,122.097,21,6,29,1,4.2
35.0,51.3876,159.2251,19,6,29,1,4.3
10.0,3.2214,126.0837,19,6,29,1,4.3
11.218,51.9451,176.2146,18,6,29,0,3.9
10.0,-23.5571,-175.3154,18,6,29,1,4.9
9.5,52.435,-169.801,18,6,29,0,2.7
13.24,10.5085,-68.5038,17,6,29,1,4.3
10.0,-5.8463,101.8443,17,6,29,1,4.2
546.632,-23.7616,179.944,15,6,29,1,4.5
68.7,58.488,-152.567,15,6,29,0,3.9
35.0,54.4029,-161.5513,15,6,29,0,2.9
10.0,43.4122,-126.6758,13,6,29,0,3.7
10.0,43.2766,-127.0786,13,6,29,0,3.3
11.19,17.971,-66.8168333333333,13,6,29,0,2.65
8.04,40.279,-124.502166666667,13,6,29,0,2.79
10.0,52.028,-169.1575,12,6,29,0,3.0
10.0,43.3702,-126.9879,12,6,29,0,3.9
10.0,41.7214,81.3095,12,6,29,1,4.8
10.0,43.3574,-127.062,11,6,29,0,3.7
10.0,43.3302,-127.1581,11,6,29,0,3.9
134.6,59.781,-153.356,11,6,29,0,2.6
10.0,43.3073,-127.1835,11,6,29,1,5.5
198.375,36.4851,70.7459,11,6,29,1,4.5
10.0,10.7743,-66.7938,11,6,29,1,4.6
36.0,19.6011,-64.4973,10,6,29,0,3.89
26.5,61.215,-149.608,10,6,29,0,3.1
32.7,61.212,-149.606,9,6,29,0,2.5
230.762,17.5744,145.5953,9,6,29,0,3.9
100.4,53.432,-174.132,9,6,29,0,2.6
65.776,5.3328,125.1096,8,6,29,1,4.4
10.0,2.2772,-84.4095,7,6,29,1,5.0
10.0,51.3818,159.7578,7,6,29,1,4.5
7.4629,39.3154,-119.0624,7,6,29,0,2.52
35.0,1.2768,126.2556,7,6,29,1,4.6
18.96,38.5628333333333,-87.96,7,6,29,0,3.51
181.519,22.9826,142.2643,6,6,29,1,4.5
121.455,14.7044,145.9129,6,6,29,1,4.3
10.28,17.9821666666667,-66.7011666666667,5,6,29,0,2.58
125.209,51.9703,-176.0068,5,6,29,0,2.8
54.1,60.714,-150.58,5,6,29,0,2.6
10.0,49.9929,-178.4301,4,6,29,0,2.8
9.458,4.5848,125.2835,4,6,29,1,5.2
4.0,52.033,-170.157,4,6,29,0,2.7
35.088,4.5817,125.3528,4,6,29,1,4.9
10.0,-29.0965,-12.8231,4,6,29,1,4.7
10.0,16.2835,119.326,3,6,29,1,4.3
10.2,60.2,-145.922,3,6,29,0,3.1
13.3,60.237,-145.91,3,6,29,1,5.3
133.104,-21.7469,-175.9547,3,6,29,1,4.3
19.1,53.0284,-165.7389,3,6,29,0,3.0
10.0,-31.1948,-177.6358,3,6,29,1,4.9
5.0,60.5505,-139.8996,3,6,29,0,2.7
5.44,17.8845,-65.618,2,6,29,0,2.69
35.0,51.5301,-175.5527,1,6,29,0,2.8
5.0,64.7732,-140.5812,1,6,29,0,3.5
58.1,60.207,-151.238,1,6,29,0,2.6
33.075,51.8079,176.1236,0,6,29,0,3.1
30.4,50.28,-175.096,0,6,29,0,2.7
6.0999,31.661,-104.327,23,6,28,0,2.5
10.0,14.276,53.5966,23,6,28,1,4.4
16.667,52.1183,176.2951,23,6,28,0,3.2
67.031,40.6825,141.9308,23,6,28,1,4.4
10.0,-55.1997,-25.6449,22,6,28,1,4.7
72.486,37.0121,22.8995,22,6,28,1,4.3
3.4,50.284,-179.113,21,6,28,0,2.7
127.135,-21.6263,-68.4143,21,6,28,1,4.3
10.0,-10.2999,116.1188,21,6,28,1,4.9
138.344,36.392,70.6858,21,6,28,1,4.1
35.0,54.0695,-162.7282,20,6,28,0,2.6
21.0,52.214,-169.473,20,6,28,0,2.7
10.0,16.4576,119.3209,20,6,28,1,4.7
352.226,-20.1955,-177.6703,19,6,28,1,4.2
35.0,51.4031,-175.586,19,6,28,0,3.5
10.0,16.4544,119.2869,19,6,28,1,4.6
45.9,61.975,-150.519,19,6,28,0,2.7
10.0,16.3248,119.2437,19,6,28,1,4.3
35.0,54.1795,-161.5434,19,6,28,0,3.0
35.0,54.1924,-161.6298,19,6,28,0,3.4
10.0,16.5259,119.2294,19,6,28,1,5.1
34.738,-6.4655,149.2846,18,6,28,1,4.7
10.0,34.8493,3.023,18,6,28,1,4.6
60.147,51.7343,-174.1223,18,6,28,0,2.9
10.0,16.3398,119.4094,18,6,28,1,4.4
54.0,59.033,-152.284,18,6,28,0,2.8
9.572,31.4904,-115.6417,18,6,28,0,2.6
55.22,5.6619,125.2757,17,6,28,1,4.5
95.1,59.188,-153.383,17,6,28,0,2.7
252.392,-22.7961,-66.2449,17,6,28,1,4.5
9.939,66.669,-140.5545,17,6,28,0,2.7
10.0,28.6237,104.8654,16,6,28,1,5.2
101.356,12.1573,93.5587,15,6,28,1,4.2
34.371,54.2817,-160.8653,15,6,28,0,3.6
60.799,40.2665,142.178,14,6,28,1,4.2
40.107,50.1455,157.1064,14,6,28,1,4.4
86.574,49.0067,154.8204,14,6,28,1,4.4
5.0,67.736,-147.22,14,6,28,0,2.5
71.0,57.136,-155.582,14,6,28,0,2.5
29.0,51.311,-176.09,13,6,28,0,2.5
10.0,52.0087,176.2907,13,6,28,0,2.8
24.9,18.425,-64.1855,12,6,28,0,3.41
159.879,-7.4108,128.6002,11,6,28,1,4.5
206.787,-24.0525,-66.8892,11,6,28,1,4.2
76.518,-40.3485,174.4582,11,6,28,1,4.4
10.0,17.2631,147.6266,10,6,28,1,4.1
158.0,18.4056,-68.352,9,6,28,0,3.82
10.0,10.4907,-68.4852,9,6,28,1,4.3
74.0,59.436,-152.601,9,6,28,0,3.0
205.241,17.8156,145.6594,8,6,28,1,4.1
10.0,10.6091,-68.3699,8,6,28,1,4.5
96.893,5.1217,-76.2727,8,6,28,1,4.4
10.0,-52.7498,27.4601,8,6,28,1,4.7
179.656,-14.8593,167.3051,7,6,28,1,5.1
10.0,36.6912,-9.7757,6,6,28,1,4.0
97.6,60.642,-151.906,6,6,28,0,2.6
15.0,19.6353,-63.7693,5,6,28,0,3.8
61.48,51.6451,-176.5974,5,6,28,0,2.6
112.385,-18.342,-174.2891,5,6,28,1,4.3
53.117,40.2134,142.3415,5,6,28,1,4.5
2.6,54.496,-160.297,5,6,28,0,2.5
28.87,19.4575,-65.8206666666667,5,6,28,0,3.26
181.124,-6.9609,129.1585,5,6,28,1,4.3
51.084,5.3396,125.1688,5,6,28,1,4.2
10.0,51.9457,176.2775,4,6,28,0,3.3
117.906,51.6289,-179.043,4,6,28,0,2.5
55.553,51.6872,-174.5162,3,6,28,0,2.7
10.0,37.9587,95.4541,3,6,28,1,4.6
53.6,60.132,-151.367,3,6,28,0,2.6
10.0,51.9357,176.2034,3,6,28,1,4.5
114.526,-31.5297,-67.9775,3,6,28,1,4.4
10.8,50.823,-179.951,3,6,28,0,2.8
76.884,-6.413,147.7124,2,6,28,1,5.1
10.0,-9.7274,159.3959,2,6,28,1,4.7
10.0,-13.2651,-110.9712,2,6,28,1,4.6
42.094,19.6378,-63.4497,2,6,28,1,4.1
10.0,54.2837,-159.8588,1,6,28,0,2.6
0.45,19.6838333333333,-156.434666666667,1,6,28,0,2.91
10.0,-39.9204,-16.5598,0,6,28,1,4.4
10.0,-39.8808,-16.0974,0,6,28,1,4.8
10.0,-39.7973,-16.6604,0,6,28,1,4.9
10.0,-39.9012,-16.0641,0,6,28,1,4.8
12.1,51.006,-179.246,0,6,28,0,2.7
243.459,0.9963,124.3343,23,6,27,1,4.3
402.624,-6.747,127.2741,23,6,27,1,4.4
30.8,62.868,-148.863,23,6,27,0,2.7
35.0,53.4922,-165.2374,23,6,27,0,2.7
61.721,-6.0545,104.7911,21,6,27,1,5.0
9.285,51.5809,-178.4041,21,6,27,0,2.5
23.68,41.1361666666667,-125.263666666667,21,6,27,0,2.8
409.414,-17.1406,-177.4812,20,6,27,1,4.1
110.9,61.532,-152.025,20,6,27,0,3.2
24.95,19.3498333333333,-67.1078333333333,20,6,27,0,3.12
34.0,40.2536,142.4257,20,6,27,1,5.8
35.0,53.9748,-163.2069,19,6,27,0,2.5
10.0,10.6767,-67.6133,19,6,27,1,4.8
6.9,55.925,-159.894,19,6,27,0,2.9
10.0,51.1418,-172.373,18,6,27,0,3.2
16.37,17.8953333333333,-63.948,17,6,27,0,3.36
11.228,52.3247,176.4291,16,6,27,1,4.7
8.4,55.956,-159.852,16,6,27,0,2.7
29.317,52.3064,-170.4503,15,6,27,0,2.5
19.4,51.276,-176.104,15,6,27,0,2.5
31.689,51.6753,-174.9536,15,6,27,0,2.7
12.324,52.4584,-165.49,15,6,27,0,2.8
15.28,18.0453333333333,-64.2266666666667,15,6,27,0,2.67
160.359,-6.5143,130.3316,14,6,27,1,5.1
523.152,-20.9156,-178.4321,14,6,27,1,4.5
53.03,18.5351666666667,-66.8963333333333,14,6,27,0,2.78
10.0,10.6024,-67.0541,14,6,27,1,4.3
8.966,31.6461,141.7813,14,6,27,1,4.8
10.0,-52.7066,27.9719,13,6,27,1,4.7
35.0,51.5594,-173.1043,13,6,27,0,3.1
67.354,-6.271,148.778,13,6,27,1,4.2
199.0,36.4428,70.7843,13,6,27,2,6.1
158.079,18.0271,146.0075,13,6,27,1,4.3
108.938,-22.7548,-69.0679,12,6,27,1,4.3
538.322,-17.6377,-178.9055,12,6,27,1,4.4
63.953,-6.6405,149.0782,11,6,27,1,4.5
126.106,-21.3811,-68.7005,11,6,27,1,4.3
35.0,51.7021,-172.881,11,6,27,0,3.1
10.0,-10.5756,163.1482,11,6,27,1,5.2
8.07,18.853,-155.226333333333,10,6,27,0,2.81
514.0,-6.7876,125.6325,10,6,27,1,5.9
10.0,10.5912,125.8938,10,6,27,1,4.2
10.0,39.4068,26.2747,10,6,27,1,4.4
1.9,52.753,-167.396,9,6,27,0,2.5
86.4,-29.0944,-177.5965,8,6,27,1,4.3
71.683,-8.7198,111.2648,7,6,27,1,5.2
87.5,59.618,-152.573,7,6,27,0,3.2
12.33,51.2333,-177.8182,7,6,27,0,2.6
-1.56,39.764,-120.734666666667,7,6,27,0,3.01
187.349,0.0924,123.3599,7,6,27,1,4.1
120.194,-22.036,-68.6598,6,6,27,1,4.4
10.0,51.0491,174.4453,5,6,27,1,4.0
30.019,51.3972,-178.3,5,6,27,0,2.7
16.6,61.209,-147.429,5,6,27,0,2.5
23.5,62.217,-148.427,5,6,27,0,2.5
10.0,-10.9347,162.9789,5,6,27,1,4.7
35.0,-32.2927,-178.2558,5,6,27,1,4.5
47.9,60.989,-150.125,5,6,27,1,4.2
10.0,24.2781,109.171,4,6,27,1,4.4
85.744,3.135,97.1266,4,6,27,1,4.3
10.0,43.8881,-127.516,3,6,27,0,3.8
35.0,51.303,-176.2324,3,6,27,0,2.5
12.148,44.2921,-114.9577,3,6,27,0,2.7
10.0,30.4828,69.7742,3,6,27,1,5.3
35.0,51.4023,-177.2788,2,6,27,0,2.9
65.211,49.8028,155.96,2,6,27,1,4.8
10.0,-25.9687,71.3438,2,6,27,1,4.6
23.6,53.014,-166.915,2,6,27,0,2.5
10.0,16.5871,-59.5421,1,6,27,1,4.3
55.0,60.13,-151.273,1,6,27,1,4.9
10.0,-48.9413,124.1342,1,6,27,1,4.3
6.9,19.3186666666667,-155.223,1,6,27,0,2.63
64.862,40.27,142.3001,0,6,27,1,4.2
10.0,30.2897,69.1822,0,6,27,1,4.4
10.0,35.1472,25.2829,0,6,27,1,4.2
114.192,-22.291,-68.7473,0,6,27,1,4.3
35.0,51.3252,-175.8097,0,6,27,0,2.7
31.6,61.503,-150.044,0,6,27,0,2.5
12.62,17.98,-66.8193333333333,0,6,27,0,2.92
10.0,52.0823,176.2593,0,6,27,1,4.3
10.0,-10.6505,162.8402,0,6,27,1,5.1
11.985,16.5302,-59.5321,23,6,26,1,4.6
55.174,53.2451,160.1125,23,6,26,1,4.2
10.0,2.7078,-30.0317,22,6,26,1,4.6
10.0,10.7963,-67.6012,22,6,26,1,4.7
9.177,5.1699,124.7906,22,6,26,1,4.2
10.0,28.5799,52.61,21,6,26,1,4.0
10.0,5.583,126.6473,21,6,26,1,4.4
10.0,50.4996,-176.7535,20,6,26,0,2.8
55.491,5.6628,125.4243,20,6,26,1,4.7
595.083,-20.9555,-179.0309,20,6,26,1,4.5
10.0,52.7803,-164.0319,20,6,26,0,2.7
30.301,51.1043,159.1886,19,6,26,1,4.2
168.62,52.3286,-174.0723,19,6,26,0,3.0
35.0,51.2608,179.8377,19,6,26,0,3.1
74.204,35.7026,140.0533,18,6,26,1,4.2
35.0,52.2491,-170.0523,17,6,26,0,2.6
508.73,-23.9573,179.9991,17,6,26,1,4.3
10.0,-18.9529,167.4029,17,6,26,1,4.6
23.027,1.0752,126.0706,16,6,26,1,4.7
5.68,33.8881666666667,-116.167833333333,16,6,26,0,2.83
10.0,-16.4414,178.2314,16,6,26,1,4.7
82.0,17.9176,-68.5223,16,6,26,1,5.0
5.5,54.573,-160.052,15,6,26,0,2.5
12.3,51.263,-176.144,15,6,26,0,2.5
67.0,55.694,-159.33,15,6,26,0,2.9
3.5,65.132,-162.989,15,6,26,0,2.5
10.0,-3.7979,141.0195,14,6,26,1,4.3
10.0,52.8843,-162.9801,14,6,26,0,2.5
35.0,51.2843,-176.1664,14,6,26,0,2.7
30.38,52.2607,-169.4033,13,6,26,0,2.5
141.523,-20.422,-175.5938,13,6,26,1,4.5
102.2,58.469,-154.563,13,6,26,0,2.9
35.0,35.6137,138.9127,13,6,26,1,5.2
165.077,-24.5398,-67.0058,13,6,26,1,4.5
77.084,-5.497,146.0315,12,6,26,1,4.3
85.6,5.4136,125.206,12,6,26,1,4.4
27.2,51.484,-175.635,12,6,26,0,2.5
120.132,11.9649,-86.3965,11,6,26,1,5.2
18.8,65.136,-165.286,11,6,26,0,2.6
10.0,30.3655,69.7836,11,6,26,1,5.2
42.0,5.2867,125.0719,11,6,26,2,6.5
35.0,-6.9748,155.5465,11,6,26,1,4.5
57.999,51.4723,-176.6968,11,6,26,0,3.5
131.791,-4.0712,142.8589,10,6,26,1,4.2
225.559,2.3184,128.4412,9,6,26,1,4.4
51.108,51.456,179.2847,8,6,26,0,3.2
20.92,18.9936666666667,-66.7765,8,6,26,0,3.08
10.0,4.0074,-76.5596,8,6,26,1,4.2
10.0,16.5744,-59.5416,8,6,26,1,4.6
17.08,47.6295,-121.758833333333,8,6,26,0,2.5
-2.75,41.556,-109.876,7,6,26,0,3.26
38.977,39.9866,143.0817,7,6,26,1,4.4
10.0,51.0161,178.0338,7,6,26,0,3.1
186.275,13.9272,144.4653,7,6,26,1,4.0
19.7,52.315,-170.027,6,6,26,0,2.7
10.0,-32.511,-177.8503,6,6,26,1,5.1
10.0,30.3703,69.6842,5,6,26,1,4.7
-0.27,47.2245,-121.168666666667,5,6,26,0,2.82
278.374,-19.0428,-175.3929,5,6,26,1,4.2
16.7,64.83,-147.411,5,6,26,0,3.1
35.0,14.0897,-92.7547,4,6,26,1,4.1
159.081,-6.5941,129.9669,4,6,26,1,4.3
74.785,35.7545,140.4454,4,6,26,1,4.3
10.0,10.4864,-68.4278,4,6,26,1,4.4
53.991,35.6304,140.8548,4,6,26,1,4.5
43.0,35.6907,140.5771,3,6,26,1,5.8
10.0,16.0172,-95.0088,3,6,26,1,4.0
632.953,-18.1826,-177.8832,3,6,26,1,4.1
10.0,40.3543333333333,-124.981333333333,3,6,26,0,2.84
15.79,18.8838333333333,-64.814,2,6,26,0,3.38
53.946,35.9555,139.8655,2,6,26,1,4.3
4.006,50.4734,-176.8178,2,6,26,0,2.7
77.417,49.8055,155.7919,2,6,26,1,4.3
59.68,49.3087,155.9297,0,6,26,1,4.1
10.0,5.7514,125.9675,23,6,25,1,4.5
19.0,19.6768,-63.6606,23,6,25,0,3.98
20.9,19.1066666666667,-66.4558333333333,23,6,25,0,2.96
23.28,19.14,-66.4595,23,6,25,0,3.07
35.0,53.8174,-164.2328,23,6,25,0,2.6
2.0,36.7241,-115.746,23,6,25,0,3.17
63.668,52.897,-170.2009,23,6,25,1,4.4
5.0,68.172,-145.547,22,6,25,0,2.8
191.5,59.76,-154.267,21,6,25,0,3.4
19.8,19.1186666666667,-66.4496666666667,21,6,25,0,3.03
33.16,19.0983333333333,-66.4586666666667,21,6,25,0,2.87
5.749,36.7158,-115.7683,21,6,25,0,2.6
21.01,19.1175,-66.4653333333333,21,6,25,0,3.1
10.0,32.4322,47.7904,21,6,25,1,4.1
20.36,19.1111666666667,-66.4675,21,6,25,0,3.14
10.0,9.8508,126.9339,21,6,25,1,5.0
14.7,53.385,-164.746,21,6,25,0,2.5
0.6,64.381,-151.403,21,6,25,0,3.2
10.0,16.3172,119.2465,20,6,25,1,4.5
10.0,9.1751,39.6535,20,6,25,1,4.0
6.1383,31.761,-104.215,20,6,25,0,2.6
10.0,-7.513,130.4263,19,6,25,1,4.6
83.7,58.51,-154.117,19,6,25,0,2.8
10.0,-17.8554,91.0265,19,6,25,1,4.6
51.441,51.5994,-175.5568,19,6,25,0,2.8
4.3,52.201,-167.903,19,6,25,0,2.6
641.974,-21.0426,-179.0714,19,6,25,1,4.0
28.929,52.214,160.5931,18,6,25,1,4.3
9.61,19.4143333333333,-155.679833333333,18,6,25,0,2.66
21.28,19.3401666666667,-155.857166666667,18,6,25,0,3.1
6.055,36.989,-104.9455,18,6,25,0,3.1
40.601,47.4216,153.6814,17,6,25,1,4.2
532.454,-23.5055,-179.7531,17,6,25,1,4.2
50.776,40.8867,142.3993,17,6,25,1,4.1
150.576,45.4202,148.1248,16,6,25,1,4.1
61.728,40.4996,141.9882,16,6,25,1,4.7
20.2,52.061,-168.128,16,6,25,0,2.9
10.0,53.1248,-164.5751,14,6,25,0,2.8
56.9,59.06,-152.215,14,6,25,0,2.7
10.0,-37.4156,77.8666,14,6,25,1,4.8
22.3,53.016,-166.908,13,6,25,0,2.5
10.0,48.8139,156.4325,13,6,25,1,4.5
10.0,52.2466,-168.1879,12,6,25,0,3.2
10.0,55.974,-149.2471,12,6,25,0,2.7
9.08,41.662,-111.673,12,6,25,0,2.59
10.0,51.8949,176.3781,12,6,25,1,4.0
113.233,-25.9092,-177.0122,12,6,25,1,4.4
69.88,40.3627,142.0022,11,6,25,1,4.8
35.0,13.6699,-91.4508,11,6,25,1,4.1
62.242,-27.8202,-70.9172,11,6,25,1,4.4
109.918,-22.2338,-68.6503,11,6,25,1,4.3
10.0,3.5786,126.7757,11,6,25,1,4.5
20.024,5.4042,125.4497,11,6,25,1,4.4
13.504,66.6185,-140.8258,10,6,25,0,3.7
10.0,52.1204,-173.4094,10,6,25,0,3.7
10.0,10.5458,-68.2604,10,6,25,1,4.3
10.0,16.5943,-59.6138,10,6,25,1,4.4
41.127,7.3997,127.074,10,6,25,1,4.5
15.21,18.8575,-65.0708333333333,9,6,25,0,2.88
473.926,-24.6213,-179.5051,9,6,25,1,4.3
10.0,-33.2019,78.1405,9,6,25,1,4.6
13.468,7.3487,127.0696,8,6,25,1,4.3
20.6,62.12,-149.471,8,6,25,0,2.7
10.0,16.396,118.9316,8,6,25,1,4.3
12.385,7.452,127.2091,8,6,25,1,4.3
108.4,63.05,-150.799,8,6,25,0,2.5
10.0,16.5932,-59.6693,8,6,25,1,4.1
10.0,10.6014,-67.4507,7,6,25,1,4.4
20.33,18.166,-67.0026666666667,6,6,25,0,2.73
10.0,37.2036,56.8904,6,6,25,1,4.2
33.0,-4.2972,152.9511,6,6,25,1,5.5
10.0,10.7063,-66.7831,5,6,25,1,4.4
10.0,13.3075,50.9313,5,6,25,1,4.3
160.794,27.6314,140.7932,5,6,25,1,4.3
10.0,0.0792,96.6126,5,6,25,1,4.5
10.0,16.3895,119.2793,4,6,25,1,4.4
10.0,51.8833,176.2617,4,6,25,0,3.5
8.27,40.2956666666667,-124.491,4,6,25,0,3.12
67.344,5.3092,125.2302,4,6,25,1,4.8
3.965,52.0209,176.288,4,6,25,0,3.4
10.0,13.2794,50.9999,3,6,25,1,5.1
35.0,51.3103,-178.0709,3,6,25,0,2.8
587.134,-22.046,-179.6284,3,6,25,1,4.4
10.0,-6.4611,154.1409,3,6,25,1,4.4
128.845,42.1206,140.5993,3,6,25,1,4.4
82.0,60.256,-151.934,3,6,25,0,2.5
57.79,18.1243333333333,-67.0115,2,6,25,0,2.55
116.088,-22.1703,-68.8705,2,6,25,1,4.4
64.001,40.3385,142.1266,1,6,25,1,4.1
58.563,40.4158,142.2975,0,6,25,1,4.3
77.7,61.537,-151.494,23,6,24,0,2.6
7.48,39.3506666666667,-123.236666666667,23,6,24,0,2.61
10.0,10.8819,-67.0282,22,6,24,1,5.0
34.0,40.2563,142.1794,22,6,24,2,6.9
10.0,10.9006,-67.1675,22,6,24,1,4.5
6.45,52.0437,176.2775,22,6,24,0,3.2
10.0,10.5955,-67.2205,22,6,24,2,7.5
10.0,10.3713,-68.5564,22,6,24,2,7.2
246.193,2.717,128.7201,21,6,24,1,4.5
132.0,59.718,-153.577,20,6,24,0,3.2
10.0,52.058,176.2546,20,6,24,0,3.2
35.0,51.2498,-177.9991,20,6,24,0,3.5
10.0,10.5326,-86.2883,18,6,24,1,4.1
10.0,51.8663,176.1628,18,6,24,0,3.2
7.37,19.309,-155.215666666667,18,6,24,0,3.59
5.0,51.403,-172.594,18,6,24,0,2.8
7.61,39.3706666666667,-123.226833333333,17,6,24,0,2.51
10.0,36.396,70.4383,17,6,24,1,4.4
8.64,39.3408333333333,-123.1935,17,6,24,0,2.61
10.338,66.6636,-140.6546,17,6,24,0,3.1
7.42,39.3728333333333,-123.2315,16,6,24,0,2.56
5.0,51.921,176.252,16,6,24,0,2.6
151.308,-8.1659,-74.2946,16,6,24,1,4.7
10.0,51.8771,176.2169,16,6,24,0,2.8
29.935,40.2631,71.9107,16,6,24,1,4.3
100.1,56.032,-158.983,15,6,24,0,2.6
553.435,-23.7213,179.8637,15,6,24,1,4.2
42.116,-9.6126,119.3303,15,6,24,1,4.3
5.0,66.861,-163.388,15,6,24,0,3.2
35.0,48.1686,154.48,15,6,24,1,4.5
8.85,39.3623333333333,-123.228833333333,15,6,24,1,5.59
11.999,51.9023,176.2221,15,6,24,0,2.5
92.7,51.63,177.772,14,6,24,0,2.6
10.0,52.1621,176.1847,14,6,24,0,2.6
10.0,16.4049,119.2493,13,6,24,1,4.4
4.1,64.349,-158.511,13,6,24,0,2.5
506.342,-25.1312,179.7563,13,6,24,1,4.5
0.3,59.453,-136.672,13,6,24,0,2.7
10.0,51.8789,176.1488,12,6,24,0,2.8
1.21,40.379,-125.136833333333,12,6,24,0,2.6
74.211,15.3469,-93.435,12,6,24,1,4.9
16.3,53.262,-165.899,12,6,24,0,2.7
34.15,18.7541666666667,-67.0471666666667,11,6,24,0,2.77
10.0,51.9032,176.1091,11,6,24,0,2.9
12.7,57.024,-137.611,11,6,24,0,2.9
10.0,51.9491,176.1391,11,6,24,1,4.1
10.27,40.3601666666667,-121.956666666667,11,6,24,0,2.67
10.0,16.5836,119.3336,10,6,24,1,4.5
10.0,50.091,179.047,10,6,24,0,2.7
57.233,-29.8139,-71.1714,10,6,24,1,4.5
142.742,-0.3851,127.0414,10,6,24,1,4.3
10.0,-57.5006,-24.604,10,6,24,1,4.3
10.0,-9.1424,-108.7574,10,6,24,1,4.5
10.0,44.3135,-129.5854,9,6,24,0,3.9
7.65,35.2948333333333,-117.809166666667,9,6,24,0,2.56
10.0,-1.0328,120.4664,9,6,24,1,4.4
585.473,-27.1442,-63.1384,8,6,24,1,4.5
17.9,61.589,-149.602,8,6,24,0,2.9
10.0,35.2677,27.2665,8,6,24,1,5.0
10.0,51.1205,-177.0275,8,6,24,0,2.6
570.219,-19.1401,-177.5478,8,6,24,1,4.0
10.0,51.8615,176.3727,7,6,24,0,3.0
10.0,50.594,-176.233,7,6,24,0,2.5
35.0,51.9096,175.8606,6,6,24,0,3.2
42.688,-6.7744,155.2799,6,6,24,1,5.1
8.55,35.2995,-117.814,5,6,24,0,2.81
58.095,53.7393,160.6331,5,6,24,1,4.2
10.0,16.4022,119.0195,5,6,24,1,4.6
10.0,50.1903,-174.8849,5,6,24,0,2.6
88.8,59.616,-152.782,4,6,24,0,2.5
25.9,51.1,178.61,4,6,24,0,2.6
48.282,1.1633,126.6641,3,6,24,1,4.4
9.9,58.714,-137.632,3,6,24,0,2.6
10.0,52.0429,176.332,3,6,24,0,2.5
28.027,5.1896,124.8114,3,6,24,1,4.8
351.928,-6.2647,128.5535,3,6,24,1,4.6
15.018,52.1052,176.5276,3,6,24,0,3.4
10.0,8.1091,123.9504,3,6,24,1,4.4
35.0,55.479,-155.519,3,6,24,0,2.7
10.0,26.3473,103.1491,2,6,24,1,4.2
35.0,51.8703,176.1897,2,6,24,0,3.1
0.3,55.525,-155.677,2,6,24,0,3.0
11.048,52.3244,176.394,2,6,24,0,3.1
10.0,16.4369,119.2298,2,6,24,1,5.0
10.0,16.4265,119.3837,1,6,24,1,4.5
184.25,51.8563,-174.3556,1,6,24,0,2.9
10.0,16.416,119.2613,1,6,24,1,4.8
10.0,16.5055,119.2835,1,6,24,1,4.9
10.0,16.2764,119.039,1,6,24,1,4.1
14.7,53.568,-164.755,1,6,24,0,2.5
253.92,1.6273,124.3197,1,6,24,1,4.0
493.277,-24.1611,-179.7756,0,6,24,1,4.7
17.8,61.717,-146.494,0,6,24,0,2.8
10.0,13.9405,-93.3131,0,6,24,1,4.0
10.0,16.2273,119.1302,0,6,24,1,4.5
61.502,29.5198,130.2735,0,6,24,1,4.3
35.0,54.043,-163.5557,0,6,24,0,2.6
10.0,16.3579,119.2051,23,6,23,1,4.8
10.0,16.2389,119.14,23,6,23,1,4.2
64.8,62.995,-148.33,23,6,23,0,2.6
13.28,31.8155,-116.168833333333,23,6,23,0,2.73
70.7,51.444,-179.499,22,6,23,0,2.5
417.534,-16.6059,-177.2566,21,6,23,1,4.5
97.488,-21.2106,-69.0545,21,6,23,1,4.3
91.5,62.37,-151.145,21,6,23,0,3.1
121.666,-22.351,-68.7727,21,6,23,1,4.0
8.667,32.107,-101.92,21,6,23,0,3.1
104.155,5.4266,126.336,20,6,23,1,4.3
89.597,-5.947,130.5924,20,6,23,1,4.3
17.8,61.431,-146.133,20,6,23,0,2.9
58.713,-6.3283,149.0966,19,6,23,1,4.5
12.95,18.934,-66.7616666666667,19,6,23,0,2.95
35.0,51.4345,-176.6527,19,6,23,0,3.0
6.38,19.3538333333333,-155.0795,19,6,23,0,3.21
17.9,61.546,-146.303,18,6,23,0,2.9
10.0,-32.2072,-178.1643,18,6,23,1,4.6
56.625,13.2689,-89.8776,17,6,23,1,4.4
74.829,-59.1372,-25.8452,17,6,23,1,4.9
30.3,19.118,-67.657,16,6,23,0,3.31
1.3,65.156,-163.025,16,6,23,0,3.4
537.683,-23.7591,179.7891,16,6,23,1,4.2
18.81,51.1947,-176.9853,16,6,23,0,2.6
10.0,37.7549,95.3719,15,6,23,1,4.5
13.921,37.8448,95.3393,15,6,23,1,5.2
84.538,5.5578,125.1672,15,6,23,1,4.4
10.0,-22.0223,169.9129,15,6,23,1,4.6
35.0,51.7452,176.1555,15,6,23,0,3.2
10.0,5.126,124.888,14,6,23,1,4.2
22.39,-20.6388,169.2464,13,6,23,1,5.3
20.7,18.8468333333333,-67.3341666666667,13,6,23,0,3.43
8.42,18.9856666666667,-67.7248333333333,13,6,23,0,3.11
226.906,2.5565,128.5949,12,6,23,1,4.6
10.0,37.7578,95.3131,11,6,23,1,4.1
17.074,51.0516,-179.5315,11,6,23,0,2.5
50.51,18.6475,-64.3068333333333,11,6,23,0,3.06
10.0,30.4513,142.076,11,6,23,1,4.5
10.0,37.8742,27.5055,11,6,23,1,4.2
21.2,51.342,-175.621,10,6,23,0,2.5
35.0,51.3981,-175.5671,10,6,23,0,2.7
10.0,52.04,176.2264,10,6,23,1,4.0
153.069,51.9184,-176.0942,9,6,23,0,2.7
6.93,36.78,-121.399666666667,9,6,23,0,2.57
7.52,36.7805,-121.399166666667,9,6,23,0,3.38
10.0,51.9539,-170.4167,7,6,23,0,2.8
45.753,-5.3338,102.7402,7,6,23,1,4.5
10.0,51.9687,176.2829,7,6,23,0,2.9
35.907,52.2859,-171.6187,7,6,23,0,2.5
10.0,-16.242,-172.201,7,6,23,1,5.0
10.0,52.8503,160.9347,7,6,23,1,4.1
1.5,54.835,-157.007,6,6,23,0,2.5
33.52,19.1778333333333,-155.496166666667,5,6,23,0,2.79
28.656,12.908,145.2103,4,6,23,1,4.4
35.0,2.535,126.6824,4,6,23,1,4.9
14.292,42.5556,42.9791,4,6,23,1,4.1
10.0,38.7703,23.3925,3,6,23,1,4.3
10.0,51.9541,176.2492,3,6,23,0,3.7
145.155,-27.2851,-177.8614,2,6,23,1,5.3
35.0,11.4577,140.5295,1,6,23,1,5.1
14.934,51.1576,-176.3632,1,6,23,0,2.7
10.0,11.57,125.505,1,6,23,1,4.4
27.073,51.7672,-173.4832,0,6,23,0,2.8
56.55,54.9267,-160.3819,0,6,23,1,4.0
10.0,51.3437,-179.6524,0,6,23,0,2.5
74.311,5.5553,125.335,0,6,23,1,4.5
32.99,19.1731666666667,-155.488166666667,0,6,23,0,2.64
8.9111,32.103,-101.922,23,6,22,0,3.1
12.0,50.55,-177.027,23,6,22,0,2.8
35.0,42.4118,145.3932,23,6,22,1,4.3
35.0,51.1355,-177.7385,22,6,22,0,2.9
18.97,51.5687,-178.4405,22,6,22,0,3.0
35.0,24.7485,125.3855,22,6,22,1,4.5
414.751,46.9306,146.1851,21,6,22,0,3.8
35.0,-23.5938,-175.8886,20,6,22,1,4.8
35.0,-23.6095,-176.0158,20,6,22,1,4.9
10.0,5.7919,126.505,19,6,22,1,4.3
41.908,-31.9144,-178.3672,19,6,22,1,5.1
20.28,19.0288333333333,-66.843,19,6,22,0,3.24
30.0,18.9881,-66.7928,19,6,22,0,3.49
10.0,19.7322,-66.9392,18,6,22,0,3.1
39.925,51.3289,-179.5923,18,6,22,0,3.1
10.0,-33.1924,78.043,18,6,22,1,4.9
110.033,-6.9862,146.7663,18,6,22,1,4.3
65.634,-4.6269,102.6946,18,6,22,1,4.8
10.0,12.4097,-88.97,17,6,22,1,4.7
2.98,35.4245,-116.413166666667,17,6,22,0,2.68
130.4,59.784,-153.456,17,6,22,0,3.1
12.68,19.6515,-155.0775,16,6,22,0,2.79
35.0,51.3389,-177.017,16,6,22,0,2.8
33.019,51.4241,-178.7496,16,6,22,0,2.6
5.83,19.2633333333333,-155.836833333333,16,6,22,0,3.83
20.0,51.904,-171.488,16,6,22,0,2.7
16.61,8.423,126.7314,16,6,22,1,4.5
10.0,49.1393,-28.4206,15,6,22,1,4.3
349.898,-5.3241,128.1642,15,6,22,1,4.1
10.0,23.9049,90.6435,15,6,22,1,4.4
13.35,40.3506666666667,-124.974666666667,14,6,22,0,2.52
543.885,-21.0915,-178.6013,14,6,22,1,4.8
35.373,-22.3988,-70.3226,13,6,22,1,4.1
38.418,-55.7302,-27.2157,12,6,22,1,4.6
35.0,-23.4755,-175.8958,12,6,22,1,4.9
10.0,-36.1586,-100.7957,11,6,22,1,4.5
89.269,5.4472,125.2274,11,6,22,1,4.4
566.105,-23.3696,-179.8664,11,6,22,1,4.4
10.0,44.4114,33.2434,11,6,22,1,4.3
110.825,-5.4833,150.7203,10,6,22,1,4.6
59.022,51.6678,-174.2368,10,6,22,0,2.9
218.678,36.5269,70.7283,10,6,22,1,5.1
10.0,50.4591,178.9207,10,6,22,0,3.2
16.05,19.2908333333333,-68.9901666666667,9,6,22,0,3.73
105.914,15.1981,146.1975,9,6,22,1,4.4
35.0,44.2553,148.483,9,6,22,1,4.6
67.121,13.4727,-90.5146,9,6,22,1,4.2
23.69,18.8856666666667,-65.292,7,6,22,0,3.25
1.3,57.648,-156.01,6,6,22,0,2.7
10.0,53.4327,108.6948,6,6,22,1,4.4
10.0,52.3775,159.9391,6,6,22,1,4.3
10.0,11.8882,-88.0646,5,6,22,1,4.4
2.71,35.957,-117.392,5,6,22,0,3.58658357360432
10.0,44.4692,33.3166,5,6,22,1,4.3
232.069,18.9311,145.5307,5,6,22,1,4.3
102.82,-21.6821,-68.7777,5,6,22,1,4.4
121.079,1.8479,127.3696,5,6,22,1,4.8
13.59,20.0278333333333,-155.465166666667,5,6,22,0,2.77
10.0,18.4729,147.9819,5,6,22,1,4.5
103.515,54.3576,-165.4519,4,6,22,0,2.6
36.799,13.3168,-90.8915,4,6,22,1,4.9
30.612,47.1531,153.8596,3,6,22,1,4.6
10.0,37.2085,20.4778,3,6,22,1,4.2
1.4,63.453,-151.245,3,6,22,0,2.6
7.48,35.2951666666667,-117.809833333333,2,6,22,0,2.82
16.12,18.0353333333333,-66.7878333333333,2,6,22,0,2.52
10.0,61.4696,-140.1278,2,6,22,0,3.0
30.68,19.2123333333333,-155.489,2,6,22,0,2.87
86.4,58.46,-154.004,2,6,22,0,2.6
51.753,5.6828,125.2972,2,6,22,1,4.7
9.24,52.3539,-174.0251,2,6,22,0,3.4
164.058,2.1396,128.1889,1,6,22,1,4.7
136.677,-6.947,129.888,0,6,22,0,3.8
1.64,38.7966666666667,-122.740666666667,0,6,22,0,2.65
7.984,31.616,-103.992,23,6,21,0,2.6
15.67,18.0398333333333,-66.7868333333333,23,6,21,0,2.8
81.066,-30.2554,-178.3105,23,6,21,1,5.1
10.0,49.9946,158.905,23,6,21,1,4.9
10.0,53.2606,-162.5377,23,6,21,0,2.8
10.0,-4.3064,136.7019,22,6,21,1,4.4
10.0,0.9679,-27.8105,22,6,21,1,5.4
49.8,40.8188,142.5422,21,6,21,1,4.0
10.0,-3.011,129.9603,21,6,21,1,4.5
10.0,30.9569,142.7831,20,6,21,1,4.4
10.0,-60.0696,-62.3195,20,6,21,1,5.0
20.2,52.515,-165.004,19,6,21,0,2.7
11.136,44.3576,-115.6651,19,6,21,0,2.9
12.59,36.2076666666667,-120.091,19,6,21,0,2.86
127.3,58.859,-154.435,19,6,21,0,3.4
3.23,39.9801666666667,-124.462333333333,18,6,21,0,2.57
82.09,50.5625,156.7005,18,6,21,1,4.2
2.9,65.106,-163.016,18,6,21,0,2.5
4.8,59.541,-138.968,18,6,21,0,2.7
10.0,-22.9991,171.4797,18,6,21,1,4.4
10.0,43.3455,81.1317,17,6,21,1,4.7
10.0,-19.5067,-173.5199,17,6,21,1,4.8
10.0,63.2505,174.8164,16,6,21,1,4.2
35.0,54.4491,-160.3985,16,6,21,0,2.6
10.62,36.2056666666667,-120.089,15,6,21,0,3.15
35.0,49.9505,157.2775,15,6,21,1,4.4
133.0,59.792,-153.532,14,6,21,0,3.1
10.0,51.445,-166.5067,14,6,21,0,2.6
1.6,50.436,-178.172,14,6,21,0,2.5
169.136,55.4242,-162.8657,14,6,21,0,2.6
22.4,53.402,-163.689,13,6,21,0,2.5
10.0,78.4125,6.7106,13,6,21,1,4.4
1.8,59.668,-138.919,13,6,21,0,2.6
35.0,13.3271,-90.7991,13,6,21,1,4.5
286.956,-4.0855,153.9901,13,6,21,1,4.2
20.0,50.608,-174.217,13,6,21,0,2.6
10.0,52.452,-170.861,12,6,21,0,3.0
10.0,52.7225,160.9644,12,6,21,1,4.5
1.4,63.547,-148.964,12,6,21,0,2.5
10.0,37.7935,95.4218,11,6,21,1,4.2
11.0,19.118,-64.2733,11,6,21,0,3.8
10.0,51.62,-167.0305,11,6,21,0,2.6
10.0,52.8199,161.2646,10,6,21,1,4.2
26.0,19.2278,-64.26,10,6,21,0,3.72
10.0,-33.9461,179.5748,10,6,21,1,4.5
93.117,51.6883,178.9967,9,6,21,0,2.7
13.996,19.6882,-87.5678,9,6,21,1,4.1
123.558,-17.091,-70.6468,8,6,21,1,4.7
5.0,62.981,-148.252,8,6,21,0,2.8
24.0,19.192,-64.2561,8,6,21,0,3.92
125.783,36.2762,70.6957,8,6,21,1,4.4
10.0,33.5498,81.334,7,6,21,1,4.2
73.397,51.5768,177.9097,7,6,21,0,3.0
10.0,-0.8826,120.3732,7,6,21,1,4.2
15.53,40.3436666666667,-124.927333333333,7,6,21,0,2.65
10.0,52.0723,176.3219,7,6,21,1,4.0
74.69,18.6628333333333,-65.3216666666667,6,6,21,0,3.18
10.0,41.9157,-126.8569,6,6,21,0,2.9
10.0,24.2567,-115.773,6,6,21,1,4.6
35.0,13.4471,-91.0633,6,6,21,1,4.2
115.612,2.3386,125.5355,6,6,21,1,4.5
601.162,-26.3201,178.2626,6,6,21,1,4.8
6.08,19.3341666666667,-155.206833333333,5,6,21,0,3.06
10.0,37.8275,95.3645,4,6,21,1,4.3
211.988,52.1005,-174.5728,4,6,21,0,3.1
35.0,51.2631,178.3613,3,6,21,0,3.2
87.166,28.506,57.1229,3,6,21,1,4.2
35.0,53.183,-167.3086,3,6,21,0,2.6
55.725,-1.2889,99.6867,2,6,21,1,4.7
23.4,61.389,-146.722,2,6,21,0,3.5
10.0,27.4893,92.2066,2,6,21,1,4.2
60.066,-32.1189,-178.6789,2,6,21,1,4.6
10.0,33.7171,81.1821,2,6,21,1,4.3
196.489,51.9789,-174.1805,2,6,21,0,2.9
531.777,-24.3265,-179.8657,0,6,21,1,4.6
10.0,27.5061,92.1189,0,6,21,1,4.3
10.0,27.4598,92.0424,0,6,21,1,4.3
1.5,38.7673333333333,-122.7255,0,6,21,0,2.9
8.237,52.712,-166.681,0,6,21,0,2.7
10.0,-0.2002,12.7627,23,6,20,1,4.2
12.0,52.8459,160.9305,23,6,20,1,4.2
13.04,44.3327,-115.1653,23,6,20,0,2.5
163.455,52.0641,-174.4169,23,6,20,0,2.8
24.9,54.011,-163.61,22,6,20,0,2.5
17.53,18.7938333333333,-67.659,22,6,20,0,3.21
10.0,-55.6914,-29.9326,22,6,20,1,4.7
10.0,-56.1839,-30.9939,22,6,20,1,4.6
35.0,50.0241,157.3315,22,6,20,1,4.7
-2.3,41.5568333333333,-109.897666666667,21,6,20,0,2.94
41.706,13.8014,-91.7727,21,6,20,1,4.1
7.5,52.568,-166.548,21,6,20,0,2.5
10.0,-3.9574,-12.1379,21,6,20,1,4.8
5.0,37.0124,-104.9647,21,6,20,0,2.9
10.0,43.2869,-126.5959,20,6,20,0,2.9
10.0,-0.4555,-20.0095,20,6,20,1,4.4
0.0,43.6962,-105.3634,20,6,20,0,3.3
94.38,-35.1479,-71.2424,19,6,20,1,4.3
10.0,-22.4305,173.8645,18,6,20,1,4.7
35.0,51.5486,-176.0329,18,6,20,0,2.6
35.0,13.001,-90.2282,17,6,20,1,4.4
4.9,54.501,-160.44,17,6,20,0,2.5
7.539,37.0055,-104.9935,17,6,20,0,3.8
4.1,54.846,-157.004,17,6,20,0,3.1
281.157,-16.9558,-174.977,16,6,20,1,4.8
0.6,52.552,-166.577,16,6,20,0,2.7
35.0,51.6517,176.0172,16,6,20,0,3.5
23.3,53.744,-164.168,16,6,20,0,2.5
26.05,51.1298,179.7091,16,6,20,0,3.5
25.698,51.0377,179.6995,16,6,20,0,2.8
10.0,37.8299,95.4118,16,6,20,1,4.0
194.03,0.1872,122.1953,15,6,20,1,4.1
19.87,18.952,-65.133,14,6,20,0,3.12
10.0,-9.0188,-108.5133,14,6,20,1,4.4
65.686,5.4897,125.3312,14,6,20,1,4.5
40.031,51.1021,179.7082,13,6,20,0,3.8
65.088,5.3668,125.2513,13,6,20,1,4.4
287.36,-19.616,169.6188,13,6,20,1,4.3
10.0,30.855,142.6616,13,6,20,1,4.4
76.318,5.4058,125.2035,12,6,20,1,4.6
25.731,53.1852,-164.5554,12,6,20,0,2.5
19.9,53.082,-164.484,12,6,20,0,2.5
4.4,54.003,-162.775,11,6,20,0,2.5
2.22,36.5638333333333,-121.182,11,6,20,0,2.5
7.0,54.01,-162.762,10,6,20,0,2.5
51.242,12.2168,141.2753,10,6,20,1,4.4
9.158,3.504,128.4414,10,6,20,1,4.5
4.37,19.1925,-64.8098333333333,10,6,20,0,3.07
34.127,34.788,24.1609,9,6,20,1,5.2
542.66,-23.5574,-179.8596,9,6,20,1,4.4
28.612,34.6989,24.1925,9,6,20,1,4.9
64.124,51.6175,178.8081,9,6,20,0,2.5
35.0,4.8796,127.6478,9,6,20,1,4.2
10.0,52.0741,176.3011,8,6,20,0,3.6
119.248,1.4317,127.3038,8,6,20,1,4.3
2.044,61.408,-140.1732,8,6,20,0,2.5
186.163,13.8924,-88.9844,8,6,20,1,4.3
10.0,52.8944,160.8698,6,6,20,1,4.3
10.0,-7.1301,-13.337,6,6,20,1,5.5
10.0,52.6,-170.237,6,6,20,0,2.6
10.0,42.495,-126.4569,6,6,20,0,2.9
10.0,52.4406,-171.6467,5,6,20,0,2.9
10.0,52.5986,160.958,5,6,20,1,4.1
35.0,-57.8268,-24.8665,4,6,20,1,4.5
60.69,-57.9865,-25.4096,4,6,20,1,5.1
10.0,52.6918,161.3329,4,6,20,1,4.1
6.472,52.6223,-170.2782,4,6,20,0,2.7
10.0,52.9971,161.228,4,6,20,1,4.6
10.0,-57.3219,148.007,4,6,20,1,4.5
106.163,6.7307,126.9172,4,6,20,1,4.6
109.992,24.6492,94.7654,4,6,20,1,4.5
70.35,18.1091666666667,-68.5605,4,6,20,0,3.43
11.2,51.601,-173.571,4,6,20,0,2.7
10.0,52.6512,160.8467,3,6,20,1,5.8
6.99,18.7988333333333,-64.6538333333333,3,6,20,0,2.92
352.998,-15.2007,-175.7754,3,6,20,1,4.3
10.0,39.6165,20.6034,3,6,20,1,4.4
35.0,-1.523,99.6088,3,6,20,1,4.3
10.0,52.7125,160.7509,2,6,20,1,4.3
10.0,-57.2093,147.5369,1,6,20,1,5.5
66.267,-4.7985,102.9775,1,6,20,1,5.0
87.608,-32.9592,-70.8926,1,6,20,1,4.0
58.66,3.2346,126.441,1,6,20,1,4.2
251.259,-22.4779,-66.2057,1,6,20,1,4.8
9.988,-24.0105,-176.3697,1,6,20,1,4.6
79.384,5.5897,125.3255,1,6,20,1,4.4
10.0,-33.7654,179.527,0,6,20,1,4.7
221.461,-29.717,-178.7852,23,6,19,1,4.2
10.0,-33.8774,179.5383,23,6,19,1,4.9
10.0,-1.0764,120.1975,22,6,19,1,4.3
35.0,5.2062,125.418,21,6,19,1,4.3
146.405,-8.6185,119.5158,21,6,19,1,4.1
10.0,-15.689,-172.9034,21,6,19,1,4.5
154.569,-59.3151,-26.5817,21,6,19,1,5.1
5.492,32.3421,-104.1771,20,6,19,0,2.9
76.361,42.8385,145.4279,20,6,19,1,4.3
35.0,53.5218,-164.8164,20,6,19,0,3.1
114.74,-21.1099,-68.9786,20,6,19,1,4.5
480.247,-20.9734,-178.2356,20,6,19,1,4.1
10.0,53.1569,161.2045,19,6,19,1,4.2
10.0,4.5923,-82.609,19,6,19,1,4.2
10.0,25.0284,127.898,19,6,19,1,4.4
10.0,31.599,142.3146,19,6,19,1,4.5
10.0,25.0763,128.0138,19,6,19,1,4.9
68.119,-5.4215,153.3215,19,6,19,1,4.7
26.322,54.6946,-161.3721,19,6,19,0,2.5
178.039,1.6606,124.7179,18,6,19,1,4.3
35.0,4.9631,125.207,18,6,19,1,5.0
232.643,53.0303,-173.506,18,6,19,1,4.3
35.0,52.8863,-167.8379,18,6,19,0,3.0
80.414,13.6782,120.601,18,6,19,1,4.5
212.6,36.849,137.6959,18,6,19,1,4.5
25.19,18.2961666666667,-64.2241666666667,18,6,19,0,3.05
50.0,19.472,-64.4281,17,6,19,0,3.65
106.322,-22.2565,-68.6716,17,6,19,1,4.3
35.0,40.0326,143.508,16,6,19,1,4.4
10.0,51.8679,176.2215,16,6,19,0,3.3
10.0,40.0176,143.6019,16,6,19,1,4.7
10.0,52.092,176.3081,16,6,19,1,4.3
142.052,-5.7387,148.6122,16,6,19,1,4.6
236.641,53.0594,-171.3391,15,6,19,0,2.7
1.2,60.582,-139.94,15,6,19,0,2.5
466.272,-21.3407,-178.3494,15,6,19,1,4.7
62.56,17.8863333333333,-68.414,15,6,19,0,3.4
35.0,52.8387,160.9055,15,6,19,1,4.3
10.0,51.7925,176.2027,15,6,19,0,3.5
251.9,-19.3297,-175.8265,15,6,19,1,4.2
46.514,5.5623,125.3944,14,6,19,1,4.5
10.0,52.3738,161.4513,13,6,19,1,4.2
54.056,35.1552,23.3924,13,6,19,1,4.3
10.0,-2.9418,138.8164,12,6,19,1,4.1
2.734,54.4212,86.0673,12,6,19,1,4.1
10.0,52.2973,-165.4541,11,6,19,0,2.8
10.0,51.6707,-173.1363,11,6,19,0,3.1
143.106,-7.7085,127.9978,11,6,19,1,4.4
27.684,52.8127,160.8658,10,6,19,1,4.4
51.211,51.449,178.7476,10,6,19,0,2.5
10.0,52.2142,160.9603,9,6,19,1,4.3
10.18,18.9543333333333,-67.543,9,6,19,0,3.02
54.55,51.7863,-174.1713,9,6,19,0,2.8
10.0,56.1989,-149.6671,8,6,19,0,2.6
10.0,52.0827,161.028,8,6,19,1,4.1
10.0,52.7246,161.0403,8,6,19,1,5.2
138.0,18.9648,-68.72,7,6,19,1,4.14
10.0,52.8032,161.0383,7,6,19,1,5.8
10.0,52.6887,161.0186,7,6,19,1,4.5
10.0,50.9844,-179.8664,7,6,19,0,2.6
284.834,42.7564,137.4999,7,6,19,1,4.2
19.76,52.2802,160.9766,7,6,19,1,4.3
35.0,52.7145,160.8665,7,6,19,1,4.4
10.0,52.8369,160.9092,7,6,19,1,4.5
10.0,52.7941,161.1406,7,6,19,1,4.9
10.0,52.7216,160.9303,6,6,19,1,5.0
14.0,52.7969,160.6867,6,6,19,2,6.6
10.0,52.6797,160.8547,6,6,19,1,5.3
23.355,53.6959,-164.1684,6,6,19,0,3.2
91.459,-19.3762,-70.1432,6,6,19,1,4.3
14.447,52.2143,-162.8692,5,6,19,0,2.7
80.114,5.6643,125.0059,5,6,19,1,4.6
10.0,50.9296,-169.628,4,6,19,0,3.1
10.0,-56.3195,-25.6356,3,6,19,1,4.6
10.0,42.3554,-126.5987,3,6,19,0,2.9
10.0,51.8358,176.1812,3,6,19,0,3.7
19.4,61.398,-146.802,3,6,19,0,2.8
10.0,-9.5088,155.3897,3,6,19,1,4.6
10.0,31.5407,50.7419,2,6,19,1,4.3
10.0,14.9527,54.8014,2,6,19,1,4.4
72.2,59.044,-152.794,2,6,19,0,2.5
115.202,35.9538,70.3164,2,6,19,1,4.1
10.0,33.8488,48.3925,1,6,19,1,4.2
185.004,-24.3037,-67.3204,1,6,19,1,4.0
46.23,19.5706666666667,-64.4926666666667,1,6,19,0,3.31
2.35,35.7155,-117.5005,1,6,19,0,2.67
35.0,4.7274,124.97,0,6,19,1,4.4
529.04,-7.0299,125.0076,0,6,19,1,4.4
15.9,62.324,-150.218,0,6,19,0,3.1
10.0,3.42,-82.7533,0,6,19,1,4.6
10.0,-6.0478,-11.2727,0,6,19,1,4.7
35.0,5.5518,125.103,23,6,18,1,4.4
10.0,-60.4302,-62.2296,23,6,18,1,4.5
9.495,50.6775,-176.2297,23,6,18,0,2.8
190.555,37.5881,72.2944,23,6,18,1,4.2
55.634,37.2842,141.9353,22,6,18,1,4.3
65.778,55.0486,-161.0135,22,6,18,0,3.6
9.65,18.0965,-64.3631666666667,22,6,18,0,3.15
10.0,51.854,160.2003,21,6,18,1,4.2
35.0,18.2895,-64.27,21,6,18,0,3.86
553.793,-19.9011,-177.7541,21,6,18,1,4.6
10.0,42.413,-126.6365,20,6,18,1,4.1
10.0,-0.9091,120.47,20,6,18,1,4.4
10.0,-1.0655,120.2868,20,6,18,1,4.3
17.059,53.5848,-164.8111,19,6,18,0,3.5
1.3,56.851,-156.498,19,6,18,0,3.2
10.0,30.4454,142.1673,19,6,18,1,5.3
55.0,18.5496,-64.3096,18,6,18,0,3.88
38.623,35.1564,140.5411,18,6,18,1,4.2
10.36,17.9298333333333,-66.2998333333333,17,6,18,0,2.81
90.046,4.6624,125.5443,16,6,18,1,4.5
61.6,60.433,-151.086,16,6,18,0,3.4
35.0,6.4829,126.6942,16,6,18,1,5.2
10.0,5.3568,124.9628,16,6,18,1,4.8
35.0,5.3151,125.1026,16,6,18,1,4.5
10.0,51.8729,176.1654,15,6,18,0,3.7
591.32,-23.5613,178.5869,15,6,18,1,4.3
35.0,53.1292,-166.9814,15,6,18,0,2.6
52.125,24.3478,94.0847,15,6,18,1,4.5
35.0,39.347,142.8998,14,6,18,1,4.0
17.409,48.7828,-68.1387,14,6,18,1,4.4
35.0,51.3095,-177.8241,14,6,18,0,3.1
31.491,51.2916,-179.5551,13,6,18,1,5.0
10.0,37.8868,95.4577,13,6,18,1,4.3
141.591,0.5687,121.4355,13,6,18,1,4.3
10.0,-1.112,120.2966,13,6,18,1,4.7
72.7,59.17,-152.657,13,6,18,0,2.7
143.119,-7.6739,128.1932,12,6,18,1,4.6
625.407,-21.6152,-179.3698,12,6,18,1,4.7
18.6,61.508,-146.58,12,6,18,0,2.9
81.179,5.3634,125.2829,12,6,18,1,4.5
27.34,19.9625,-155.508,12,6,18,0,2.76
13.886,55.7649,-149.3009,11,6,18,0,2.8
10.0,-0.3594,-19.1591,11,6,18,1,4.4
1.3,65.103,-163.062,10,6,18,0,2.7
69.993,-10.2867,161.3071,9,6,18,1,4.4
35.0,53.0623,-166.6948,9,6,18,0,2.6
52.0,19.5758,-64.3773,8,6,18,1,4.07
4.37,39.2756666666667,-123.232833333333,8,6,18,0,2.63
10.0,50.8903,-173.3691,7,6,18,0,2.9
19.668,-8.9442,126.6588,7,6,18,1,4.7
18.574,-8.6263,126.4914,7,6,18,1,4.9
10.0,37.7666,95.3973,7,6,18,1,4.5
91.404,5.736,125.2013,6,6,18,1,5.1
32.214,-19.1764,168.468,6,6,18,1,4.5
20.371,51.8544,176.1932,5,6,18,0,3.5
14.762,51.8652,176.1455,5,6,18,0,3.3
154.293,-8.3269,-74.2775,5,6,18,1,4.4
69.323,-31.2059,-178.2205,4,6,18,1,4.5
68.085,18.4882,-101.3589,4,6,18,1,4.1
3.116,54.4619,-160.2659,4,6,18,0,2.8
72.688,51.7093,-177.523,3,6,18,0,3.7
10.0,51.929,176.2266,3,6,18,0,3.0
10.0,-0.4514,-19.9474,3,6,18,1,5.4
10.0,-0.2783,-19.403,2,6,18,1,5.1
10.0,-0.4259,-19.5307,2,6,18,1,4.4
10.0,52.092,176.3151,2,6,18,0,3.5
24.819,52.0168,-168.6158,2,6,18,0,2.6
10.0,-53.548,141.3919,2,6,18,1,4.5
5.712,52.3132,-173.048,2,6,18,0,2.8
10.0,9.2935,-69.93,1,6,18,1,4.7
10.0,51.9763,176.2296,1,6,18,0,3.2
35.0,51.6748,176.0725,0,6,18,0,3.4
23.0,54.968,-156.322,0,6,18,0,3.7
75.69,18.0988333333333,-68.022,0,6,18,0,3.4
10.0,39.0046,144.6194,23,6,17,1,4.3
76.027,5.2083,126.2996,23,6,17,1,4.4
61.0,18.6231,-68.9756,23,6,17,0,3.75
10.0,-3.0061,130.0769,22,6,17,1,4.3
48.253,6.5964,126.8425,21,6,17,1,4.7
10.901,53.2987,-166.9709,20,6,17,0,2.5
35.0,51.4752,-175.9794,20,6,17,0,2.9
10.0,-55.8694,-25.6071,20,6,17,1,4.4
14.032,34.5324,-106.8464,20,6,17,0,2.6
10.0,-55.7142,-25.9627,19,6,17,1,5.0
101.658,53.1007,-168.2971,19,6,17,0,2.6
101.982,51.7115,178.3685,19,6,17,0,3.1
10.0,-0.5843,-20.048,18,6,17,2,6.6
8.241,34.4782,-106.8639,18,6,17,0,3.6
10.5,51.934,176.285,18,6,17,0,3.0
47.0,18.6516,-64.3528,18,6,17,0,3.69
11.84,34.4874,-106.8523,17,6,17,0,2.6
10.0,53.2645,-163.5427,17,6,17,0,2.8
10.0,-1.0084,120.44,17,6,17,1,4.1
7.501,34.5628,-106.9211,17,6,17,0,2.7
76.08,-6.3324,154.8151,17,6,17,1,4.7
11.9,65.149,-163.114,17,6,17,0,2.7
8.922,34.5298,-106.8318,17,6,17,0,3.7
8.827,38.1187,-118.4751,17,6,17,0,3.02
39.8,56.491,-154.463,16,6,17,0,2.5
33.708,-25.4782,-70.6779,16,6,17,1,4.1
10.0,52.7906,-163.355,16,6,17,0,2.7
10.0,-2.7778,130.2397,16,6,17,1,4.2
17.85,19.0268333333333,-64.3728333333333,15,6,17,0,3.05
113.737,16.7339,-94.3771,15,6,17,1,4.2
35.0,54.9177,-160.3081,15,6,17,0,2.7
7.43,35.2986666666667,-117.806833333333,15,6,17,0,2.59
10.0,38.8233,144.605,14,6,17,1,4.7
10.0,-19.375,168.3641,14,6,17,1,4.6
10.0,37.8928,95.6501,14,6,17,1,5.2
8.75,35.3,-117.813666666667,14,6,17,0,2.85
409.037,-5.5653,154.3134,13,6,17,1,4.0
7.62,35.2991666666667,-117.812333333333,13,6,17,0,3.55
10.0,-8.7548,126.6732,13,6,17,1,4.4
11.174,34.5098,-106.8666,13,6,17,0,3.2
10.389,34.4965,-106.8013,13,6,17,0,2.9
10.0,34.4838,-106.7936,12,6,17,0,3.6
8.0,18.1408,-64.3328,12,6,17,0,3.52
33.07,19.0951666666667,-155.362,12,6,17,1,4.55
20.0,51.721,176.207,11,6,17,0,2.6
10.0,-41.0488,176.7241,11,6,17,1,4.3
8.94,17.9803333333333,-66.9843333333333,11,6,17,0,3.05
83.796,5.3277,125.1915,10,6,17,1,4.6
167.229,6.7412,-72.9674,10,6,17,1,4.7
9.835,34.5256,-106.8476,10,6,17,0,3.9
10.0,34.4458,-106.6477,10,6,17,0,2.7
57.203,14.4168,122.7856,10,6,17,1,4.5
13.513,34.4533,-106.7196,10,6,17,0,3.1
11.953,34.4785,-106.7548,10,6,17,0,2.8
39.902,-30.7444,-71.5092,9,6,17,0,3.9
82.992,5.289,125.2662,9,6,17,1,4.4
31.697,5.0085,94.3395,9,6,17,1,4.5
12.953,34.4541,-106.76,9,6,17,0,3.3
35.0,51.5095,-174.3775,9,6,17,0,3.2
10.0,37.8456,95.3084,8,6,17,1,4.4
10.0,52.7283,-163.537,8,6,17,0,2.6
74.142,5.3589,125.0785,8,6,17,1,4.7
25.25,40.4933333333333,-124.717,7,6,17,0,2.56
3.9,51.553,-172.962,7,6,17,0,2.8
81.244,52.0582,176.2468,7,6,17,0,2.8
10.0,37.7428,95.383,7,6,17,1,4.4
45.38,19.0395,-155.520666666667,6,6,17,0,2.5
10.0,38.0175,95.5311,6,6,17,1,4.4
10.0,37.7915,95.4919,6,6,17,1,4.8
10.0,53.3381,-166.0042,5,6,17,0,3.3
10.0,-17.2944,-172.0723,5,6,17,1,4.7
10.0,37.7597,95.3816,5,6,17,1,4.6
546.725,-25.1584,179.7696,4,6,17,1,4.2
168.64,6.7457,-73.0298,4,6,17,1,4.2
67.037,49.7184,155.9429,3,6,17,1,4.4
5.43,38.7776666666667,-122.9355,3,6,17,0,3.07
35.0,5.6487,127.4234,3,6,17,1,5.1
35.0,-9.5938,119.3901,3,6,17,1,5.0
19.7,60.735,-150.093,3,6,17,0,2.7
10.0,37.8424,95.5734,3,6,17,1,4.0
219.972,-23.0314,-177.2663,3,6,17,1,4.5
10.0,56.0846,-148.5329,2,6,17,0,3.7
22.8,19.0675,-65.3168333333333,2,6,17,0,3.36
10.0,37.8473,95.5438,2,6,17,1,4.8
5.0,65.077,-163.127,2,6,17,0,3.1
1.6,65.116,-163.015,1,6,17,0,2.7
10.0,-25.8525,72.1223,0,6,17,1,4.5
35.0,-9.0778,158.7952,0,6,17,1,4.5
7.1,65.164,-163.17,0,6,17,0,2.6
5.0,65.175,-163.08,23,6,16,0,3.9
75.0,51.798,177.151,23,6,16,0,2.6
10.0,28.5309,130.4585,23,6,16,1,4.5
9.694,39.1402,-99.1227,23,6,16,0,2.5
92.6,60.024,-152.572,22,6,16,0,2.7
10.0,37.896,95.3104,21,6,16,1,4.2
10.0,-0.9429,120.2168,21,6,16,1,4.5
10.0,-0.8805,120.2729,21,6,16,1,4.3
2.5,65.131,-162.986,20,6,16,0,2.7
1.6,65.139,-162.998,20,6,16,0,2.8
2.2,65.111,-162.995,20,6,16,0,3.0
10.0,-0.8916,119.9012,20,6,16,1,4.1
10.0,-1.1404,120.3453,20,6,16,1,4.8
1.9,52.965,-166.278,20,6,16,0,2.5
10.0,-0.9887,120.1574,20,6,16,1,4.5
7.9346,30.838,-105.093,19,6,16,0,2.6
104.6,62.022,-151.999,19,6,16,0,2.5
10.0,-55.759,-25.9991,19,6,16,1,4.3
89.5,62.701,-151.134,19,6,16,0,2.5
116.7,63.132,-150.697,19,6,16,0,3.0
10.0,12.3333,141.2144,19,6,16,1,4.6
57.6,60.587,-151.077,19,6,16,0,2.7
57.714,51.0506,157.4604,18,6,16,1,4.3
10.0,37.8265,95.2265,18,6,16,1,4.3
10.0,-1.1919,120.3324,18,6,16,1,4.8
10.0,5.5821,127.5269,18,6,16,1,4.2
34.706,5.6367,127.2593,17,6,16,1,4.4
60.418,51.4453,179.5466,17,6,16,0,3.0
35.0,39.9283,143.1045,17,6,16,1,4.5
23.774,-55.8683,-26.3228,17,6,16,1,4.9
24.211,-2.9492,141.5586,17,6,16,1,4.3
60.91,37.7524,142.0449,16,6,16,1,4.0
104.6,63.05,-150.366,15,6,16,0,2.5
10.0,0.5419,-80.2888,14,6,16,1,4.0
8.9,20.055,-155.302666666667,14,6,16,0,2.83
10.0,-1.1527,120.2514,14,6,16,1,4.3
68.588,-41.0808,174.4728,14,6,16,1,4.4
5.0,56.029,-159.777,13,6,16,0,3.8
10.0,-55.6478,-25.8944,13,6,16,1,4.4
10.0,-55.6041,-25.7671,13,6,16,1,4.6
12.635,37.9204,95.2508,13,6,16,1,4.9
10.0,-55.8826,-26.4221,13,6,16,1,4.5
65.305,-4.9302,152.3886,13,6,16,1,4.8
127.61,51.8344,178.3399,12,6,16,0,2.8
10.0,13.8544,-92.6462,12,6,16,1,4.3
10.0,-36.2962,-82.8425,11,6,16,1,4.8
10.0,77.839,7.2537,11,6,16,1,4.1
10.0,37.8793,95.4636,11,6,16,1,5.0
10.0,37.8311,95.2783,11,6,16,1,4.5
10.0,-1.1979,120.2873,11,6,16,1,4.8
10.0,37.9938,95.4037,11,6,16,1,4.7
10.0,37.7904,95.2288,10,6,16,1,4.5
42.381,35.9408,139.9777,10,6,16,1,4.4
63.617,36.1715,139.6995,10,6,16,1,5.3
35.0,5.4216,125.6072,10,6,16,1,4.5
41.134,0.5489,126.5962,10,6,16,1,4.9
15.4,62.433,-147.858,9,6,16,0,3.2
10.0,37.7544,95.2738,9,6,16,1,5.4
10.0,38.0024,95.3869,9,6,16,1,5.1
10.0,52.117,176.5175,9,6,16,1,4.4
10.0,-1.1154,120.4478,9,6,16,1,4.4
10.0,37.803,95.5384,9,6,16,1,4.2
10.0,37.8581,95.6245,9,6,16,1,4.9
10.0,37.8142,95.4191,9,6,16,1,4.7
10.0,37.888,95.4919,9,6,16,2,6.3
4.0,65.121,-163.083,9,6,16,0,3.0
10.0,-8.8272,126.4365,9,6,16,1,4.6
10.0,55.9099,-149.7307,8,6,16,0,2.9
10.0,-1.0936,120.5455,8,6,16,1,4.3
10.0,13.6572,-92.9134,8,6,16,1,4.1
10.0,-52.657,13.0396,8,6,16,1,4.6
10.0,-1.0315,120.2557,8,6,16,1,5.0
85.865,51.8332,176.9816,8,6,16,0,3.8
613.29,-21.8842,-179.5703,7,6,16,1,4.3
45.7,55.412,-158.826,7,6,16,0,3.4
8.29,42.8318,-111.386,6,6,16,0,2.7
58.325,5.6197,125.441,6,6,16,1,4.5
10.0,-1.0526,120.4248,6,6,16,1,4.2
10.0,51.8238,176.2169,5,6,16,0,3.5
87.949,5.4785,125.3055,5,6,16,1,4.7
53.646,0.7968,125.4477,5,6,16,1,4.4
104.7,58.225,-154.879,4,6,16,0,2.7
9.48,42.1888333333333,-112.786333333333,4,6,16,0,2.51
10.0,-1.2567,120.1735,4,6,16,1,5.1
28.842,53.4629,-163.6827,3,6,16,0,3.1
10.0,17.2792,119.1984,3,6,16,1,4.6
10.0,-1.1228,120.2185,3,6,16,1,4.9
10.0,-1.0839,120.2364,3,6,16,1,5.2
11.0,-1.1735,120.125,3,6,16,2,6.7
14.552,5.3638,127.636,3,6,16,1,4.4
9.93,40.3486666666667,-125.0485,2,6,16,0,2.62
10.0,32.3648,142.0162,2,6,16,1,4.7
10.0,31.5916,141.9614,2,6,16,1,4.6
28.117,53.4686,-163.7366,1,6,16,0,2.9
73.115,51.5122,179.7626,0,6,16,0,2.7
10.0,-60.2537,-45.8998,0,6,16,1,4.7
133.794,-21.4372,-68.4496,0,6,16,1,4.2
65.0,4.9013,125.1334,23,6,15,1,4.2
208.951,-30.8996,-179.4755,22,6,15,1,4.4
1.299,32.2903,-103.287,22,6,15,0,3.6
1.2,65.142,-162.974,22,6,15,0,3.1
35.0,52.8779,-167.4314,22,6,15,0,2.9
10.0,-55.4977,-26.5379,22,6,15,1,4.7
67.27,-6.0478,148.9247,22,6,15,1,4.3
1.7,65.14,-163.019,21,6,15,0,2.7
31.119,52.8855,-167.4522,21,6,15,0,3.0
190.964,-16.2685,167.937,21,6,15,1,4.7
9.529,52.8539,-167.181,21,6,15,0,3.5
3.0,52.172,-173.087,21,6,15,0,2.8
10.0,43.4849,-127.3395,20,6,15,1,4.0
10.0,45.2122,-27.9191,20,6,15,1,4.5
35.0,5.5743,125.2603,20,6,15,1,4.9
15.464,53.0439,-166.899,20,6,15,0,3.6
13.759,30.7088,132.4231,19,6,15,1,4.4
10.0,-23.4349,170.4342,18,6,15,1,4.8
10.0,53.4504,-160.502,18,6,15,0,3.1
10.0,42.4121,-126.5923,18,6,15,0,2.5
10.0,-23.3392,170.5136,18,6,15,1,5.0
10.0,-23.3336,170.4326,18,6,15,1,4.5
39.13,4.8105,125.4387,17,6,15,1,4.4
17.252,22.7338,-85.1182,17,6,15,1,4.9
129.3,63.216,-150.562,17,6,15,0,2.7
65.5,52.513,-168.594,17,6,15,0,2.5
9.476,41.1384,-116.705,16,6,15,0,2.62
68.715,53.8393,-165.3627,16,6,15,0,2.5
75.856,5.4707,125.3013,16,6,15,1,4.3
7.9071,32.003,-103.809,15,6,15,0,2.6
10.0,0.9527,-29.091,15,6,15,1,4.5
10.0,56.1482,-149.9591,15,6,15,0,2.8
71.967,5.658,125.2309,15,6,15,1,5.5
50.171,5.3032,125.3247,14,6,15,1,4.8
7.643,4.649,124.9814,14,6,15,1,4.4
125.896,-22.2206,-68.5518,13,6,15,1,4.4
10.0,-15.04,-173.0795,12,6,15,1,4.1
9.4,42.1816666666667,-112.219166666667,12,6,15,0,2.6
10.0,-23.4424,170.3833,12,6,15,1,4.6
6.18,19.0003333333333,-68.119,12,6,15,0,3.37
10.0,51.9998,176.2895,12,6,15,0,3.2
554.826,-20.1427,-177.6376,11,6,15,1,4.0
90.689,52.5377,-170.7247,11,6,15,0,3.0
1.5,56.039,-159.885,11,6,15,0,3.7
10.0,53.3918,-161.4644,11,6,15,0,2.8
10.0,-8.7489,126.6625,10,6,15,1,4.7
5.0,32.2938,-103.2766,9,6,15,0,2.5
10.0,30.7319,142.1211,9,6,15,1,4.8
62.3,62.713,-149.467,9,6,15,0,2.5
75.64,18.9448333333333,-65.2693333333333,9,6,15,0,3.38
92.76,6.2033,126.8492,9,6,15,2,6.2
8.108,34.5098,-106.8781,9,6,15,0,3.0
10.0,5.844,126.5082,8,6,15,1,4.5
61.0,18.6298,-68.2293,8,6,15,0,3.7
35.0,51.2796,-176.0424,8,6,15,0,3.7
35.0,-0.195,125.5146,8,6,15,1,4.6
31.922,51.4493,-177.5387,8,6,15,0,3.1
10.0,17.4305,-46.587,8,6,15,1,4.8
587.039,-17.9861,-178.026,8,6,15,1,4.3
73.766,5.5517,125.0448,7,6,15,1,4.6
35.0,5.5997,126.581,7,6,15,1,4.3
10.0,-40.3655,-16.7122,7,6,15,1,4.9
10.0,40.4051666666667,-125.314,7,6,15,0,3.16
69.379,42.2748,143.047,7,6,15,1,4.2
1.4,65.125,-163.035,7,6,15,0,3.6
553.363,49.1975,147.4352,7,6,15,1,4.0
176.305,-8.2869,119.5495,6,6,15,1,4.4
7.9,65.132,-163.02,6,6,15,0,2.8
10.824,34.4816,-106.79,6,6,15,0,2.9
1.8,65.128,-163.056,6,6,15,0,2.6
185.505,-22.0293,-67.3384,5,6,15,1,4.5
10.0,53.5177,-160.3897,5,6,15,0,2.7
-2.46,41.5575,-109.870833333333,4,6,15,0,3.13
37.375,39.9008,143.1893,4,6,15,1,4.1
12.964,54.3429,-161.4199,4,6,15,0,2.6
107.37,18.6256666666667,-66.8006666666667,4,6,15,0,3.14
1.8,65.137,-163.003,3,6,15,0,2.6
10.0,52.7956,-162.7386,3,6,15,0,2.9
2.37,33.1805,-115.602166666667,3,6,15,0,3.64
3.34,33.1821666666667,-115.605166666667,3,6,15,0,3.18
264.851,39.1761,15.1668,3,6,15,1,4.1
40.8,18.6556666666667,-64.3943333333333,2,6,15,0,3.06
21.7,53.605,-164.585,2,6,15,0,2.5
35.0,39.8801,143.1741,2,6,15,1,4.3
10.0,-32.0118,-177.8201,1,6,15,1,4.6
53.85,19.0911666666667,-65.2986666666667,1,6,15,0,3.26
35.0,53.7002,-165.0907,1,6,15,0,2.7
7.4811,39.2667,-119.1,1,6,15,0,2.73
27.0,53.739,-163.973,1,6,15,0,2.6
10.0,-28.8396,-176.1834,1,6,15,1,4.6
96.928,-5.7722,147.2412,1,6,15,1,4.2
56.0,62.676,-149.124,1,6,15,0,2.6
35.0,51.5595,158.8876,0,6,15,1,4.6
18.4,53.416,-165.456,0,6,15,0,2.5
35.0,40.742,143.3709,23,6,14,1,4.3
35.0,53.5028,-165.799,23,6,14,0,3.1
35.0,-6.3614,131.1677,23,6,14,1,4.3
66.2,56.349,-157.691,23,6,14,0,2.6
33.17,-32.7349,-71.7345,22,6,14,1,4.1
1.3,55.182,-159.651,22,6,14,0,2.6
48.439,3.9654,95.6512,22,6,14,1,4.4
8.968,34.4841,-106.8297,22,6,14,0,2.7
60.7,51.779,-174.393,21,6,14,0,2.6
22.18,19.3766666666667,-155.861333333333,21,6,14,0,2.78
10.176,34.4515,-106.7413,20,6,14,0,2.9
35.0,53.0999,-166.9975,20,6,14,0,3.2
13.833,20.0246,97.8919,20,6,14,1,4.0
10.0,-27.3576,65.8762,19,6,14,1,4.4
35.0,54.4489,-160.1544,18,6,14,0,2.7
62.0,60.031,-151.913,18,6,14,0,2.5
66.0,18.9973,-65.296,18,6,14,0,3.8
62.38,-9.953,119.1381,18,6,14,1,4.5
6.23,40.204,-121.134666666667,18,6,14,0,3.2
10.0,36.6492,21.6409,18,6,14,1,4.9
10.952,34.5383,-106.9678,17,6,14,0,2.8
222.12,36.6795,70.9158,17,6,14,1,4.6
20.71,19.0331666666667,-65.361,17,6,14,0,3.26
10.0,34.4662,-106.7636,17,6,14,0,3.9
10.0,34.4925,-106.8275,17,6,14,0,3.6
10.0,-29.6441,-111.3489,17,6,14,1,4.7
35.0,51.627,175.9483,17,6,14,0,3.9
10.0,35.4403,110.2351,17,6,14,1,4.4
44.0,19.0716,-65.3526,16,6,14,0,3.79
40.0,19.0613,-65.3236,16,6,14,0,3.65
10.0,10.3054,122.2321,16,6,14,1,4.6
10.0,32.0753,69.4502,15,6,14,1,4.5
10.0,10.2094,122.1484,15,6,14,1,5.1
10.0,10.2569,122.411,15,6,14,1,4.5
4.8181,31.671,-104.34,15,6,14,0,2.5
8.04,18.989,-65.3538333333333,14,6,14,0,3.13
13.4974,38.431,-116.4904,14,6,14,0,2.66
27.5,52.622,-168.293,14,6,14,0,2.5
35.0,51.4284,-177.515,14,6,14,0,2.9
35.0,8.6724,126.807,14,6,14,1,5.1
46.892,-6.3821,148.8216,14,6,14,1,4.4
37.872,4.7872,125.3114,14,6,14,1,4.6
84.3,57.334,-156.114,13,6,14,0,2.9
222.81,36.7895,70.9891,13,6,14,1,4.2
7.2,56.008,-156.167,13,6,14,0,2.5
10.0,10.1745,122.4848,13,6,14,1,4.5
96.422,-6.4534,131.074,12,6,14,1,4.4
68.343,5.4338,125.2045,11,6,14,1,4.6
19.9,54.019,-163.992,11,6,14,0,2.5
10.0,-45.183,-14.1764,11,6,14,1,4.4
10.0,26.6597,143.243,11,6,14,1,4.2
10.0,-9.2306,119.1217,10,6,14,1,4.1
10.0,3.6407,97.4101,10,6,14,1,4.3
25.2,53.077,-167.199,10,6,14,0,2.6
108.56,18.2751666666667,-67.4636666666667,10,6,14,0,3.19
219.478,52.7487,-173.7536,9,6,14,0,3.7
2.11,38.8336666666667,-122.8165,8,6,14,0,3.28
31.85,19.0003333333333,-65.349,8,6,14,0,3.43
16.0,19.1155,-65.3556,8,6,14,0,3.5
22.0,19.0928,-65.3221,7,6,14,0,3.81
11.89,19.0676666666667,-65.3423333333333,7,6,14,0,2.73
33.533,1.1682,125.9229,7,6,14,1,4.1
53.36,18.7856666666667,-66.3723333333333,7,6,14,0,3.32
81.8,61.661,-151.505,6,6,14,0,2.5
10.0,40.4125,-125.071333333333,5,6,14,0,2.68
9.237,34.492,-106.8397,5,6,14,0,2.6
19.0,19.109,-65.3293,5,6,14,0,3.6
9.636,51.7857,178.4967,5,6,14,0,2.9
52.0,19.0711,-65.3038,5,6,14,0,3.95
198.178,18.598,145.7174,4,6,14,1,4.1
119.09,-4.7912,153.3263,4,6,14,1,4.2
5.0,67.541,-168.239,4,6,14,0,2.6
35.0,24.5022,121.668,3,6,14,1,4.2
9.283,34.5126,-106.8182,2,6,14,0,3.0
35.0,53.0581,-166.9506,2,6,14,0,2.7
106.0,60.005,-152.684,1,6,14,0,3.2
35.0,54.344,-159.9785,1,6,14,0,2.5
10.0,59.2199,-137.3554,1,6,14,0,2.6
10.0,71.3084,-5.2627,1,6,14,1,4.1
159.361,-7.6946,128.1896,0,6,14,1,4.4
27.145,9.2573,-69.677,0,6,14,1,4.3
56.935,53.536,-165.7288,0,6,14,0,3.3
64.1,56.343,-157.656,0,6,14,0,2.8
8.48,18.8968333333333,-68.1183333333333,0,6,14,0,3.13
10.0,-8.7672,126.6454,23,6,13,1,4.3
104.722,-4.6385,153.6537,23,6,13,1,4.5
66.163,5.5515,125.4474,23,6,13,1,4.8
102.0,63.185,-150.321,22,6,13,0,3.0
10.0,64.5063,-17.7867,22,6,13,1,4.1
40.753,-34.6591,-71.8573,22,6,13,1,4.6
405.86,-6.8773,126.7962,22,6,13,1,4.2
10.0,58.7613,-145.1748,21,6,13,0,2.7
10.0,5.3582,125.7016,20,6,13,1,5.1
10.0,40.3735,-124.994166666667,20,6,13,0,2.6
29.2,51.292,-179.542,20,6,13,0,2.7
106.803,51.8322,179.6379,20,6,13,0,2.9
10.0,64.6396,-17.6981,20,6,13,1,4.8
10.0,16.7513,-99.634,18,6,13,1,5.1
1.0,55.089,-158.643,17,6,13,0,2.7
10.0,-11.4189,118.5778,17,6,13,1,4.3
225.43,38.8504,15.3414,17,6,13,1,4.6
10.0,12.2015,-88.665,17,6,13,1,4.4
0.9,55.101,-158.826,17,6,13,0,3.5
26.2,58.205,-151.216,17,6,13,0,2.5
412.036,-6.0089,154.6404,16,6,13,1,4.4
558.726,-18.0596,-177.8909,16,6,13,1,4.2
1.1,54.53,-160.277,16,6,13,0,2.6
40.892,5.1344,125.193,15,6,13,1,4.5
30.72,19.1706666666667,-155.507666666667,14,6,13,0,2.6
10.0,12.181,-88.5335,14,6,13,1,4.4
35.0,51.2813,-179.5439,14,6,13,0,2.9
10.0,52.0955,176.2324,13,6,13,0,3.6
10.0,52.3739,176.4086,13,6,13,1,4.1
35.0,51.1066,-178.0161,12,6,13,0,3.0
26.9,53.035,-166.928,12,6,13,0,2.6
21.6,53.014,-166.931,12,6,13,0,2.5
35.0,1.0872,126.1509,12,6,13,1,5.1
59.564,-30.6579,-71.4569,12,6,13,1,4.6
27.586,51.3224,-179.5479,11,6,13,0,2.6
12.618,54.328,-160.0213,11,6,13,0,2.6
51.0,19.0105,-65.3136,11,6,13,0,3.48
48.14,51.4366,-179.5,11,6,13,1,4.9
10.168,51.8762,176.2034,11,6,13,1,4.0
35.0,53.1507,-167.0385,10,6,13,0,3.3
22.3,52.999,-166.966,10,6,13,0,2.5
35.0,53.1709,-167.0572,10,6,13,0,3.0
52.769,53.1891,-167.0647,10,6,13,1,5.0
23.1,55.376,-159.268,10,6,13,0,2.5
24.144,24.0865,122.3409,10,6,13,1,4.2
126.5,59.846,-153.245,10,6,13,0,2.5
113.813,-19.8882,-69.3499,9,6,13,1,4.1
80.7,61.733,-151.079,9,6,13,0,3.3
108.34,-31.8169,-70.6483,9,6,13,1,4.4
10.0,51.971,176.1993,9,6,13,1,4.1
6.126,54.4795,-160.3644,9,6,13,0,2.5
72.856,5.3519,125.2495,8,6,13,1,4.5
10.0,50.967,-170.4079,7,6,13,0,3.0
10.0,15.9741,-98.3705,7,6,13,1,4.5
5.14,19.5728333333333,-156.021833333333,7,6,13,0,3.1
10.0,-8.7392,126.744,7,6,13,1,4.3
108.9,61.681,-152.028,7,6,13,0,2.7
10.0,-27.6791,63.8491,7,6,13,1,4.5
17.0,52.331,-169.731,7,6,13,0,2.5
80.617,-4.5468,-80.0698,6,6,13,1,5.1
13.1,55.443,-158.364,6,6,13,0,3.3
10.0,5.3506,126.4882,5,6,13,1,4.2
62.472,53.4195,159.5685,5,6,13,1,4.2
7.31,35.6685,-97.404,4,6,13,0,2.56
20.0,51.221,-176.41,4,6,13,0,2.5
35.0,4.9989,125.3481,3,6,13,1,4.5
99.446,7.399,126.5575,2,6,13,1,4.3
12.85,40.2745,-122.073166666667,2,6,13,0,2.73
70.896,5.7233,125.242,2,6,13,1,5.2
35.0,53.4972,-164.7668,1,6,13,0,3.0
5.0,63.628,-147.748,1,6,13,0,3.4
6.6,52.066,-169.965,0,6,13,0,2.7
87.608,-14.8775,167.046,0,6,13,1,4.3
10.0,31.6239,141.7051,0,6,13,1,4.4
206.416,-13.4673,167.1552,0,6,13,1,4.4
194.191,-15.6373,-174.4278,0,6,13,1,4.5
44.052,5.4015,125.1258,23,6,12,1,4.3
10.0,49.8739,157.545,23,6,12,1,4.3
78.75,18.5661666666667,-66.4555,22,6,12,0,2.93
118.893,52.6925,175.0724,22,6,12,0,3.8
20.0,51.592,174.65,22,6,12,0,3.8
181.49,-5.5377,147.0141,21,6,12,1,4.3
11.049,60.6062,-139.718,21,6,12,0,2.5
35.0,5.0627,124.916,21,6,12,1,4.2
10.0,-21.301,168.7949,21,6,12,1,4.6
10.0,37.1066,36.8288,21,6,12,1,4.6
7.1,51.841,-166.775,20,6,12,0,2.5
65.269,5.2583,124.9958,20,6,12,1,4.1
202.131,13.7796,120.6986,20,6,12,1,4.2
67.789,38.1964,141.9599,19,6,12,1,4.3
98.182,2.9806,128.1636,19,6,12,1,4.9
37.25,4.807,125.3493,19,6,12,1,5.2
41.631,5.4318,125.4397,18,6,12,1,4.5
149.148,-21.0327,-175.751,18,6,12,1,4.4
57.368,5.5956,124.914,17,6,12,1,4.9
201.598,-23.0612,-66.7828,17,6,12,1,4.9
10.0,53.1204,-161.7538,17,6,12,0,2.7
11.584,5.0986,125.1945,16,6,12,1,4.4
23.815,53.4617,-165.6679,16,6,12,0,2.8
35.0,52.5175,160.2549,16,6,12,1,4.6
75.814,5.6229,125.3907,15,6,12,1,4.4
7.9327,32.002,-103.806,15,6,12,0,2.6
580.826,-17.8015,-178.7337,14,6,12,1,4.5
35.0,-9.0267,158.6661,14,6,12,1,4.6
8.14,18.8793333333333,-65.0403333333333,14,6,12,0,2.73
10.0,5.5645,125.4516,14,6,12,1,4.5
5.0,51.409,-167.982,13,6,12,0,2.5
77.971,5.2536,125.2871,13,6,12,1,4.2
35.0,51.6071,-173.2795,13,6,12,0,3.2
67.186,52.0026,159.596,13,6,12,1,4.3
93.312,51.6807,-178.7003,13,6,12,0,3.2
10.0,36.4348,22.4255,13,6,12,1,4.4
50.934,5.5602,125.2781,12,6,12,1,4.5
31.109,49.1689,155.9947,12,6,12,1,4.1
2.0,39.3464,-118.9997,12,6,12,1,4.02
36.838,39.7524,143.4277,11,6,12,1,4.1
60.374,51.4,-177.8468,11,6,12,0,2.7
38.677,39.7929,143.3856,11,6,12,1,4.2
35.0,51.2063,179.8708,11,6,12,0,2.8
65.023,40.9227,47.8256,11,6,12,1,4.9
95.076,-41.26,173.6667,11,6,12,1,4.1
38.693,13.3277,-89.9451,10,6,12,1,4.0
35.0,-33.9699,-179.3684,10,6,12,1,4.6
35.0,5.0176,124.6905,10,6,12,1,4.3
10.0,43.0974,-126.0577,9,6,12,0,2.7
10.0,-15.6041,-115.3166,8,6,12,1,4.8
9.27,18.7281666666667,-64.1525,8,6,12,0,3.35
47.605,48.9984,155.9394,8,6,12,1,4.8
519.848,-24.3323,179.7655,7,6,12,1,4.5
35.0,21.8253,145.3977,6,6,12,1,4.3
68.703,37.7969,141.6148,6,6,12,0,3.9
15.1,51.063,-177.929,5,6,12,0,2.5
158.3,58.201,-156.098,5,6,12,0,2.8
547.627,-19.673,-177.6672,5,6,12,1,4.4
10.0,-22.6118,-177.0009,5,6,12,1,4.6
43.996,5.333,124.6792,5,6,12,1,4.8
35.0,54.2606,-162.9296,4,6,12,0,2.7
10.0,40.072,19.8758,4,6,12,1,4.1
94.866,-27.7457,-177.1346,4,6,12,1,4.4
54.0,19.2458333333333,-65.1705,4,6,12,0,3.38
18.237,-27.8751,-71.4598,4,6,12,1,4.2
105.989,-19.2259,-69.335,3,6,12,1,4.1
69.919,5.2324,125.3997,3,6,12,1,4.5
118.4,58.928,-154.025,3,6,12,0,2.9
10.0,52.9719,-165.5826,2,6,12,0,2.5
97.848,-5.768,145.4258,2,6,12,1,4.5
92.3,59.953,-152.558,2,6,12,0,2.8
10.0,52.4358,160.6425,2,6,12,1,4.1
65.131,-41.4242,173.7781,1,6,12,1,4.2
137.5,-14.8416,167.4722,1,6,12,1,4.5
128.271,51.7756,178.2184,1,6,12,0,3.1
23.369,5.4833,125.4424,1,6,12,1,4.1
515.275,-20.2553,-177.7912,1,6,12,1,4.3
25.92,19.1811666666667,-68.2573333333333,0,6,12,0,3.31
59.294,40.2875,142.3188,0,6,12,1,4.2
10.0,42.3175,-126.0911,0,6,12,0,2.7
475.403,29.9863,138.4688,0,6,12,1,4.6
10.0,53.367,-160.3337,23,6,11,0,2.8
8.0,19.1566,-65.2976,23,6,11,1,4.02
8.727,10.0657,126.049,23,6,11,1,4.3
35.0,5.3262,124.6238,23,6,11,1,4.3
35.0,5.7139,125.0957,22,6,11,1,4.4
35.0,5.3881,125.0585,21,6,11,1,4.4
172.159,-18.986,169.0778,21,6,11,1,4.9
59.47,18.8595,-64.6673333333333,20,6,11,0,3.05
4.5,52.267,-168.913,20,6,11,0,2.6
10.0,-16.7366,66.8913,19,6,11,1,4.6
10.0,51.7063,-173.3433,19,6,11,0,3.1
10.0,-3.9286,-103.0606,19,6,11,1,4.5
5.0,60.3972,-139.5409,19,6,11,0,2.6
22.754,34.2912,25.1067,19,6,11,1,4.5
10.0,23.3913,122.1773,18,6,11,1,4.0
73.572,-4.6787,152.7914,18,6,11,1,4.5
10.0,-17.066,66.8505,18,6,11,1,4.3
35.0,40.33,142.9229,18,6,11,1,4.2
10.0,5.3744,126.1899,18,6,11,1,4.1
18.874,-27.8381,-71.4967,18,6,11,1,4.4
10.0,-21.7874,68.8704,17,6,11,1,4.4
69.065,4.8213,125.3647,16,6,11,1,4.4
91.673,53.4883,-166.4136,16,6,11,0,3.9
54.269,4.8913,125.4828,16,6,11,1,4.4
57.489,4.8549,125.3252,16,6,11,1,4.4
35.0,4.9166,125.2904,16,6,11,1,4.6
12.19,5.4352,125.54,15,6,11,1,4.4
48.154,24.9682,93.0641,15,6,11,1,4.4
0.9,60.202,-143.347,15,6,11,0,3.0
28.943,54.042,-163.6924,14,6,11,0,2.7
62.856,38.7631,142.0654,14,6,11,1,4.4
62.798,4.8376,125.289,14,6,11,1,4.2
71.348,4.8436,125.4912,13,6,11,1,4.2
10.0,-19.2416,172.7837,13,6,11,1,4.6
35.0,54.5336,-160.3347,13,6,11,0,2.9
77.983,4.7504,125.3668,13,6,11,1,4.2
8.47,35.3098333333333,-117.817666666667,13,6,11,0,3.18
276.082,2.4822,128.5776,13,6,11,1,4.1
0.28999999165535,19.4423332214355,-155.240829467773,13,6,11,0,2.62
28.26,19.4645,-155.246833333333,13,6,11,0,2.71
42.425,52.704,160.5014,13,6,11,1,4.3
91.6,60.378,-151.989,12,6,11,0,2.6
9.0,-27.7955,-71.6701,12,6,11,1,5.5
62.92,18.5718333333333,-63.9223333333333,12,6,11,0,3.31
10.0,32.1752,142.0541,12,6,11,1,4.4
10.0,-27.8253,-71.6445,12,6,11,1,5.1
24.458,-27.7294,-71.7815,12,6,11,1,4.1
99.51,4.8671,125.4229,11,6,11,1,4.6
34.907,4.8762,125.5029,11,6,11,1,5.1
10.0,51.2516,-176.3449,11,6,11,0,3.5
7.0,64.835,-149.225,11,6,11,0,2.6
18.364,52.6021,-169.5866,11,6,11,0,3.5
59.45,52.3116,160.2686,10,6,11,1,4.1
58.531,49.355,155.9999,10,6,11,1,4.2
9.04,40.355,-125.0105,10,6,11,0,2.66
10.0,52.2591,160.712,10,6,11,1,5.4
8.8135,32.189,-102.102,9,6,11,0,2.6
85.341,5.1199,125.3934,9,6,11,1,4.4
10.0,10.487,-12.1972,9,6,11,1,4.7
83.404,51.6391,178.9743,7,6,11,0,3.2
534.256,-23.4464,-179.7992,7,6,11,1,4.5
5.0,55.653,-151.838,7,6,11,0,2.5
103.989,52.5195,-170.7246,7,6,11,0,3.2
60.918,4.9094,125.4266,7,6,11,1,5.4
10.0,14.1592,40.1513,7,6,11,1,4.2
10.0,29.5743,52.0092,6,6,11,1,4.3
5.22,36.5303333333333,-121.1505,6,6,11,0,2.82
1.3,52.114,-173.181,6,6,11,0,2.7
12.407,39.1601,88.6256,6,6,11,1,4.4
10.0,30.4914,51.627,6,6,11,1,4.0
78.752,4.9132,125.3808,6,6,11,1,4.5
69.202,51.5753,179.7392,6,6,11,0,3.3
10.0,-15.1819,-173.4903,6,6,11,1,4.2
10.0,-27.8365,-71.6622,6,6,11,1,4.3
67.675,4.908,125.3728,5,6,11,1,4.2
10.0,-3.6582,-103.4855,5,6,11,1,4.4
69.87,4.8694,125.5184,5,6,11,1,5.0
13.808,4.9045,125.2457,5,6,11,1,4.4
10.001,-27.8375,-71.6251,5,6,11,1,5.2
15.4,18.739,-66.4736666666667,5,6,11,0,2.72
60.728,41.6021,142.0278,5,6,11,1,4.2
10.1,51.325,-179.776,4,6,11,0,2.5
10.0,55.1654,165.3677,4,6,11,1,5.0
10.0,-35.9307,-101.5945,4,6,11,1,4.5
22.73,4.8538,125.2868,3,6,11,1,4.3
10.0,5.2364,125.8987,3,6,11,1,4.8
126.0,17.99,-64.0091,3,6,11,1,4.04
30.73,52.532,160.597,2,6,11,1,4.4
32.237,4.8244,125.3692,2,6,11,1,4.7
9.82,40.4111666666667,-125.232833333333,2,6,11,0,2.87
173.9,-26.0197,-177.6156,2,6,11,1,4.7
10.0,-3.6115,144.8168,2,6,11,1,4.4
70.666,5.5076,125.1614,2,6,11,1,4.3
57.994,4.9194,125.3665,1,6,11,1,5.4
35.0,51.9807,160.6386,1,6,11,1,4.3
97.659,5.6633,125.0732,0,6,11,1,4.3
35.0,4.9342,125.4058,0,6,11,1,4.8
10.0,-22.6762,-175.7559,23,6,10,1,4.9
10.0,16.6666,-99.5993,23,6,10,1,4.5
10.0,-19.0604,-172.5058,23,6,10,1,5.4
35.0,4.849,125.4113,23,6,10,1,5.1
10.0,38.7272,23.4466,22,6,10,1,4.1
134.301,-7.4838,128.7881,22,6,10,1,4.3
35.0,-0.4456,132.8872,21,6,10,1,4.4
87.352,0.7049,122.5504,21,6,10,1,4.2
195.747,-23.9723,-66.8754,21,6,10,1,4.4
158.99,-7.1019,129.3253,20,6,10,1,4.1
585.305,-17.7926,-178.6341,20,6,10,1,4.0
30.98,19.2156666666667,-155.3655,20,6,10,0,2.55
65.962,54.0227,-164.5716,19,6,10,0,3.0
53.7,61.645,-150.39,18,6,10,0,2.6
35.0,5.4507,124.5797,17,6,10,1,4.1
35.0,51.9986,-170.9351,17,6,10,0,3.1
10.0,-56.6933,-140.905,17,6,10,1,4.5
38.64,19.1681666666667,-156.400833333333,16,6,10,0,2.53
125.499,1.8751,98.9714,16,6,10,1,4.6
12.03,18.4083333333333,-67.4166666666667,16,6,10,0,2.81
35.0,51.3937,177.6966,15,6,10,0,2.5
10.0,52.2785,160.7484,15,6,10,1,4.5
10.0,52.2883,161.0148,15,6,10,1,4.2
14.734,51.6109,-177.418,14,6,10,0,2.6
30.917,1.1549,97.1738,14,6,10,1,4.2
8.0,52.4676,160.7263,13,6,10,1,5.6
2.64,36.8588333333333,-121.124666666667,13,6,10,0,2.68
9.4241,39.3159,-119.0558,12,6,10,0,2.76
60.224,5.5207,125.316,12,6,10,1,4.4
106.6,59.76,-152.976,12,6,10,0,2.6
10.0,51.6635,176.564,12,6,10,0,2.7
35.0,5.4672,124.7981,11,6,10,1,4.5
10.0,19.6586,-69.3965,11,6,10,0,3.9
10.0,21.5168,145.8944,11,6,10,1,4.9
50.777,0.1225,98.6363,11,6,10,1,4.8
35.0,5.4196,125.2919,11,6,10,1,4.8
35.0,49.0476,156.2308,10,6,10,1,4.3
342.0,43.582,135.8435,10,6,10,1,5.7
39.282,39.7647,142.4006,9,6,10,1,4.3
536.44,-7.0498,125.4156,9,6,10,1,4.5
58.457,5.6831,125.3682,9,6,10,1,5.1
6.0999,31.627,-104.371,8,6,10,0,2.8
119.165,-18.7145,-174.4562,8,6,10,1,4.2
39.18,19.7843333333333,-154.866166666667,8,6,10,1,4.71
13.591,5.3394,124.9545,8,6,10,1,4.4
10.0,43.8138,-127.4798,7,6,10,0,3.6
19.79,18.0736666666667,-65.3353333333333,7,6,10,0,2.95
10.0,37.8301,95.4002,7,6,10,1,4.3
93.216,5.6105,125.402,7,6,10,1,4.2
35.0,39.7263,143.2171,7,6,10,1,4.5
10.0,27.7162,-111.69,6,6,10,1,4.0
10.0,49.3293,158.5886,6,6,10,1,4.5
10.0,54.5561,-160.0688,5,6,10,0,2.6
568.407,-20.0125,-177.5306,4,6,10,1,4.7
10.0,51.1718,159.595,4,6,10,1,4.0
20.0,49.818,-178.707,3,6,10,0,2.6
7.8369,32.31,-101.037,3,6,10,0,2.6
67.747,10.5726,-85.7014,3,6,10,1,4.9
9.967,52.2878,-173.2379,2,6,10,0,3.5
85.753,5.6601,125.2663,1,6,10,1,5.0
27.1,51.338,-175.829,1,6,10,0,2.5
10.0,4.7203,124.991,1,6,10,1,4.3
109.9,59.947,-152.65,1,6,10,0,2.6
14.44,22.7622,-85.2058,1,6,10,1,4.4
12.305,34.4784,-106.8339,1,6,10,0,2.7
10.0,-49.6503,164.0868,0,6,10,2,6.0
35.0,43.5389,147.3424,0,6,10,1,4.6
35.0,5.0899,124.7926,0,6,10,1,4.4
98.569,52.2891,176.3427,23,6,9,0,2.5
71.041,4.5986,125.4031,23,6,9,1,4.5
166.633,-7.3896,128.7435,23,6,9,1,4.2
0.8,54.525,-160.405,23,6,9,0,2.5
43.1,61.363,-150.369,23,6,9,0,2.6
5.9,18.0326666666667,-68.2526666666667,23,6,9,0,3.27
50.71,19.5336666666667,-65.836,23,6,9,0,3.41
35.0,15.5441,-94.7834,23,6,9,1,4.1
65.808,5.3285,125.418,23,6,9,1,4.8
18.745,5.215,125.2883,22,6,9,1,4.3
69.208,4.814,125.4286,22,6,9,1,4.4
10.0,42.2081,81.4143,21,6,9,1,4.3
54.727,39.7459,142.0389,21,6,9,1,4.3
382.264,-31.8242,-179.883,21,6,9,1,4.6
48.491,-30.687,-71.4167,21,6,9,1,4.5
35.194,-32.808,-71.9088,21,6,9,1,4.2
13.6,51.293,179.806,20,6,9,0,2.6
67.0,17.9338333333333,-68.3255,20,6,9,0,3.19
10.0,52.4303,160.8508,19,6,9,1,5.1
10.0,-41.6085,85.0063,19,6,9,1,5.1
52.932,44.5924,149.4805,19,6,9,1,5.1
107.247,4.5805,125.2388,19,6,9,1,4.3
286.973,-7.7461,117.0132,19,6,9,1,4.3
68.9,59.497,-152.404,18,6,9,0,3.2
10.0,-5.9856,-75.1321,18,6,9,1,4.6
42.528,5.7669,125.2761,18,6,9,1,5.1
27.9,52.221,-170.451,18,6,9,0,2.8
205.18,-5.5888,147.1785,17,6,9,1,4.4
36.847,4.9264,127.6207,17,6,9,1,4.5
87.65,5.4049,125.2331,17,6,9,1,4.1
5.31,33.9993333333333,-117.215666666667,17,6,9,0,2.82
53.716,4.8762,125.2761,17,6,9,1,5.1
60.247,4.9817,125.3384,17,6,9,1,4.3
85.542,53.7795,-166.2993,17,6,9,0,3.2
78.518,5.5634,125.3482,16,6,9,1,5.1
67.717,18.5276,146.601,16,6,9,1,4.9
127.908,-21.9204,-68.695,16,6,9,1,4.0
10.0,50.6604,-174.0584,16,6,9,0,2.7
5.36,34.0001666666667,-117.216,16,6,9,0,3.18
10.731,34.7961,-106.7821,16,6,9,0,3.0
38.0,18.9115,-65.4585,16,6,9,0,3.68
164.08,11.1965,-85.5964,16,6,9,1,4.1
5.7025,31.685,-104.404,15,6,9,0,2.7
10.0,54.6157,-153.5629,14,6,9,0,2.5
512.387,27.9137,139.5902,14,6,9,1,4.1
7.781,51.7723,178.5336,13,6,9,0,2.8
10.607,51.7768,178.4421,13,6,9,0,3.3
102.262,5.6779,125.1325,13,6,9,1,4.5
113.406,5.8431,125.2377,13,6,9,1,4.6
14.613,5.044,125.066,13,6,9,1,4.6
51.538,5.0929,125.3294,12,6,9,1,4.7
33.89,19.0951666666667,-155.366333333333,12,6,9,0,2.58
43.568,5.6643,124.7389,12,6,9,1,4.6
24.0,18.9741,-65.1853,12,6,9,0,3.81
88.407,4.9195,125.492,12,6,9,1,4.2
73.236,5.4556,125.3386,11,6,9,1,4.2
70.939,5.294,125.3176,11,6,9,1,4.6
10.0,-1.3608,-14.8127,11,6,9,1,4.8
77.267,5.7082,124.9954,11,6,9,1,4.5
2.4,52.453,-171.7,10,6,9,0,2.7
6.665,32.136,-102.214,10,6,9,0,2.6
84.865,5.53,125.1737,10,6,9,1,4.4
49.305,40.2535,142.4525,10,6,9,1,4.3
10.0,51.8509,177.6489,10,6,9,0,2.8
65.737,5.6656,124.9535,10,6,9,1,4.5
35.0,5.6937,124.7105,10,6,9,1,5.3
192.996,-15.5112,167.9421,9,6,9,1,4.4
77.272,5.5707,125.7044,9,6,9,1,4.6
22.83,42.7282,-125.0103,9,6,9,0,2.5
45.27,8.6922,125.7657,9,6,9,1,5.1
24.152,-10.2706,118.5649,9,6,9,1,4.8
75.698,5.4479,125.2484,8,6,9,1,4.8
16.9,51.317,-176.311,8,6,9,0,2.5
45.4,61.373,-150.367,8,6,9,0,3.0
36.195,5.6011,125.5185,8,6,9,1,4.9
10.0,5.6711,125.4236,8,6,9,1,4.3
81.222,5.3723,125.7411,7,6,9,1,4.5
43.577,4.829,125.4486,7,6,9,1,4.6
10.0,-32.21,-13.2683,7,6,9,1,4.5
24.16,19.3568333333333,-155.868666666667,7,6,9,0,2.85
35.0,5.1445,124.8742,6,6,9,1,4.4
85.904,51.7951,176.9295,6,6,9,0,3.9
83.053,5.4391,125.2128,6,6,9,1,5.2
169.694,51.8776,179.3032,6,6,9,0,2.7
30.628,34.471,28.3701,5,6,9,1,4.3
80.732,5.5136,125.3192,5,6,9,1,4.3
35.0,51.2657,179.7826,5,6,9,0,3.1
65.871,49.4406,155.828,4,6,9,1,4.2
10.0,19.369,-109.0598,2,6,9,1,4.1
133.672,24.6389,95.3182,2,6,9,1,4.2
35.0,5.1395,124.932,2,6,9,1,4.4
90.542,5.7511,124.8892,2,6,9,1,4.1
63.0,19.4636,-68.859,2,6,9,0,3.7
2.05,38.8353333333333,-122.832333333333,2,6,9,0,2.72
10.0,-42.5739,83.8726,2,6,9,1,4.4
90.719,5.667,125.1921,1,6,9,1,4.2
191.624,-24.2597,-67.3158,1,6,9,1,4.1
60.755,5.5657,125.2409,1,6,9,1,4.6
25.06,18.5173333333333,-67.185,1,6,9,0,2.69
54.704,5.5397,124.9586,1,6,9,1,4.3
10.015,4.7919,125.3837,1,6,9,1,4.5
60.761,4.6692,125.2846,0,6,9,1,4.4
70.102,4.8837,125.6452,0,6,9,1,4.4
10.0,44.343,-115.6377,0,6,9,0,2.7
25.579,51.1922,179.0503,23,6,8,0,3.6
55.075,5.5438,125.4558,23,6,8,1,5.0
64.968,5.4105,125.215,23,6,8,1,4.3
9.985,52.0252,-170.3616,23,6,8,0,3.1
57.91,5.5905,125.2037,23,6,8,1,4.7
65.0,5.1421,125.5941,23,6,8,1,4.4
58.1,57.602,-153.268,23,6,8,0,2.7
10.0,-41.4465,27.0752,23,6,8,1,4.3
71.618,5.4335,125.2623,22,6,8,1,4.9
10.0,27.0699,129.9686,22,6,8,1,4.3
10.0,22.8063,-85.0275,22,6,8,0,3.8
65.0,5.328,125.1356,22,6,8,1,4.3
56.697,37.6755,141.8961,22,6,8,1,4.4
67.565,5.264,125.4197,22,6,8,1,4.4
73.5,5.0615,125.1812,22,6,8,1,4.5
35.0,50.0919,157.1303,22,6,8,1,4.1
60.073,54.7149,-161.4078,22,6,8,0,2.8
71.209,5.6029,124.7675,21,6,8,1,4.4
10.0,27.9376,56.8461,21,6,8,0,3.8
57.401,36.4444,75.637,21,6,8,1,4.3
10.0,28.0313,56.8733,21,6,8,1,4.9
10.0,40.1384,19.7815,20,6,8,1,4.2
10.113,52.2678,-173.1792,20,6,8,0,2.5
199.33,52.0265,-179.7801,20,6,8,0,2.9
10.0,4.7631,125.4177,20,6,8,1,4.4
54.0,19.611,-63.6246,19,6,8,0,3.84
10.0,38.7385,23.3899,19,6,8,1,4.2
35.0,5.0289,124.7555,19,6,8,1,4.8
35.0,5.1497,125.248,19,6,8,1,4.6
10.0,5.004,125.1867,19,6,8,1,4.4
10.0,22.7951,-84.9831,19,6,8,0,3.5
10.0,-55.7578,-4.3895,19,6,8,1,5.4
69.209,-21.206,169.9816,18,6,8,1,5.4
46.231,4.9172,125.4299,18,6,8,1,5.1
26.0,22.791,-85.0919,18,6,8,2,6.1
4.61,42.0243333333333,-126.622333333333,17,6,8,0,2.61
23.455,4.5518,125.3882,17,6,8,1,4.7
10.0,62.203,-148.132,17,6,8,0,3.7
6.2622,28.826,-99.008,17,6,8,0,2.6
124.8,63.054,-150.824,17,6,8,0,2.5
69.106,5.2178,125.3786,16,6,8,1,4.4
10.0,-35.2107,-103.4554,16,6,8,1,4.6
17.398,5.0413,125.2802,16,6,8,1,4.5
39.024,5.5818,125.0925,15,6,8,1,4.2
9.34,19.4755,-155.8885,15,6,8,0,2.85
37.112,5.0051,125.373,15,6,8,1,4.6
10.0,5.4839,124.4111,15,6,8,1,4.2
35.0,5.5805,126.1995,15,6,8,1,4.4
10.0,-33.3676,-178.7274,15,6,8,1,4.2
10.0,5.5968,124.7156,15,6,8,1,4.3
63.955,5.6978,124.892,15,6,8,1,4.3
5.0,60.3815,-139.4894,15,6,8,0,2.5
35.0,5.148,125.1342,15,6,8,1,4.3
68.991,5.6673,124.9052,15,6,8,1,4.2
9.971,5.5744,124.65,14,6,8,1,4.4
55.781,5.7228,124.8636,14,6,8,1,5.4
78.15,4.8219,125.3941,14,6,8,1,4.8
10.0,53.0605,-162.5958,14,6,8,0,2.8
81.48,4.7032,125.3476,14,6,8,1,4.5
147.043,-4.4478,144.4285,14,6,8,1,4.5
10.0,-55.7735,-4.344,14,6,8,1,5.9
3.3277,38.4529,-116.5085,14,6,8,0,2.51
73.751,4.9484,125.4618,14,6,8,1,4.2
16.9,53.298,-165.673,14,6,8,0,2.5
48.661,4.7943,125.5192,13,6,8,1,4.3
10.0,38.0943,144.4302,13,6,8,1,4.3
9.977,5.1243,125.0751,13,6,8,1,4.3
44.66,5.006,125.2001,13,6,8,1,5.2
64.182,4.6399,125.2926,13,6,8,1,4.5
6.055,-43.1545,170.9528,13,6,8,1,4.5
75.272,4.7517,125.4204,13,6,8,1,4.5
88.68,5.0546,125.3197,12,6,8,1,4.1
49.563,4.9679,125.5268,12,6,8,1,4.2
89.135,5.4055,125.2064,12,6,8,1,4.4
82.418,5.5892,125.1811,12,6,8,1,4.0
70.1,5.4913,125.331,11,6,8,1,4.3
35.0,5.2298,125.0507,11,6,8,1,4.5
35.0,5.0783,124.9891,11,6,8,1,4.6
4.6082,38.4302,-116.5174,11,6,8,0,2.53
78.616,4.7831,125.4023,11,6,8,1,4.4
83.056,5.3437,125.1905,11,6,8,1,4.2
10.0,1.989,-97.7781,11,6,8,1,4.3
75.161,5.686,125.2808,11,6,8,1,4.3
3.7,52.762,-166.798,11,6,8,0,2.5
10.0,4.1319,125.0599,11,6,8,1,4.4
88.29,5.5916,125.206,11,6,8,1,5.5
82.812,5.5803,125.2427,11,6,8,1,4.4
10.0,2.2755,-97.9087,11,6,8,1,4.3
10.0,-10.2949,110.5108,11,6,8,1,4.1
35.0,5.2232,124.9759,11,6,8,1,4.2
10.0,30.002,102.1097,10,6,8,1,4.4
62.36,5.5715,125.2495,10,6,8,1,4.4
62.3,58.98,-152.619,10,6,8,0,3.5
90.055,5.506,125.3019,10,6,8,1,4.4
10.0,49.8975,157.5044,10,6,8,1,4.4
71.465,5.2627,125.2196,10,6,8,1,4.6
26.392,4.8211,125.6902,9,6,8,1,4.6
35.0,4.8466,125.4602,9,6,8,1,5.2
35.0,4.8051,125.2686,9,6,8,1,5.6
12.324,5.0,125.4105,9,6,8,1,4.7
10.2,5.3269,124.6889,9,6,8,1,4.4
35.0,5.2481,125.1684,8,6,8,1,4.4
57.894,5.1636,125.1999,8,6,8,1,4.6
564.772,-7.4661,123.3562,8,6,8,1,4.1
35.0,5.394,125.0426,8,6,8,1,4.4
35.0,5.5029,125.2582,8,6,8,1,4.4
35.0,5.3859,125.1047,8,6,8,1,4.6
35.0,5.0142,125.0994,8,6,8,1,4.7
76.94,5.3895,125.0661,8,6,8,1,5.2
35.0,4.8761,125.0371,8,6,8,1,4.8
64.4,51.6782,177.8471,7,6,8,0,2.9
14.6,51.036,-179.168,7,6,8,0,2.5
35.0,4.9442,125.2017,7,6,8,1,4.6
10.0,52.3274,-173.2575,7,6,8,0,3.4
35.0,4.9283,125.2359,7,6,8,1,4.6
56.454,5.5078,125.0837,7,6,8,1,5.0
85.78,5.4285,125.2188,6,6,8,1,4.6
84.945,5.5383,124.9917,6,6,8,1,4.5
25.67,48.2866666666667,-122.6145,6,6,8,0,2.87
21.994,49.7167,157.3968,6,6,8,1,4.4
93.16,-0.8144,100.4437,6,6,8,1,4.9
35.0,5.201,125.5961,6,6,8,1,4.6
66.863,5.3313,125.661,6,6,8,1,4.5
35.0,4.9178,125.3393,6,6,8,1,4.3
55.963,4.8335,125.3414,6,6,8,1,5.3
26.701,-32.2538,-71.7902,6,6,8,1,4.2
91.009,50.1083,155.8111,6,6,8,1,4.2
35.0,5.3479,125.2727,6,6,8,1,4.6
35.0,5.3436,125.6154,6,6,8,1,4.7
35.0,5.0164,125.1297,5,6,8,1,5.0
35.0,5.2885,125.3597,5,6,8,1,4.5
44.033,5.3433,125.8838,5,6,8,1,4.7
35.577,5.0856,125.1512,5,6,8,1,4.6
35.0,5.1906,125.0723,5,6,8,1,4.3
79.643,5.3253,125.2873,5,6,8,1,5.1
55.864,5.2936,125.4095,5,6,8,1,5.5
66.537,5.2984,125.1103,5,6,8,1,4.5
35.0,5.3904,125.3037,4,6,8,1,4.4
35.0,4.8567,125.2241,4,6,8,1,4.8
12.686,4.8998,125.2449,4,6,8,1,5.2
35.0,4.9867,125.2095,4,6,8,1,5.6
35.0,4.807,125.3096,4,6,8,1,5.2
35.0,5.2028,125.1083,4,6,8,1,4.9
10.0,5.1169,124.9171,4,6,8,1,4.1
63.9,58.96,-152.479,4,6,8,0,3.8
12.19,5.4128,126.3381,4,6,8,1,4.3
52.116,4.7796,125.0333,4,6,8,1,4.5
7.323,5.2518,124.996,4,6,8,1,4.3
35.0,5.1843,125.1086,3,6,8,1,4.5
27.96,19.1455,-66.4695,3,6,8,0,3.09
61.469,5.5613,125.2423,3,6,8,1,4.4
75.743,5.2004,125.1968,3,6,8,1,4.4
40.83,19.0228333333333,-66.5245,3,6,8,0,2.98
35.0,5.0712,125.0016,3,6,8,1,4.5
40.504,5.2615,125.1864,3,6,8,1,4.9
17.9,5.4363,126.0869,3,6,8,1,4.6
23.257,5.2778,124.7864,3,6,8,1,4.4
73.402,51.9805,-174.2891,3,6,8,0,3.3
49.856,4.8517,125.3321,3,6,8,1,4.7
35.0,4.7208,125.3456,3,6,8,1,4.4
35.0,4.8142,125.2383,2,6,8,1,4.4
35.0,5.0521,125.3116,2,6,8,1,4.6
10.0,-38.6275,47.5011,2,6,8,1,4.5
35.0,4.9214,125.2406,2,6,8,1,4.5
60.0,5.0512,125.0296,2,6,8,1,4.6
70.007,5.6431,125.2231,2,6,8,1,4.4
34.397,51.2883,-177.6044,2,6,8,0,3.0
29.702,5.904,126.5613,2,6,8,1,4.5
10.0,38.7367,23.4415,2,6,8,1,4.3
75.536,5.6769,125.2054,2,6,8,1,4.8
35.0,5.1536,125.4979,2,6,8,1,4.4
31.6,61.516,-149.942,2,6,8,0,2.6
35.0,5.2658,124.9423,2,6,8,1,4.4
35.0,5.32,125.1289,2,6,8,1,4.3
35.0,5.2797,124.9842,2,6,8,1,4.3
65.505,5.6089,125.1962,1,6,8,1,4.4
56.299,5.2253,125.6014,1,6,8,1,4.6
35.0,5.5642,125.3121,1,6,8,1,4.6
35.0,5.2678,125.0497,1,6,8,1,4.4
35.0,5.4789,125.26,1,6,8,1,4.4
35.0,5.3624,125.1299,1,6,8,1,5.0
35.0,4.9321,125.3217,1,6,8,1,4.6
35.0,5.1114,125.3322,1,6,8,1,4.6
67.133,5.5493,125.4671,1,6,8,1,4.3
35.0,5.2318,125.7291,1,6,8,1,4.7
35.0,5.2597,125.4036,1,6,8,1,4.8
35.0,4.9055,125.2297,1,6,8,1,5.2
9.22,5.6225,125.4444,1,6,8,1,4.7
35.0,5.1741,125.0501,1,6,8,1,4.9
64.865,5.2831,125.7627,0,6,8,1,5.8
75.065,5.4747,125.2173,0,6,8,2,6.5
36.938,5.1977,125.152,0,6,8,1,5.0
67.342,4.8266,125.3746,0,6,8,1,4.4
58.454,5.5392,125.2658,0,6,8,1,4.9
10.0,5.6127,124.2824,0,6,8,1,4.5
62.982,5.6968,125.3128,0,6,8,1,4.8
10.0,63.524,-147.013,0,6,8,0,2.8
35.778,5.6073,125.4866,0,6,8,1,4.5
35.0,5.6938,124.5172,0,6,8,1,4.4
35.0,3.0983,127.0104,0,6,8,1,4.6
34.165,3.0825,126.9334,0,6,8,1,4.7
81.022,5.4887,125.067,0,6,8,1,4.4
65.306,5.3921,125.3256,0,6,8,1,5.0
10.0,-16.0801,-172.7481,0,6,8,1,4.3
75.797,5.3923,125.327,0,6,8,1,4.7
68.76,5.4879,125.181,0,6,8,1,5.2
35.0,5.4562,124.5986,0,6,8,1,4.8
35.0,5.1757,125.2898,0,6,8,1,4.5
69.857,5.644,125.4164,23,6,7,1,5.7
35.0,5.6563,125.2554,23,6,7,2,6.0
44.674,5.4579,125.2171,23,6,7,2,6.1
56.991,5.5994,125.056,23,6,7,2,7.8
205.234,-24.1155,-66.7987,23,6,7,1,4.0
559.239,-17.767,-178.6579,22,6,7,1,4.0
588.275,-20.7974,-178.6657,22,6,7,1,4.5
30.5,61.629,-150.506,22,6,7,0,3.8
5.86,36.4866666666667,-117.925666666667,21,6,7,0,2.69
281.427,-18.4117,-175.7295,21,6,7,1,4.2
3.5,66.854,-163.428,21,6,7,0,2.7
6.6,66.873,-163.417,21,6,7,0,2.8
10.0,29.8838,101.9526,21,6,7,1,4.6
35.0,51.2961,-178.4776,20,6,7,0,3.5
35.0,50.3088,157.1575,20,6,7,1,4.4
7.3486,32.108,-101.896,20,6,7,0,2.6
0.0,43.5082,-105.2133,20,6,7,0,3.6
10.0,-41.0987,-90.236,19,6,7,1,4.3
35.0,54.5048,-159.6693,19,6,7,0,3.0
134.465,13.7419,145.143,19,6,7,1,4.1
25.424,-25.9345,-71.1511,19,6,7,1,4.3
35.0,50.0984,157.2971,19,6,7,1,4.3
20.6,18.5455,-65.0991666666667,19,6,7,0,2.87
10.0,2.0406,-84.6937,18,6,7,1,4.7
10.0,-29.3006,-112.2703,18,6,7,1,5.8
35.0,49.9817,157.3636,17,6,7,1,4.6
505.166,-25.1438,179.8125,17,6,7,1,4.5
10.0,50.1126,158.4353,17,6,7,1,4.5
34.0,27.556,89.7511,17,6,7,1,5.6
13.7,50.775,-175.195,17,6,7,0,2.5
21.539,23.9142,121.8018,17,6,7,0,3.9
10.0,38.7819,23.445,15,6,7,1,4.1
95.856,-14.7224,167.1092,15,6,7,1,4.1
10.0,-14.6593,-76.1628,15,6,7,1,4.2
13.03,37.8313333333333,-122.0595,15,6,7,0,3.6
78.619,14.2804,-92.2007,15,6,7,1,4.0
17.0,49.9054,157.5581,14,6,7,1,5.4
65.147,53.718,-165.7422,14,6,7,0,2.9
10.0,30.5704,-105.8325,14,6,7,0,3.3
34.8,51.448,178.585,14,6,7,0,2.6
171.878,-24.2099,-67.0977,13,6,7,1,4.6
10.0,30.668,141.9873,13,6,7,1,4.6
10.0,-5.1267,101.5175,13,6,7,1,4.7
6.2,64.673,-152.48,13,6,7,0,2.7
580.145,-20.8347,-178.6996,13,6,7,1,4.3
26.48,2.6277,96.1475,13,6,7,1,4.6
23.0,19.0761,-64.695,13,6,7,0,3.81
33.77,19.0533333333333,-155.382666666667,11,6,7,0,3.1
35.0,49.8973,157.3373,10,6,7,1,4.7
35.0,50.0185,157.4179,10,6,7,1,4.9
32.89,19.0685,-155.376833333333,10,6,7,1,4.11
18.0,49.9805,157.2497,10,6,7,2,6.0
14.807,38.7616,23.4415,10,6,7,1,5.2
10.0,38.6547,23.3908,10,6,7,1,4.7
10.0,38.7634,23.4484,9,6,7,1,4.9
35.0,52.112,-170.2842,9,6,7,0,3.1
122.0,18.6306,-68.9695,7,6,7,0,3.87
35.0,52.0808,-170.5636,7,6,7,0,3.2
10.0,-36.2508,-97.5551,6,6,7,1,4.2
10.0,62.207,-148.137,6,6,7,0,3.0
62.555,-16.5288,-173.6102,6,6,7,1,4.5
10.0,40.359,-126.2934,5,6,7,0,2.6
154.694,-10.6049,165.9579,5,6,7,1,4.2
10.0,4.7467,96.9718,5,6,7,1,4.3
1.62,32.3638333333333,-115.447,5,6,7,0,2.5
115.244,23.9117,94.7307,5,6,7,1,4.3
13.2,61.37,-146.103,5,6,7,0,2.5
61.457,-6.4491,148.7915,5,6,7,1,4.2
-0.37,52.8016666666667,-169.868833333333,4,6,7,0,2.54
509.081,-24.3638,-179.8294,3,6,7,1,5.4
40.261,-6.342,148.8152,3,6,7,1,4.1
157.772,-7.4072,128.4544,2,6,7,1,5.1
56.914,-8.1288,107.7266,2,6,7,1,4.4
11.482,52.3784,-169.789,2,6,7,0,2.7
10.0,12.7805,-90.2585,2,6,7,1,4.4
228.419,-36.2634,177.6864,2,6,7,1,4.0
23.52,18.5368333333333,-67.278,2,6,7,0,2.74
82.134,48.5014,154.0843,1,6,7,1,4.1
2.5,56.021,-159.891,1,6,7,0,2.8
78.438,50.0732,156.4193,0,6,7,1,4.1
87.336,47.3328,152.537,0,6,7,1,4.1
6.61,32.5464,-104.4584,22,6,6,0,3.1
9.692,-8.6429,126.5283,22,6,6,1,5.0
20.0,54.81,-156.766,22,6,6,0,3.1
5.0,45.664,-112.259,22,6,6,0,2.9
-1.84,40.6808333333333,-121.436,22,6,6,0,2.95
220.792,36.8306,71.0849,21,6,6,1,4.1
67.22,-27.5408,-177.3483,20,6,6,1,4.2
58.6,39.5946,142.0176,20,6,6,1,4.1
10.0,39.1924,143.5653,20,6,6,1,4.4
10.08,18.7571666666667,-64.476,19,6,6,0,2.8
24.53,34.4885,-119.036166666667,19,6,6,0,3.43
78.679,-6.0064,148.7515,19,6,6,1,4.4
35.0,-0.1554,125.1911,18,6,6,1,5.2
48.46,40.2822,142.3192,18,6,6,1,4.7
177.619,-21.6222,-176.2483,17,6,6,1,4.3
35.0,51.6834,-174.9503,17,6,6,0,2.6
66.436,29.6779,141.2591,16,6,6,1,4.0
65.635,-12.2038,-77.4061,16,6,6,1,4.5
9.7,50.648,-173.538,16,6,6,0,2.7
103.66,18.5075,-66.1016666666667,14,6,6,0,3.13
50.724,51.2307,-179.935,14,6,6,1,4.2
132.203,-14.9418,-71.9175,14,6,6,1,4.1
10.0,40.355,-125.027833333333,14,6,6,0,2.75
35.0,53.7955,-164.1925,14,6,6,0,2.6
10.0,-17.5552,-172.2226,14,6,6,1,5.1
59.413,1.6196,126.1927,13,6,6,1,4.4
49.199,11.6108,141.2661,13,6,6,1,4.6
101.818,4.79,126.0772,12,6,6,1,4.2
35.0,53.4951,-164.6799,11,6,6,0,2.7
69.678,33.2708,140.7903,11,6,6,1,4.6
222.988,18.8717,145.5192,9,6,6,1,4.4
10.0,10.2772,121.4786,9,6,6,1,4.9
566.15,3.8937,122.7709,8,6,6,1,4.1
80.92,-10.3426,161.5317,8,6,6,1,4.6
10.0,-7.8442,117.7048,8,6,6,1,4.1
7.71,18.215,-66.713,8,6,6,0,2.62
93.2,63.228,-149.768,7,6,6,0,3.4
172.759,-24.3565,-67.3377,7,6,6,1,4.2
35.0,51.3367,-176.5665,6,6,6,0,3.2
92.9,18.4753333333333,-66.3736666666667,5,6,6,0,2.94
9.219,-15.3539,-177.5065,5,6,6,1,4.7
183.074,-19.076,-175.4531,5,6,6,1,4.6
9.386,39.2559,-107.1704,4,6,6,0,2.8
18.0,62.288,-148.825,4,6,6,0,2.6
110.262,-4.1929,142.1555,4,6,6,1,4.6
10.0,-15.7798,-75.6128,4,6,6,1,4.2
-2.55,41.5521666666667,-109.8915,4,6,6,0,3.11
10.0,43.4334,-127.0063,3,6,6,0,2.9
7.8369,32.762,-100.666,3,6,6,0,2.7
6.1035,32.767,-100.673,2,6,6,0,2.8
39.0,19.2616,-65.077,2,6,6,0,3.5
10.0,-21.8474,169.5486,2,6,6,1,4.2
120.551,30.4644,140.6423,2,6,6,1,4.5
10.0,51.3555,159.6964,2,6,6,1,4.4
14.9,61.38,-146.692,2,6,6,0,2.7
20.17,18.7325,-65.0213333333333,0,6,6,0,3.05
10.0,-8.1576,158.9844,0,6,6,1,4.5
90.648,5.4504,125.8681,23,6,5,1,4.3
37.62,41.1841666666667,-123.350333333333,23,6,5,0,2.52
6.0999,31.661,-104.395,22,6,5,0,3.8
10.0,31.5202,141.7041,22,6,5,1,4.7
10.0,-29.3309,-176.8477,22,6,5,1,5.0
70.777,-7.7967,128.6254,22,6,5,1,4.3
563.119,-17.7843,178.5344,22,6,5,1,4.5
76.326,50.4602,156.5512,22,6,5,1,4.7
9.133,51.8668,-176.5786,21,6,5,0,2.5
18.99,40.3353333333333,-124.477833333333,21,6,5,0,2.64
10.0,16.3757,119.289,21,6,5,1,4.5
10.0,-61.7319,161.3731,20,6,5,1,5.6
22.836,16.7194,-98.4501,20,6,5,1,5.2
13.324,-46.0932,165.6607,20,6,5,1,4.0
110.1,62.963,-150.794,20,6,5,0,2.7
5.9326,31.766,-101.933,19,6,5,0,2.5
126.695,-14.9079,167.2713,19,6,5,1,4.5
35.0,54.4468,-159.8331,19,6,5,0,3.1
10.0,-8.0956,158.4904,18,6,5,1,4.8
7.0156,28.812,-99.003,18,6,5,0,2.5
41.0,57.407,-152.248,17,6,5,0,2.7
12.3,51.848,-176.578,17,6,5,0,2.5
10.0,-0.9724,145.8699,16,6,5,1,4.3
10.0,32.405,76.5913,16,6,5,1,4.9
35.0,-55.9785,-26.1887,16,6,5,1,4.5
85.9,61.598,-151.598,15,6,5,0,2.7
0.0,47.5707,-92.3814,15,6,5,0,2.5
170.17,-7.6703,127.219,15,6,5,1,5.3
0.0,44.185,-105.3846,15,6,5,0,2.8
5.0,54.845,-156.209,15,6,5,0,3.7
10.0,28.9488,51.8809,15,6,5,1,4.8
1.4,69.61,-145.115,15,6,5,0,2.6
113.709,5.3905,125.9273,14,6,5,1,4.5
64.37,-6.3315,105.1514,14,6,5,1,4.4
10.0,38.698,71.9411,14,6,5,1,4.4
10.0,13.1472,123.7745,13,6,5,1,5.2
86.674,47.6687,153.7564,13,6,5,1,4.4
75.152,50.7401,157.0543,13,6,5,1,4.1
10.0,-54.5475,-135.4273,13,6,5,1,5.3
67.5,13.2157,-89.1846,12,6,5,1,4.9
427.027,18.3355,145.2214,12,6,5,1,4.1
33.575,54.4147,-159.9004,11,6,5,0,3.1
3.61,39.2073333333333,-123.683166666667,11,6,5,0,2.71
59.499,51.8807,-173.7749,11,6,5,0,3.3
35.0,15.3682,-94.7554,11,6,5,1,4.3
8.5249,39.2742,-119.0984,11,6,5,0,2.68
6.4,55.979,-159.773,10,6,5,0,2.5
35.0,52.2378,159.7399,9,6,5,1,5.0
10.0,30.6195,141.6804,8,6,5,1,4.1
10.0,-30.679,-176.7306,8,6,5,1,4.2
608.633,-18.6542,-177.6672,7,6,5,1,4.3
131.218,-31.8441,-66.9632,6,6,5,1,5.0
84.255,44.7578,148.3041,6,6,5,1,4.0
38.531,-5.2729,153.4344,6,6,5,1,4.7
103.6,59.27,-153.451,4,6,5,0,2.5
10.0,16.366,119.3463,4,6,5,1,4.4
10.0,19.6677,-63.5213,4,6,5,0,3.5
10.0,34.9048,142.9001,3,6,5,1,4.3
123.582,54.4044,-164.9478,3,6,5,0,2.6
10.0,37.3884,144.6933,2,6,5,1,4.2
28.3,61.971,-147.456,2,6,5,0,3.2
48.367,51.9959,-172.5626,2,6,5,0,3.2
10.0,53.009,-161.5501,2,6,5,0,2.8
20.44,18.9366666666667,-64.7093333333333,2,6,5,0,3.11
10.0,60.7497,-137.5845,0,6,5,0,3.2
40.229,24.0164,122.4602,0,6,5,1,4.2
10.0,9.6411,-70.0077,23,6,4,1,4.8
133.685,-0.1157,122.9863,23,6,4,1,5.2
121.362,-7.2841,129.4831,22,6,4,1,4.4
97.17,-20.6457,-68.8845,21,6,4,1,4.1
10.0,51.9315,176.3036,21,6,4,0,3.7
10.0,26.4006,142.8227,20,6,4,1,4.4
7.0,36.1764,-115.4319,20,6,4,0,3.75
1.2,63.454,-151.236,20,6,4,0,2.5
76.3,51.523,179.837,19,6,4,0,2.6
10.0,41.9226,-126.1704,19,6,4,0,2.5
6.0999,31.674,-104.368,19,6,4,0,2.8
142.01,5.8671,125.9866,19,6,4,1,4.3
7.6379,31.664,-104.377,19,6,4,0,3.2
5.9973,31.675,-104.377,19,6,4,0,3.3
5.9973,31.671,-104.38,19,6,4,0,2.7
7.26,35.2988333333333,-117.8045,19,6,4,0,3.18
10.0,-25.8214,-175.8628,18,6,4,1,4.4
373.235,-25.8422,-178.9113,18,6,4,1,4.3
10.27,40.372,-124.9235,17,6,4,0,2.57
31.03,51.0913,-176.1702,17,6,4,1,4.5
10.0,39.8673,143.6821,17,6,4,1,4.6
10.0,39.9163,143.5768,17,6,4,1,4.6
5.7,61.507,-146.352,17,6,4,0,2.9
92.181,0.0831,123.9724,17,6,4,1,4.9
10.0,51.1684,159.7619,17,6,4,1,4.2
10.0,51.3853,159.6446,17,6,4,1,4.9
10.0,44.5079,80.5595,16,6,4,1,4.9
22.0,61.975,-149.622,16,6,4,0,2.6
10.0,52.1943,-171.5502,15,6,4,0,2.8
118.092,22.4251,94.7024,15,6,4,1,4.3
12.66,52.2587,-171.716,15,6,4,0,3.4
588.98,-20.8626,-178.529,15,6,4,1,4.1
4.5,60.038,-139.29,15,6,4,0,2.6
8.62,37.5321666666667,-121.9075,14,6,4,0,2.65
8.4473,31.291,-96.206,14,6,4,0,3.1
530.783,-20.3676,-178.0457,14,6,4,1,4.2
140.063,43.972,145.6789,13,6,4,1,4.1
8.6182,31.277,-96.181,11,6,4,0,3.4
10.0,40.3803333333333,-125.029166666667,11,6,4,0,2.54
10.0,49.6289,-28.4055,11,6,4,1,4.8
14.17,19.6886666666667,-64.5908333333333,10,6,4,0,3.44
10.0,19.7452,-63.3893,10,6,4,0,3.1
13.2,50.787,-178.741,10,6,4,0,2.5
14.1,60.427,-143.21,10,6,4,0,2.5
79.479,0.9712,126.8544,9,6,4,1,4.5
62.969,-8.2022,-79.5062,9,6,4,1,4.9
10.0,51.4483,159.6606,8,6,4,1,4.4
96.756,-10.7011,161.7087,8,6,4,1,4.1
5.0,61.0331,-140.1506,8,6,4,0,2.5
10.0,16.3887,119.3621,7,6,4,1,4.1
10.0,16.2127,119.1684,6,6,4,1,4.2
10.0,16.3934,119.4022,6,6,4,1,4.1
67.475,51.5999,178.8819,6,6,4,0,2.9
10.0,51.0666,159.4694,6,6,4,1,4.3
10.0,16.3459,119.452,6,6,4,1,4.4
241.443,1.9364,128.2853,5,6,4,1,4.3
62.84,51.414,-179.9992,4,6,4,0,2.8
44.874,-0.8129,133.2863,4,6,4,1,4.4
56.556,51.6841,159.5182,4,6,4,1,4.1
10.0,-43.9669,97.1076,3,6,4,1,4.8
35.0,51.6646,-174.909,3,6,4,0,2.6
32.981,2.4266,95.8074,2,6,4,1,4.3
10.0,40.358,-125.003333333333,2,6,4,1,4.48
29.107,51.5339,159.7292,2,6,4,1,4.5
168.621,-6.1061,129.8944,2,6,4,1,4.3
20.41,18.864,-65.0216666666667,2,6,4,0,3.03
10.0,8.3919,-83.7153,1,6,4,1,4.7
62.134,46.6691,152.5714,1,6,4,1,4.6
30.0,52.027,-167.13,1,6,4,0,2.6
494.906,-25.7261,179.6326,0,6,4,1,4.1
31.2,57.28,-153.706,0,6,4,0,2.8
591.431,-22.2631,-179.6646,23,6,3,1,4.6
10.0,35.8435,5.9446,23,6,3,1,4.7
10.0,-11.0382,160.9701,23,6,3,1,4.4
25.473,-33.8423,-72.1372,22,6,3,1,4.1
10.0,54.6828,162.2637,22,6,3,1,4.1
10.0,-20.318,-173.8442,22,6,3,1,4.9
40.4,19.2826666666667,-64.5571666666667,21,6,3,0,3.4
41.11,40.1595,-122.273333333333,21,6,3,0,2.7
85.1,63.625,-147.488,21,6,3,0,2.7
7.05,36.7623333333333,-121.487333333333,20,6,3,0,2.96
20.206,50.9733,-176.429,20,6,3,0,3.2
10.0,51.2833,159.7059,20,6,3,1,4.5
10.0,51.4865,159.7309,20,6,3,1,4.4
10.0,83.7778,-3.0575,19,6,3,1,4.4
10.0,83.8521,-2.3586,19,6,3,1,4.8
10.0,83.8072,-2.0403,19,6,3,1,4.3
88.944,51.9866,157.9147,19,6,3,1,4.4
48.561,51.5616,159.3099,19,6,3,1,4.4
148.86,-8.5182,119.2235,19,6,3,1,4.1
169.915,29.7335,129.4273,19,6,3,1,4.7
37.0,59.394,-151.163,18,6,3,0,3.4
24.075,51.4916,159.6671,18,6,3,1,4.6
393.182,-22.0348,-178.2934,18,6,3,1,4.4
30.034,51.4165,159.4246,17,6,3,1,4.2
38.896,51.1248,158.5407,17,6,3,1,4.2
35.0,51.4435,159.5808,17,6,3,1,4.4
9.441,51.3886,159.7244,17,6,3,1,5.2
146.611,-8.2311,-74.3212,17,6,3,1,5.2
160.296,-7.6446,128.3531,17,6,3,1,4.1
175.474,-8.011,120.1526,16,6,3,1,4.9
3.559,51.6937,176.5232,16,6,3,0,3.4
10.0,51.4238,159.7251,16,6,3,1,4.3
10.0,51.487,159.6167,16,6,3,1,4.4
10.0,40.3545,-125.007,15,6,3,0,3.96
7.66,35.3068333333333,-117.805,15,6,3,0,2.79
0.0,44.0912,-105.4072,15,6,3,0,3.1
10.0,40.3596666666667,-125.005666666667,15,6,3,0,2.93
135.007,-21.5539,-68.4641,14,6,3,1,4.1
8.2845,41.1526,-116.7173,14,6,3,0,2.83
10.0,51.4152,159.833,13,6,3,1,4.3
5.0,60.6677,-140.2656,13,6,3,0,3.0
10.0,40.3643333333333,-125.035666666667,13,6,3,1,4.45
10.0,40.3646666666667,-125.017833333333,12,6,3,1,5.1
17.109,29.293,142.0806,12,6,3,1,4.6
10.0,-36.3,-97.2452,12,6,3,1,4.5
67.041,55.0921,-161.0849,11,6,3,0,2.9
42.994,36.1981,21.9649,11,6,3,1,4.3
6.3562,31.638,-104.265,11,6,3,0,2.5
10.0,41.9394,-126.0698,10,6,3,1,5.7
10.0,51.4739,159.703,10,6,3,1,4.4
10.0,-20.4715,173.0803,10,6,3,1,5.6
10.0,51.371,159.6572,10,6,3,1,4.2
10.0,37.5913,37.219,10,6,3,1,4.2
41.32,19.7566666666667,-156.166,9,6,3,0,2.82
19.8,53.957,-164.148,9,6,3,0,2.5
96.422,52.9294,159.0407,9,6,3,1,4.3
88.954,51.1474,157.0126,9,6,3,1,4.5
517.565,-24.9797,179.8125,8,6,3,1,4.1
32.484,51.6339,159.4551,8,6,3,1,4.7
9.493,41.1789,-116.7104,8,6,3,0,2.89
35.44,18.7571666666667,-64.5281666666667,7,6,3,0,2.79
10.0,38.8332,72.1647,6,6,3,1,5.1
6.0,39.2798,-119.1135,6,6,3,0,3.35
4.02,19.5696666666667,-156.454333333333,5,6,3,0,2.72
13.69,33.7856666666667,-116.944166666667,4,6,3,0,2.54
34.01,19.5881666666667,-156.016333333333,3,6,3,1,4.57
285.506,38.9088,14.6152,3,6,3,1,4.1
8.07,36.2185,-97.2825,2,6,3,0,2.72
17.8,51.376,-174.657,2,6,3,0,2.6
50.6,51.207,-179.428,1,6,3,0,2.6
35.0,51.4835,-176.6577,1,6,3,0,3.2
44.3,57.505,-154.637,1,6,3,0,2.6
10.0,32.6541,15.1087,1,6,3,1,4.3
229.392,36.8743,70.3234,0,6,3,1,4.2
10.0,-25.1355,-129.4561,0,6,3,1,4.9
10.0,7.5249,-80.677,0,6,3,1,4.8
10.0,19.5008,-69.8893,0,6,3,0,3.7
60.8,18.6721666666667,-66.8918333333333,0,6,3,0,2.54
8.9154,39.3053,-119.0807,0,6,3,0,2.76
32.917,53.8175,-164.3699,22,6,2,0,3.4
3.0,64.015,-153.998,22,6,2,0,3.7
39.951,31.1063,131.4442,20,6,2,1,4.8
549.613,-23.4636,-179.7149,20,6,2,1,4.2
10.0,-17.3876,168.0209,20,6,2,1,4.7
0.0,45.8421,-106.8599,19,6,2,0,3.0
35.0,53.5511,-164.612,18,6,2,0,3.4
10.999,50.9251,-179.7409,18,6,2,0,2.6
90.4,59.593,-152.74,17,6,2,0,3.1
35.0,54.3096,-159.812,17,6,2,0,3.5
5.49,38.7863333333333,-122.937,16,6,2,0,3.63
241.934,-32.8116,179.6328,16,6,2,1,4.3
10.0,11.3835,140.7571,14,6,2,1,4.3
146.335,-5.2268,153.8243,14,6,2,1,4.0
615.52,-17.9656,-178.4437,13,6,2,1,4.6
28.31,51.4455,-177.5134,13,6,2,0,3.1
35.0,0.9937,126.8292,12,6,2,1,4.3
10.0,30.6053,141.8206,10,6,2,1,4.5
12.257,-31.8087,-72.0085,9,6,2,1,4.2
174.948,-21.4873,-176.2684,9,6,2,1,4.6
349.348,-31.4682,-179.7187,9,6,2,1,4.0
10.0,-19.8679,133.9557,8,6,2,1,4.5
43.746,39.8501,143.1876,8,6,2,1,4.3
68.451,-41.0617,174.4921,6,6,2,1,4.5
21.356,47.5012,-70.2607,6,6,2,0,2.5
10.0,62.479,-150.152,6,6,2,0,2.6
71.4,-29.3561,-70.906,6,6,2,1,4.5
122.3,59.894,-152.866,5,6,2,0,3.7
3.1,57.901,-154.023,5,6,2,0,2.5
10.0,-12.3505,-14.6586,5,6,2,1,4.4
165.209,-6.5211,130.2206,4,6,2,1,4.2
142.0,17.9941,-63.8551,4,6,2,1,4.14
10.0,30.1274,-42.0095,4,6,2,1,4.6
212.654,36.6001,70.409,4,6,2,1,4.8
92.799,49.3701,154.7439,3,6,2,1,4.1
20.427,11.7714,141.9617,2,6,2,1,4.4
10.0,13.8636,92.8447,2,6,2,1,4.5
3.2,64.067,-148.789,1,6,2,0,2.6
544.547,-20.031,-177.724,0,6,2,1,4.9
10.0,16.4477,119.3295,0,6,2,1,4.4
10.0,16.3797,119.1922,0,6,2,1,4.6
10.0,16.4147,119.2063,0,6,2,1,4.5
114.582,-11.0972,-75.5269,23,6,1,1,4.2
53.988,51.8218,-173.639,23,6,1,0,3.6
7.9,35.3111666666667,-117.812166666667,23,6,1,0,2.66
10.0,52.3497,-169.8038,23,6,1,0,2.6
27.275,-2.0683,138.8508,23,6,1,1,5.4
7.24,35.3051666666667,-117.804833333333,22,6,1,0,2.79
10.0,50.6933,-174.1728,22,6,1,0,2.9
67.524,0.4901,126.6704,22,6,1,1,4.1
7.64,35.299,-117.809833333333,22,6,1,1,4.05890859090661
33.9,61.513,-146.741,22,6,1,0,2.6
46.73,18.0618333333333,-64.2443333333333,22,6,1,0,3.05
243.0,39.2548,15.7869,22,6,1,2,6.2
10.0,-55.2206,-26.2009,22,6,1,1,4.5
185.953,-7.0065,128.8875,22,6,1,1,4.2
6.111,32.5901,-104.6304,21,6,1,0,2.5
10.0,-56.0163,-123.0429,21,6,1,1,4.7
16.9,53.371,-167.29,21,6,1,0,2.7
291.784,-5.3219,147.0598,21,6,1,1,4.2
10.0,40.48,-127.4015,21,6,1,0,2.9
0.0,40.6248,-109.4919,20,6,1,0,3.1
10.0,15.851,-87.7141,20,6,1,1,4.1
10.0,-19.6883,169.8669,19,6,1,1,4.2
80.3,62.225,-151.103,19,6,1,0,2.9
10.0,52.2862,-168.272,18,6,1,0,2.9
10.0,-23.8906,69.4931,18,6,1,1,4.3
37.05,52.3872,-168.6206,16,6,1,1,4.4
112.006,-4.4936,153.251,16,6,1,1,4.0
493.968,-26.1557,179.7659,16,6,1,1,4.1
35.0,12.304,-88.2659,15,6,1,1,4.6
53.215,37.0734,140.5166,15,6,1,1,4.3
35.0,51.27,-178.1236,15,6,1,0,2.8
50.6,57.675,-153.28,14,6,1,0,2.7
10.0,64.572,-17.7203,14,6,1,1,4.1
10.934,64.1625,-21.2606,13,6,1,1,4.2
27.72,17.4195,-67.7636666666667,13,6,1,0,3.43
12.7,51.237,179.963,13,6,1,0,2.5
42.205,39.362,142.6717,13,6,1,1,4.3
5.0,60.4805,-140.0838,13,6,1,0,2.6
5.0,60.4532,-139.9746,12,6,1,0,3.2
9.26,53.599,-166.9745,12,6,1,0,2.6
10.0,-13.9286,170.2472,12,6,1,1,4.5
10.0,32.8833,46.42,11,6,1,1,4.2
9.0332,32.195,-100.973,11,6,1,0,2.6
66.238,6.9146,126.2534,10,6,1,1,4.6
10.0,12.0643,123.7078,10,6,1,1,4.5
10.0,-57.8532,157.7628,10,6,1,1,4.8
32.8,53.377,-160.23,10,6,1,0,3.0
10.0,52.0347,-172.7001,9,6,1,0,2.8
15.197,53.7849,-166.5143,9,6,1,0,2.9
196.184,-28.286,-178.5415,9,6,1,1,4.1
61.317,13.4313,-90.1023,8,6,1,1,4.1
14.09,37.4811666666667,-118.841,8,6,1,0,3.42
116.659,-57.892,-25.758,6,6,1,1,4.5
10.0,-14.964,-176.5799,6,6,1,1,4.8
4.17,40.4835,-120.553166666667,5,6,1,0,2.57
43.3,51.402,178.807,5,6,1,0,2.5
21.1,53.348,-165.999,5,6,1,0,2.5
564.358,-18.0436,-178.2482,5,6,1,1,4.4
7.98,17.9671666666667,-66.9768333333333,4,6,1,0,3.03
10.115,6.7345,123.7281,4,6,1,1,4.3
10.0,30.6614,141.7303,3,6,1,1,4.4
10.0,-35.3053,-104.543,3,6,1,1,5.3
11.0,30.6616,141.7398,3,6,1,1,5.7
10.0,32.8845,142.4573,2,6,1,1,4.3
10.0,33.0469,142.5461,2,6,1,1,4.4
195.366,55.8967,-161.3862,2,6,1,0,2.8
5.0,61.1184,-140.1124,1,6,1,0,2.6
68.592,1.7257,126.5898,0,6,1,1,4.2
34.17,18.9093333333333,-64.8318333333333,0,6,1,0,3.39
151.3,59.776,-153.811,0,6,1,0,2.6
10.0,-57.8022,157.7065,0,6,1,1,4.9
9.83,18.502,-67.4915,23,5,31,0,3.43
80.457,-57.9571,-25.611,23,5,31,1,4.5
6.806,32.5629,-104.4756,22,5,31,0,2.6
114.49,-31.2313,-68.4022,22,5,31,1,4.3
10.0,-32.7445,-71.7918,22,5,31,1,4.3
10.0,-15.4616,-177.1624,22,5,31,1,4.7
23.714,-32.7929,-71.8157,21,5,31,1,4.8
10.0,51.1231,-173.072,21,5,31,0,2.9
10.0,-32.6921,-71.9328,21,5,31,1,4.9
565.676,-19.7546,-177.6505,21,5,31,1,4.6
10.0,15.0426,54.7274,21,5,31,1,4.3
10.0,14.9424,54.7895,21,5,31,1,4.5
25.0,-32.8292,-71.8897,21,5,31,2,6.0
23.096,-2.273,140.2665,21,5,31,1,4.2
10.0,37.4171,138.1822,20,5,31,1,4.4
194.527,-5.5039,147.0196,20,5,31,1,4.2
3.2,52.217,-168.372,20,5,31,0,2.7
2.65,38.82,-122.855333333333,20,5,31,0,2.53
0.0,43.617,-105.2865,20,5,31,0,3.9
10.896,51.0666,-179.5537,19,5,31,0,2.6
10.0,26.4771,143.7997,19,5,31,1,4.7
10.0,53.2656,170.2158,19,5,31,0,3.9
107.579,-30.677,-178.8597,19,5,31,1,5.0
35.0,51.089,179.2425,18,5,31,0,3.1
10.0,1.5529,32.4735,18,5,31,1,4.4
10.0,17.3168,-84.3177,18,5,31,1,4.3
196.6,-21.7943,-67.52,17,5,31,1,4.3
35.0,51.5343,-175.3727,17,5,31,0,3.2
49.807,11.1919,-86.5763,17,5,31,1,4.7
10.0,10.3064,-103.819,16,5,31,1,4.4
10.0,35.3802,26.6079,16,5,31,1,4.0
9.0,19.3275,-66.1578,16,5,31,0,3.57
10.0,54.5772,-160.0304,15,5,31,0,3.0
10.0,12.152,-88.2816,15,5,31,1,4.5
10.0,7.5739,91.812,15,5,31,1,4.5
10.0,12.076,-88.2636,15,5,31,1,4.1
10.0,19.4222,-68.6592,14,5,31,0,2.7
522.221,27.479,139.7655,14,5,31,1,4.5
10.0,19.5063,-63.4063,13,5,31,1,4.2
106.542,52.6853,-171.2726,12,5,31,0,3.5
222.777,-21.3491,-66.6244,12,5,31,1,4.5
43.21,40.3629,142.3186,12,5,31,1,4.3
10.0,16.3982,119.274,12,5,31,1,4.1
77.4,62.068,-151.286,12,5,31,0,2.5
10.0,14.8902,54.8206,11,5,31,1,4.5
584.174,-18.5974,-177.6425,11,5,31,1,4.0
53.969,40.2167,142.1925,10,5,31,1,4.2
10.0,11.9661,-88.3609,10,5,31,1,4.6
410.328,-15.7309,-177.3762,10,5,31,1,4.0
27.63,40.31,-124.4245,9,5,31,0,2.5
184.968,-8.1141,119.5975,9,5,31,1,4.1
10.0,16.43,119.3145,9,5,31,1,4.2
76.695,51.5279,178.7947,8,5,31,0,3.3
10.0,14.7143,54.6653,8,5,31,1,4.2
24.0,52.415,-169.086,8,5,31,0,2.6
8.806,6.2909,126.8256,8,5,31,1,4.2
108.933,-31.6786,-69.3877,7,5,31,1,4.3
28.1,51.3314,-179.4026,7,5,31,0,3.0
10.0,54.5411,-160.0195,7,5,31,0,2.8
33.772,-57.9318,-25.3525,7,5,31,1,4.2
8.38,36.6038333333333,-121.132666666667,6,5,31,0,2.55
16.1,53.368,-165.693,6,5,31,0,2.6
35.0,54.4177,-159.9761,6,5,31,0,2.9
56.726,8.9178,126.5066,5,5,31,1,4.5
180.733,-30.9802,-65.674,5,5,31,1,4.5
19.3,53.411,-164.033,5,5,31,0,2.5
29.5,52.752,-167.507,5,5,31,0,2.6
169.054,-4.5294,152.0986,5,5,31,1,4.1
163.3,59.84,-153.772,4,5,31,0,3.2
10.0,16.1226,120.8867,3,5,31,1,4.4
481.627,-24.1655,-179.7513,3,5,31,1,4.9
60.791,4.0887,126.7436,3,5,31,1,4.3
35.0,-17.3448,167.7742,2,5,31,1,5.0
10.0,13.9847,-92.7377,2,5,31,1,4.0
35.0,27.4627,128.4719,1,5,31,1,4.4
35.0,51.3437,-177.0517,1,5,31,0,3.1
5.0,56.276,-149.598,1,5,31,0,2.7
10.0,62.2149,-26.3549,0,5,31,1,4.9
10.0,52.0935,160.7635,0,5,31,1,4.5
72.552,-7.3507,147.5076,22,5,30,1,5.0
13.06,18.0041666666667,-67.1535,22,5,30,0,3.05
9.63,36.0373333333333,-121.239833333333,21,5,30,0,2.53
35.0,11.9344,-59.1419,21,5,30,1,5.6
10.0,6.2825,126.9984,21,5,30,1,4.3
129.378,38.3896,73.8755,21,5,30,1,4.9
10.0,16.3386,119.185,21,5,30,1,4.3
84.044,51.6893,-176.7366,20,5,30,0,2.7
10.0,51.834,160.217,19,5,30,1,4.2
8.44,17.9466666666667,-66.7518333333333,17,5,30,0,2.97
134.159,36.7242,70.7663,17,5,30,1,4.1
10.0,-5.2427,68.7161,16,5,30,1,4.5
10.0,12.2241,144.2453,15,5,30,1,4.5
25.0,19.0678,-64.5625,14,5,30,0,3.56
10.0,16.2187,119.0153,14,5,30,1,4.4
105.636,42.9596,143.8479,14,5,30,1,4.5
10.0,16.41,119.1839,14,5,30,1,4.5
188.262,-8.4556,121.4403,14,5,30,1,4.0
31.913,52.4994,-169.0869,14,5,30,0,3.2
11.9,66.068,-150.406,13,5,30,0,3.0
53.67,40.4563,142.4367,13,5,30,1,4.0
9.624,6.3567,126.9388,13,5,30,1,4.5
27.216,6.1528,126.5793,13,5,30,1,4.6
127.227,-24.591,-177.1657,13,5,30,1,4.4
80.0,17.9278,-68.6006,12,5,30,0,3.61
10.0,13.9091,51.5404,12,5,30,1,4.4
10.0,53.8698,-162.9821,11,5,30,0,2.6
10.0,13.8562,51.7873,11,5,30,1,5.0
10.0,12.0373,-88.2192,11,5,30,1,4.8
10.0,52.4816,160.9758,10,5,30,1,4.4
10.0,52.2477,-171.5997,9,5,30,0,2.9
114.6,59.612,-153.264,9,5,30,0,2.7
8.5992,31.604,-103.954,8,5,30,0,2.7
29.03,19.6321666666667,-64.9746666666667,8,5,30,0,3.41
35.0,51.4263,-175.2577,8,5,30,0,2.9
10.0,5.9429,127.352,7,5,30,1,4.4
51.983,6.255,126.6809,7,5,30,1,4.4
112.247,-7.3739,156.2847,7,5,30,1,4.3
41.144,6.0722,126.7799,7,5,30,1,4.6
10.0,52.4133,-169.6874,6,5,30,0,3.4
10.0,41.3494,-127.1595,6,5,30,0,2.8
48.445,6.3114,126.8088,6,5,30,1,4.2
49.12,-21.5706,-70.0242,5,5,30,1,4.3
10.0,6.1228,126.9009,5,5,30,1,4.5
10.0,-12.3868,-14.8832,5,5,30,1,4.4
10.0,1.8041,96.0707,5,5,30,1,4.4
35.0,51.3598,-177.8442,5,5,30,0,3.6
10.0,51.3374,175.1381,5,5,30,0,3.7
204.237,36.9228,70.6184,4,5,30,1,4.1
14.88,18.0291666666667,-66.6723333333333,4,5,30,0,2.65
41.845,12.4338,144.1951,4,5,30,1,4.2
35.0,-18.1021,-71.6464,4,5,30,1,4.4
10.0,35.4105,26.6767,3,5,30,1,4.0
55.7,62.284,-149.65,3,5,30,0,2.6
10.0,10.3762,126.2466,3,5,30,1,4.5
21.9,61.99,-147.878,2,5,30,0,2.8
13.905,51.8234,-176.5094,2,5,30,0,2.5
10.0,-27.1551,128.7654,2,5,30,1,4.0
74.7,61.553,-150.912,2,5,30,0,2.8
17.9,52.587,-169.467,2,5,30,0,2.5
10.0,-12.3036,-14.6523,2,5,30,1,4.4
10.0,58.3542,-142.0497,2,5,30,0,2.5
7.38,35.3,-117.806666666667,1,5,30,0,3.17
111.724,-22.0306,-68.6922,1,5,30,1,4.2
10.0,51.6234,-177.2481,0,5,30,0,2.7
10.0,14.5082,119.0932,0,5,30,1,4.4
120.86,-59.2355,-26.3016,0,5,30,1,4.9
129.779,11.2049,-62.2984,0,5,30,1,4.7
3.1,67.434,-163.152,23,5,29,0,2.7
8.3429,31.604,-103.957,23,5,29,0,2.7
10.0,-2.9635,147.7752,23,5,29,1,4.8
14.591,-41.7486,174.3718,22,5,29,1,4.5
288.189,-4.5073,151.0986,22,5,29,1,4.0
10.0,34.9019,26.0656,22,5,29,1,4.1
36.259,35.4153,140.3439,21,5,29,0,3.7
59.973,14.2168,146.4,21,5,29,1,4.2
10.0,0.932,-29.1482,21,5,29,1,5.2
7.3816,31.693,-104.299,20,5,29,0,3.4
0.0,43.7896,-105.3674,20,5,29,0,3.3
20.37,48.872,-122.494,20,5,29,0,2.56
17.093,1.5436,128.6666,19,5,29,1,4.6
1.9,54.361,-161.517,19,5,29,0,2.5
151.149,-2.8352,102.3005,19,5,29,1,4.4
35.0,54.571,-159.8793,19,5,29,0,3.3
517.774,-24.9333,179.7718,16,5,29,1,4.7
186.28,56.1369,-161.4808,16,5,29,0,3.3
10.0,50.0244,159.5519,16,5,29,1,5.2
0.0,45.1533,-106.9764,16,5,29,0,3.5
19.9,53.409,-165.644,15,5,29,0,2.6
10.0,11.6168,-85.9086,15,5,29,1,4.3
10.0,56.12,-149.163,15,5,29,0,3.4
230.108,26.9636,125.6183,15,5,29,1,4.2
25.8,51.218,-177.099,15,5,29,0,2.5
10.0,36.6102,25.8467,14,5,29,1,4.1
10.0,-3.547,122.3534,14,5,29,1,4.9
35.0,54.4807,-160.08,14,5,29,0,2.8
40.902,54.54,-160.0622,13,5,29,0,3.9
81.2,63.03,-149.491,13,5,29,0,2.5
5.0,60.6235,-139.9589,13,5,29,0,2.8
35.0,44.0161,147.8463,13,5,29,1,4.6
10.0,38.7415,43.2165,13,5,29,1,4.2
218.163,24.7302,141.1381,13,5,29,1,4.2
10.0,14.9077,54.6027,13,5,29,1,4.4
10.0,-34.9619,-179.1297,12,5,29,1,4.3
6.3721,32.508,-101.195,12,5,29,0,2.8
10.0,16.4906,119.38,12,5,29,1,4.5
95.258,13.4028,144.7578,12,5,29,1,4.2
102.27,-13.7185,-72.5995,12,5,29,1,4.8
51.183,23.5653,93.6978,12,5,29,1,4.2
10.0,28.6794,51.2827,10,5,29,1,4.3
10.0,-59.429,-25.3651,10,5,29,1,4.7
10.0,33.092,142.688,10,5,29,1,4.5
238.798,52.9552,-173.0851,10,5,29,1,4.0
63.683,0.9576,126.2507,10,5,29,1,4.6
191.556,-8.3165,-73.8695,9,5,29,1,4.2
10.0,56.3172,-149.2339,8,5,29,0,2.7
10.0,56.3416,-149.1867,8,5,29,0,2.6
10.0,56.0713,-149.1551,8,5,29,0,3.0
166.399,0.572,100.0173,8,5,29,1,4.4
61.913,39.0443,141.8934,8,5,29,1,4.2
10.0,56.0808,-149.0548,8,5,29,0,3.0
10.0,56.1685,-149.3699,8,5,29,0,3.0
10.0,41.6595,73.8691,8,5,29,1,4.6
10.0,56.3418,-149.2575,8,5,29,0,2.7
10.0,56.0948,-149.3116,8,5,29,0,2.8
10.0,42.0884,88.3186,6,5,29,1,5.2
8.9111,32.105,-101.916,6,5,29,0,2.6
10.0,54.5201,-160.5279,5,5,29,0,2.7
35.0,-18.3867,-71.3371,5,5,29,1,4.9
249.407,-22.6167,-66.2532,4,5,29,1,4.4
35.0,51.3945,-176.312,4,5,29,0,3.1
10.0,16.3906,119.0155,4,5,29,1,4.3
4.85,36.98,-90.4061666666667,3,5,29,0,2.64
7.98,35.2996666666667,-117.810833333333,2,5,29,0,3.36
28.855,2.083,96.8326,1,5,29,1,4.7
0.0,28.471,-80.538,1,5,29,0,2.5
119.9,59.931,-152.954,0,5,29,0,2.7
10.0,16.5074,119.3979,0,5,29,1,4.4
38.196,51.2405,-178.2983,0,5,29,1,4.1
10.0,16.2898,119.3345,23,5,28,1,4.4
10.0,42.8216,18.2918,22,5,28,1,4.3
10.0,16.3332,119.2978,21,5,28,1,4.4
83.392,-8.0169,109.101,20,5,28,1,4.6
3.42,41.8616666666667,-112.7755,20,5,28,0,3.1
4.78,40.6531666666667,-125.5885,20,5,28,0,2.84
22.0,52.243,-169.463,20,5,28,0,2.5
531.319,-24.1061,179.7995,19,5,28,1,4.1
7.1042,37.1209,-115.3271,19,5,28,0,2.52
3.958,32.2896,-104.6326,18,5,28,0,2.9
10.0,51.8091,-170.3996,18,5,28,0,2.8
113.7,58.823,-154.093,18,5,28,0,2.8
39.249,12.4412,143.516,17,5,28,1,4.7
10.0,-8.5921,128.0901,17,5,28,1,4.2
10.0,19.6543,-109.4908,16,5,28,1,5.3
24.355,-30.7784,-71.6127,15,5,28,1,4.3
5.8,51.373,-178.493,15,5,28,0,2.6
89.694,-56.3998,-26.5936,15,5,28,1,4.7
9.52,40.2426666666667,-122.080166666667,14,5,28,0,2.71
178.8,52.4,-173.351,14,5,28,0,3.2
16.9,60.888,-165.733,14,5,28,0,2.9
6.9,60.889,-165.624,14,5,28,0,2.9
557.188,-20.8289,-178.3961,14,5,28,1,4.4
6.0999,31.634,-104.367,13,5,28,0,3.1
43.599,51.643,-175.9023,13,5,28,0,3.3
10.0,-6.5444,131.9263,12,5,28,1,4.8
111.276,21.3563,144.338,12,5,28,1,4.5
5.0,39.3251,-119.0524,11,5,28,0,3.72
76.917,-20.3052,-70.1869,11,5,28,0,3.7
35.0,51.5955,-175.8569,11,5,28,0,3.3
83.192,8.7897,126.3501,10,5,28,1,4.5
104.087,24.7693,123.2707,10,5,28,1,4.3
4.95,32.5685,-104.5849,10,5,28,0,2.6
10.0,21.1687,144.3456,9,5,28,1,4.5
10.0,-20.0583,168.2643,9,5,28,1,4.7
19.68,32.2583333333333,-116.998833333333,9,5,28,0,2.99
10.0,31.3311,49.8875,9,5,28,1,4.1
35.0,51.5862,-175.9131,8,5,28,0,3.4
58.6,59.077,-152.459,8,5,28,0,3.3
35.0,51.4996,-176.3048,8,5,28,0,2.7
51.946,1.1467,126.1927,8,5,28,1,4.3
456.825,-7.3223,119.624,8,5,28,1,4.1
9.938,-15.7772,-179.7077,7,5,28,1,4.5
25.3,51.389,-175.898,7,5,28,0,2.6
17.9,40.9075,-124.259333333333,6,5,28,0,2.5
3.8,53.429,-166.996,6,5,28,0,2.5
10.0,-36.2109,-99.9316,5,5,28,1,4.2
72.474,51.4759,-179.5052,5,5,28,0,3.3
10.0,85.2561,12.8475,4,5,28,1,4.2
5.0,60.39,-139.472,4,5,28,0,2.5
92.926,41.8859,142.1233,3,5,28,1,4.4
10.0,16.4024,119.2017,3,5,28,1,4.6
26.5,51.34,-177.45,3,5,28,0,2.5
10.0,-33.2547,-68.7721,3,5,28,1,4.4
11.6,64.621,-151.042,2,5,28,0,2.6
10.0,33.0843,96.0807,2,5,28,1,4.7
10.0,16.4682,119.2752,2,5,28,1,4.5
66.0,60.614,-151.202,2,5,28,0,2.5
10.0,18.9873,-107.7363,2,5,28,1,4.2
10.0,-10.4911,124.3637,1,5,28,1,5.2
122.007,-15.8354,-173.8946,1,5,28,1,4.4
15.21,18.0098333333333,-66.6658333333333,1,5,28,0,2.6
48.072,51.2701,-179.5172,1,5,28,0,3.0
110.496,-22.4718,-68.7608,1,5,28,1,4.1
19.98,19.279,-64.8371666666667,0,5,28,0,3.14
10.0,21.0367,144.635,0,5,28,1,4.5
10.0,84.9141,10.9423,0,5,28,1,4.2
64.264,51.9359,-176.015,0,5,28,1,4.9
65.7,60.27,-150.849,0,5,28,0,3.4
52.386,-15.8663,-173.5483,23,5,27,1,4.2
6.99,35.3168333333333,-117.807,23,5,27,0,2.79
25.84,47.374,-122.698,22,5,27,0,2.84
10.0,16.2134,119.0068,22,5,27,1,4.8
10.0,33.0694,96.2702,22,5,27,1,4.1
66.334,51.7652,178.1781,21,5,27,0,2.5
93.204,-58.0958,-25.929,21,5,27,1,4.6
10.0,60.521,-140.0,21,5,27,0,2.5
10.0,16.2185,119.1652,21,5,27,1,4.5
10.0,-43.0796,176.6655,20,5,27,1,4.6
10.0,16.4224,119.2575,20,5,27,1,4.2
29.0,61.648,-149.432,19,5,27,0,2.5
10.0,19.0244,144.8977,19,5,27,1,4.4
35.0,51.1751,-178.5558,19,5,27,0,2.5
10.0,-18.0193,-176.5481,19,5,27,1,5.3
5.0,60.447,-139.516,18,5,27,0,2.5
18.728,54.4477,-161.7601,18,5,27,0,2.7
7.77,35.3163333333333,-117.814,18,5,27,0,2.86
10.0,-18.1325,-176.8016,18,5,27,1,4.3
10.0,50.8344,-174.276,18,5,27,0,2.9
14.9,67.74,-135.916,18,5,27,0,3.2
7.393,32.5703,-104.6464,17,5,27,0,3.4
10.0,40.0556,122.0338,17,5,27,1,4.3
6.5485,31.618,-104.103,17,5,27,0,2.6
10.0,38.5374,14.4027,17,5,27,1,4.2
44.877,10.576,-86.1933,17,5,27,1,4.4
2.58,35.9543333333333,-117.388166666667,16,5,27,0,2.57
77.37,44.7265,148.2213,16,5,27,1,4.4
159.4,-24.3032,-67.1247,16,5,27,1,4.1
10.0,-50.4069,138.666,15,5,27,1,4.1
5.075,19.0359,-68.8839,15,5,27,0,3.2
10.0,-50.4061,139.2617,15,5,27,2,6.0
10.0,-50.5072,139.4873,14,5,27,2,6.0
6.934,32.564,-104.6424,13,5,27,0,2.6
85.8,59.924,-152.549,12,5,27,0,2.7
10.0,-6.1102,151.6618,12,5,27,1,4.7
19.103,54.4518,-160.286,12,5,27,0,3.1
118.664,-21.267,-68.6219,12,5,27,1,4.4
62.771,31.372,140.7108,11,5,27,1,4.6
60.507,-17.8228,-71.189,11,5,27,1,4.4
10.0,-21.0217,169.2402,11,5,27,1,4.3
10.0,-20.8297,169.0422,11,5,27,1,4.5
1.58,36.0261666666667,-117.777833333333,11,5,27,0,2.87
21.217,15.6996,-96.4601,10,5,27,1,4.2
10.0,50.3797,-176.173,10,5,27,0,2.9
4.76,37.4503333333333,-118.6685,10,5,27,0,2.87
3.7,60.121,-140.876,9,5,27,0,2.9
73.912,-6.0512,147.7573,9,5,27,1,4.8
8.79,18.0016666666667,-66.9488333333333,9,5,27,0,2.63
10.0,40.366,-125.224166666667,9,5,27,0,2.55
382.088,-16.3849,-176.1237,8,5,27,1,4.3
198.816,-31.3134,-179.3269,8,5,27,1,4.2
31.488,39.7315,143.415,8,5,27,1,4.3
10.0,67.253,-153.684,8,5,27,0,2.8
49.684,41.526,143.7056,7,5,27,1,4.6
7.5398,38.1593,-117.8413,7,5,27,0,2.64
13.205,-45.8583,-76.7669,6,5,27,1,4.3
170.238,-1.6736,-77.8628,6,5,27,1,4.4
10.93,0.4644,125.8504,6,5,27,1,5.0
70.525,-22.5046,170.7943,6,5,27,1,4.5
10.0,51.2683,159.689,6,5,27,1,4.6
28.12,50.9834,178.8145,5,5,27,1,4.6
3.461,32.5812,-104.6175,5,5,27,0,3.1
102.651,-22.2673,-68.755,5,5,27,1,5.1
226.81,36.8013,70.957,4,5,27,1,4.1
57.58,17.8266666666667,-68.1315,4,5,27,0,3.25
24.043,-30.6414,-71.8715,4,5,27,1,4.6
35.0,1.2225,125.9748,3,5,27,1,4.2
10.0,-55.9347,-24.9166,3,5,27,1,4.5
10.0,16.4659,119.1237,3,5,27,1,4.3
9.1,53.576,-164.521,2,5,27,0,2.7
177.066,-16.8449,-69.5502,2,5,27,1,4.4
615.21,-21.3663,-179.4749,1,5,27,1,4.5
12.91,18.006,-66.8438333333333,0,5,27,0,2.53
10.0,-12.3429,165.3536,0,5,27,1,4.9
97.319,-23.3077,-69.2118,0,5,27,1,4.7
20.47,19.007,-65.192,0,5,27,0,2.81
88.395,-6.0383,147.5433,0,5,27,1,4.3
45.0,18.9426666666667,-65.1773333333333,0,5,27,0,3.12
35.0,19.0257,-65.2149,0,5,27,0,3.5
35.0,19.0344,-65.1791,0,5,27,0,3.0
22.0,19.0093,-65.2028,0,5,27,0,3.46
21.2,19.0063333333333,-65.2018333333333,0,5,27,0,3.0
59.6,57.008,-155.804,23,5,26,0,2.9
9.6,51.321,-178.159,22,5,26,0,2.6
10.0,19.446,-69.4362,22,5,26,0,3.3
83.389,51.5567,-178.9338,21,5,26,0,3.0
10.0,40.4462,142.5805,21,5,26,1,4.0
536.789,-17.4931,-178.7772,20,5,26,1,4.9
10.0,12.9054,57.7308,20,5,26,1,4.3
81.22,38.8717,141.9016,20,5,26,1,4.5
10.0,13.0671,57.3422,20,5,26,1,4.3
10.0,43.7204,87.1026,19,5,26,1,4.3
10.0,4.1368,97.4662,19,5,26,1,4.4
10.0,-9.9691,161.1775,19,5,26,1,4.3
113.4,61.783,-151.972,19,5,26,0,2.6
118.653,-17.2848,-174.2113,19,5,26,1,5.0
35.0,53.8685,-164.2178,19,5,26,0,3.0
10.0,-17.5411,-172.3862,19,5,26,1,5.3
10.0,-11.4752,163.402,19,5,26,1,4.2
10.0,13.0179,57.6037,18,5,26,1,5.2
108.36,-19.9687,-69.1863,16,5,26,1,4.6
7.7,61.234,-147.582,16,5,26,0,3.1
99.63,23.1726,94.5331,16,5,26,1,4.3
10.0,-58.6768,-152.6432,16,5,26,1,5.1
113.895,-22.3656,-68.9155,16,5,26,1,4.0
41.886,54.6328,-161.1503,15,5,26,0,3.7
10.0,-5.2726,68.6849,14,5,26,1,4.6
123.606,23.7695,94.814,14,5,26,1,4.4
13.411,32.6687,73.2764,14,5,26,1,4.6
0.7,64.728,-150.812,13,5,26,0,3.5
6.7744,29.093,-97.774,13,5,26,0,2.9
10.0,-0.1501,134.6404,13,5,26,1,4.2
10.0,43.4734,39.5143,12,5,26,1,4.6
64.0,62.658,-149.593,11,5,26,0,2.8
269.072,1.8043,124.8735,11,5,26,1,4.4
128.652,13.6749,144.6964,11,5,26,1,4.5
17.253,-8.9417,113.7566,8,5,26,1,4.9
7.7,40.6856666666667,-121.455333333333,7,5,26,0,2.51
10.0,51.5989,75.3865,6,5,26,1,4.5
40.04,31.9986,141.2601,6,5,26,1,4.5
7.05,40.6756666666667,-121.4475,5,5,26,0,3.42
58.724,40.8361,141.9743,5,5,26,1,4.2
94.518,41.1184,141.2529,4,5,26,1,4.2
7.134,32.2852,-104.6167,4,5,26,0,2.9
13.38,33.9576666666667,-118.678166666667,3,5,26,0,2.93
116.038,-22.2706,-68.7132,3,5,26,1,4.1
1.464,53.3838,-166.9934,3,5,26,0,3.7
3.552,53.3967,-167.0241,3,5,26,0,3.0
2.019,53.3975,-166.9336,3,5,26,0,3.3
59.161,51.4186,-178.0444,2,5,26,0,3.4
53.0,58.837,-152.215,2,5,26,0,2.7
35.86,20.2175,-154.850833333333,2,5,26,0,2.76
115.947,-22.2267,-68.8564,2,5,26,1,4.3
116.524,-22.2565,-68.8802,2,5,26,1,4.2
10.0,41.2918333333333,-125.0645,2,5,26,0,2.56
10.0,-28.2457,-176.6054,2,5,26,1,5.4
397.928,-4.2372,126.1354,1,5,26,1,4.1
1.1,56.028,-159.933,1,5,26,0,2.7
35.0,52.9771,-167.5819,0,5,26,0,3.3
116.58,-22.3241,-68.779,0,5,26,1,4.2
10.0,-38.151,78.616,23,5,25,1,4.7
115.167,-22.2646,-68.6908,23,5,25,1,4.3
10.0,-14.9019,-173.2315,23,5,25,1,4.7
85.665,53.3632,159.5523,23,5,25,1,4.6
221.669,-18.7406,-175.4875,22,5,25,1,4.6
120.059,-22.4134,-68.8255,22,5,25,1,4.4
112.083,-22.2463,-68.712,22,5,25,1,4.2
10.0,-3.9802,134.0413,22,5,25,1,4.9
114.832,-22.4721,-68.8235,22,5,25,1,4.7
109.0,-22.3667,-68.6013,21,5,25,2,6.9
39.402,26.3404,127.392,21,5,25,1,4.3
209.332,25.267,140.9531,21,5,25,1,4.2
45.331,1.0753,126.0835,20,5,25,1,5.5
7.15,35.3138333333333,-117.805,20,5,25,0,2.5
9.9,33.9203333333333,-119.461333333333,20,5,25,0,2.57
35.341,29.4365,130.7211,19,5,25,1,4.2
5.677,44.8482,-113.3617,19,5,25,0,3.2
35.0,54.4693,-159.9675,19,5,25,0,2.9
35.0,-17.3735,167.8064,18,5,25,1,4.7
10.0,37.948,21.3709,18,5,25,1,4.3
35.0,54.5303,-159.8751,18,5,25,0,3.0
10.7,65.361,-168.996,17,5,25,0,3.7
10.0,-0.0787,134.5828,16,5,25,1,4.5
58.3,61.817,-150.762,16,5,25,0,2.6
35.0,-57.976,-25.484,16,5,25,1,5.0
10.0,43.8771,16.5751,15,5,25,1,4.1
55.928,-4.7914,153.1957,15,5,25,1,5.0
156.707,27.6756,126.9422,14,5,25,1,4.2
10.49,40.2905,-124.587833333333,13,5,25,0,2.94
14.29,17.9448333333333,-66.8696666666667,13,5,25,0,2.52
10.0,-56.4909,-5.5437,12,5,25,1,4.6
110.33,-20.6836,-69.2106,11,5,25,1,4.2
149.342,-7.3403,128.6317,10,5,25,1,4.9
30.3,18.8563333333333,-64.976,10,5,25,0,3.15
10.0,-53.4159,24.9807,9,5,25,1,5.0
7.0,38.1573,-117.8498,8,5,25,0,3.75
43.553,40.1556,142.4207,8,5,25,1,4.8
10.0,-10.5015,124.5394,7,5,25,1,4.9
44.0,60.646,-150.095,7,5,25,0,2.7
33.097,-21.4267,-69.9922,7,5,25,1,4.1
10.0,-10.4735,124.619,6,5,25,1,4.6
35.0,51.4476,-177.409,5,5,25,0,3.9
35.0,51.133,179.2737,5,5,25,0,3.8
10.0,71.4769,-3.8261,5,5,25,1,4.4
21.318,51.965,-170.8673,5,5,25,1,4.8
65.2,62.849,-149.086,3,5,25,0,2.5
46.254,49.0788,155.8509,3,5,25,1,4.0
10.0,64.5907,-17.7304,3,5,25,1,4.0
115.083,5.3333,126.3596,3,5,25,1,4.0
35.0,8.038,126.9262,2,5,25,1,4.9
10.0,36.4631,22.2309,1,5,25,1,4.2
37.468,29.1558,130.0255,1,5,25,1,4.5
35.0,13.4216,-91.2384,0,5,25,1,4.4
21.9,57.273,-149.744,0,5,25,0,2.9
279.423,-18.8153,-175.7551,23,5,24,1,4.1
27.841,-30.6333,-71.7577,23,5,24,1,4.1
116.129,24.2191,94.7633,21,5,24,1,4.4
10.0,-42.1536,88.5303,19,5,24,1,4.6
124.3,63.034,-150.921,18,5,24,0,3.1
148.091,35.7406,139.2815,18,5,24,1,4.0
10.0,-38.0479,-93.956,17,5,24,1,4.2
11.32,32.372,-115.257333333333,17,5,24,0,3.11
34.129,9.2772,126.2883,16,5,24,1,5.5
10.0,52.4314,-171.6026,16,5,24,0,3.9
35.0,10.5943,-86.0829,16,5,24,1,4.4
49.166,1.0225,126.0429,15,5,24,1,4.9
67.86,13.0969,144.9951,15,5,24,1,4.6
35.0,15.5088,-94.7613,14,5,24,1,4.3
10.0,54.2759,-159.6669,14,5,24,0,2.8
203.009,-22.6678,-177.1182,13,5,24,1,4.7
53.181,9.1379,126.5217,13,5,24,1,5.1
146.921,37.4377,71.8963,12,5,24,1,4.3
5.0,59.155,-136.277,12,5,24,0,3.0
29.4,52.721,-168.106,11,5,24,0,2.6
40.027,33.9158,25.9979,10,5,24,1,4.0
586.097,-18.1826,-178.2753,10,5,24,1,4.2
35.0,-59.8632,-26.2175,10,5,24,1,4.3
10.0,52.041,-169.3222,10,5,24,0,2.6
10.0,51.7668,-170.3115,9,5,24,1,4.8
92.621,-8.935,123.7964,9,5,24,1,4.6
10.0,-14.6818,-173.3717,9,5,24,1,4.6
35.0,53.0239,-167.4047,9,5,24,0,3.3
3.603,36.8526,-104.8076,8,5,24,0,2.8
9.887,9.1382,126.5366,8,5,24,1,4.6
133.339,-5.0896,151.4218,8,5,24,1,4.0
10.0,-17.5908,-172.5814,7,5,24,1,4.3
66.012,43.1143,146.4462,6,5,24,1,4.5
5.7922,31.725,-104.508,6,5,24,0,3.1
65.459,36.6435,140.4601,6,5,24,1,4.2
152.132,-6.3105,130.1581,6,5,24,1,4.5
42.541,-5.469,151.3974,5,5,24,1,4.1
25.306,-39.5993,-74.0499,4,5,24,1,4.1
5.0,60.5338,-139.9794,3,5,24,0,2.5
7.2,52.482,-166.78,3,5,24,0,2.6
10.56,37.4348333333333,-118.736166666667,2,5,24,0,2.84
63.0,19.2051,-67.9443,2,5,24,0,3.76
6.46,36.3438333333333,-120.915166666667,2,5,24,0,2.69
20.1,51.325,-176.788,1,5,24,0,2.6
10.0,37.7737,36.139,1,5,24,1,4.9
6.0999,31.66,-104.393,1,5,24,0,3.1
10.0,-36.164,52.4685,0,5,24,1,4.4
10.0,-36.1552,52.551,0,5,24,1,4.4
19.153,27.3474,143.0125,0,5,24,1,4.4
136.272,31.2092,130.6302,0,5,24,1,4.3
224.915,52.6829,-174.062,23,5,23,0,2.9
10.0,-14.8846,-172.9976,23,5,23,1,4.9
62.334,-5.122,152.1135,23,5,23,1,4.3
23.3,62.454,-149.029,23,5,23,0,2.5
78.0,18.0415,-68.2093,23,5,23,0,3.69
334.33,-17.5312,-176.7436,22,5,23,1,4.0
39.802,51.3344,-179.545,22,5,23,0,2.7
141.816,38.0438,23.4046,22,5,23,1,4.3
107.606,-22.6755,-68.7548,22,5,23,1,4.3
29.239,51.1735,-178.5613,21,5,23,0,2.8
29.101,51.2036,-178.4753,21,5,23,0,3.6
10.084,51.7357,-170.3306,21,5,23,1,5.3
162.261,6.776,-72.9668,21,5,23,1,4.4
6.95,17.9198333333333,-66.7935,21,5,23,0,2.59
10.0,8.0596,58.6868,21,5,23,1,4.3
6.07,42.27333333333333,-124.3125,20,5,23,0,2.95
0.0,43.7086,-105.3459,20,5,23,0,3.4
10.0,52.3465,-171.584,19,5,23,0,2.9
10.0,-35.7487,-104.9581,19,5,23,1,5.3
12.134,52.3528,-171.6342,19,5,23,0,3.5
39.44,-5.1227,102.626,18,5,23,1,4.2
230.107,36.5912,70.9651,18,5,23,1,4.0
40.227,51.2404,179.5176,17,5,23,0,3.1
602.167,-20.5497,-178.7131,17,5,23,1,4.4
137.2,60.004,-153.315,17,5,23,0,2.8
35.21,19.0553333333333,-155.441833333333,17,5,23,0,2.57
37.44,19.6151666666667,-155.945333333333,17,5,23,0,3.17
9.684,59.6263,-138.0161,17,5,23,0,2.9
0.4,63.372,-145.046,16,5,23,0,2.6
12.174,51.8287,-170.3486,16,5,23,1,4.0
580.866,-19.4862,-177.756,15,5,23,1,4.4
10.0,-38.0293,179.2797,15,5,23,1,4.6
122.66,-20.0605,169.4877,15,5,23,1,4.7
153.574,53.3236,-169.3793,14,5,23,0,2.8
10.0,35.3724,26.5902,14,5,23,1,4.2
101.593,-6.1691,147.0381,14,5,23,1,4.0
5.0,60.5554,-139.9629,14,5,23,0,3.7
35.0,53.9108,-164.2048,14,5,23,0,2.7
141.482,1.5741,127.3497,14,5,23,1,4.8
19.72,19.3426666666667,-155.834166666667,14,5,23,0,2.66
10.0,-6.1442,151.5915,13,5,23,1,4.6
16.1,51.101,-178.221,13,5,23,0,2.6
10.0,35.4727,26.5728,13,5,23,1,4.6
354.347,-16.2077,-175.2173,13,5,23,1,4.1
12.98,19.3765,-155.874166666667,12,5,23,0,2.93
76.32,-4.5567,102.7102,12,5,23,1,4.9
22.5,51.115,-178.463,11,5,23,0,2.5
23.77,19.3436666666667,-155.866333333333,10,5,23,0,3.99
51.616,36.1045,22.3396,10,5,23,1,4.2
3.9,67.757,-158.476,9,5,23,0,2.7
83.92,18.3073333333333,-67.6111666666667,9,5,23,0,3.36
10.0,52.1078,-169.1662,9,5,23,0,3.3
10.0,51.1062,-176.2694,9,5,23,0,3.4
10.0,52.1389,-169.2425,9,5,23,1,4.9
118.742,-2.6463,-77.5168,8,5,23,1,4.5
35.0,-9.4424,110.5923,8,5,23,1,4.4
10.0,12.6938,-90.8675,7,5,23,1,4.6
21.26,19.3588333333333,-155.8595,7,5,23,0,3.22
6.54,32.371,-115.253,7,5,23,0,2.61
22.64,19.3403333333333,-155.8425,7,5,23,1,5.96
74.215,-3.5438,139.7583,7,5,23,1,4.0
16.42,18.023,-65.5948333333333,7,5,23,0,2.62
133.708,-4.238,143.6625,7,5,23,1,4.2
53.63,18.9116666666667,-67.7945,6,5,23,0,3.2
37.208,19.0955,121.0229,6,5,23,1,4.3
14.0,52.416,-169.726,6,5,23,0,2.6
49.436,35.3017,140.5827,6,5,23,1,4.3
35.0,51.1143,-178.612,6,5,23,0,2.7
10.0,-47.4892,99.9616,5,5,23,1,5.6
73.04,18.798,-67.9695,5,5,23,0,3.39
35.787,-27.3364,-70.8321,4,5,23,1,4.2
83.184,53.7612,-166.4019,4,5,23,0,3.6
82.56,-6.6073,147.1122,3,5,23,1,4.4
0.0,52.642,-171.695,3,5,23,0,2.9
10.0,33.8267,142.1255,3,5,23,1,4.3
10.0,39.9344,113.0134,3,5,23,1,4.5
53.9,52.932,-167.974,3,5,23,0,2.7
32.48,1.0535,126.2215,2,5,23,1,4.3
28.94,51.3752,-176.6567,2,5,23,0,2.9
10.0,-5.2131,151.1107,2,5,23,1,4.5
18.721,52.2195,-171.6184,2,5,23,0,2.8
249.288,-23.0187,-66.5334,1,5,23,1,4.2
142.0,18.2993,-68.5091,1,5,23,0,3.74
6.42,35.8338333333333,-117.713166666667,1,5,23,0,2.76
10.0,42.9797,13.1797,0,5,23,1,4.2
10.0,17.1844,-46.5135,23,5,22,1,4.5
27.4,52.327,-169.284,23,5,22,0,2.7
43.58,-21.8805,170.2035,21,5,22,1,4.6
17.4,61.476,-146.636,21,5,22,0,2.5
10.0,50.975,-173.701,21,5,22,0,2.8
44.5,61.457,-150.026,20,5,22,0,2.5
8.4398,28.814,-99.009,20,5,22,0,2.5
35.0,52.2778,-170.1765,20,5,22,0,3.5
7.668,52.3891,-171.7256,20,5,22,0,3.9
20.861,52.4492,-171.7267,20,5,22,1,4.4
9.956,52.4495,-171.6842,19,5,22,0,3.0
11.28,39.4045,-120.1345,19,5,22,0,3.34
9.29,39.3993333333333,-120.135666666667,19,5,22,0,2.53
9.33,39.403,-120.137,19,5,22,0,2.5
63.272,-6.6774,147.3447,19,5,22,1,4.7
10.0,-10.7552,164.3864,19,5,22,1,5.3
10.0,33.4947,90.1703,17,5,22,1,4.9
125.564,-20.0397,169.3752,17,5,22,1,4.0
62.004,40.2879,142.2534,16,5,22,1,4.6
10.0,-11.4157,162.2233,16,5,22,1,4.5
74.097,49.1175,155.3935,16,5,22,1,4.3
8.32,36.21116667,-97.06683333,16,5,22,0,2.9
10.0,28.4383,-102.7894,15,5,22,0,3.0
113.11,18.2013333333333,-68.0488333333333,14,5,22,0,3.44
11.3,58.513,-150.716,14,5,22,0,2.8
10.0,52.384,-171.7645,12,5,22,1,4.4
102.356,36.4306,140.365,12,5,22,1,4.1
46.01,52.2064,-171.587,12,5,22,0,3.5
34.0,51.205,-178.5,12,5,22,0,2.6
19.2,18.7743333333333,-68.1058333333333,12,5,22,0,3.24
14.844,52.5259,-171.7222,12,5,22,1,5.6
7.8943,31.548,-104.137,10,5,22,0,2.5
10.0,-2.8722,147.7103,10,5,22,1,4.1
35.0,-55.6577,-27.3111,10,5,22,1,4.4
10.0,-3.1018,147.9191,10,5,22,1,5.1
10.0,-2.9641,147.7391,10,5,22,1,5.7
15.126,8.7137,-83.54,9,5,22,1,4.5
97.91,-5.1211,151.6255,9,5,22,1,4.4
10.102,28.6033,-14.988,8,5,22,1,4.5
17.594,53.646,-162.9093,8,5,22,0,2.9
147.547,44.8712,146.8187,8,5,22,1,4.1
10.0,3.9888,-85.9522,8,5,22,1,4.3
5.0,60.4881,-139.504,8,5,22,0,2.6
10.0,-61.5634,154.0625,8,5,22,1,5.2
6.0,18.0573,-67.1421,7,5,22,0,3.19
526.843,6.3077,124.0647,7,5,22,1,4.0
10.0,52.7146,-163.0712,7,5,22,0,3.2
10.0,51.985,-169.3081,6,5,22,1,4.6
10.0,40.3015,63.0952,5,5,22,1,4.1
10.0,-55.3946,-128.2705,4,5,22,1,4.5
68.74,18.6061666666667,-66.1338333333333,4,5,22,0,2.67
8.19,35.028,-119.130166666667,4,5,22,0,2.74
5.3308,31.73,-104.354,3,5,22,0,2.5
249.88,-19.1608,-175.8584,3,5,22,1,4.2
95.106,3.3458,128.2276,3,5,22,1,4.3
165.542,-22.6188,-67.5249,3,5,22,1,4.3
10.0,-2.9898,147.6929,3,5,22,1,4.7
7.47,32.3663333333333,-115.256,2,5,22,0,2.51
10.0,-2.8597,147.7806,2,5,22,1,4.6
10.003,8.9593,39.9817,1,5,22,1,4.5
6.57,32.375,-115.2575,1,5,22,0,3.26
10.0,16.5384,-46.6703,1,5,22,1,5.1
35.0,1.0419,126.0891,1,5,22,1,5.9
179.602,13.9545,120.6334,0,5,22,1,4.1
32.04,19.2456666666667,-155.537666666667,0,5,22,0,3.03
70.763,-17.6084,168.3,0,5,22,1,4.5
75.4,60.558,-151.51,22,5,21,0,2.5
81.593,51.6554,-177.7383,22,5,21,0,3.1
46.83,-11.5474,166.2932,21,5,21,1,4.6
31.88,19.219,-155.478166666667,20,5,21,0,2.73
10.0,34.7543,25.8123,20,5,21,1,4.1
10.0,52.1608,160.77,20,5,21,1,4.2
10.0,57.5394,-32.585,19,5,21,1,4.4
40.8,17.7105,-64.1085,19,5,21,0,3.1
10.0,40.3773333333333,-125.010666666667,19,5,21,0,3.89
551.281,-24.253,-179.9332,18,5,21,1,4.4
118.281,-21.387,-68.8966,18,5,21,1,4.4
274.85,-18.6369,-175.6814,18,5,21,1,4.2
40.75,19.199,-64.3918333333333,17,5,21,0,3.15
10.0,-26.2724,68.2971,16,5,21,1,4.4
8.457,28.799,-98.98,16,5,21,0,2.7
135.715,5.6419,126.7834,16,5,21,1,4.7
10.0,-22.8759,131.8652,16,5,21,1,4.1
14.58,32.9593333333333,-115.857,15,5,21,0,3.02
10.0,51.0869,-178.5667,15,5,21,0,3.5
566.728,-19.1016,-177.5541,12,5,21,1,4.3
248.874,-15.8285,168.0299,11,5,21,1,4.4
10.0,27.1259,55.6699,9,5,21,1,4.9
38.556,51.3218,178.7274,9,5,21,0,2.9
10.0,17.2636,-59.9798,9,5,21,1,4.3
10.0,56.1472,-149.9537,9,5,21,0,2.7
28.708,51.2882,-178.0588,9,5,21,0,2.9
0.4,61.22,-147.061,8,5,21,0,2.5
108.46,-56.0321,-27.6265,8,5,21,1,4.7
25.4,19.1448333333333,-64.5825,8,5,21,0,3.21
10.0,-5.3584,152.7393,7,5,21,1,4.3
10.0,51.2518,173.7841,6,5,21,1,4.4
10.0,-10.0788,161.0563,6,5,21,1,4.7
377.407,-15.8593,-175.9451,5,5,21,1,4.0
267.663,-15.4777,-174.8934,5,5,21,1,4.4
32.71,19.049,-155.373666666667,5,5,21,0,2.81
38.6,59.702,-146.772,4,5,21,0,2.6
10.0,-33.679,-108.5673,4,5,21,1,4.7
14.711,40.7545,14.0407,3,5,21,1,4.1
518.232,-18.6094,-178.3947,3,5,21,1,4.2
6.1,56.058,-159.967,3,5,21,0,2.5
4.2029,31.152,-103.038,3,5,21,0,2.6
31.63,19.1366666666667,-64.5973333333333,2,5,21,0,3.4
39.42,38.8652,49.5952,1,5,21,1,4.0
84.9,59.072,-153.458,1,5,21,0,2.6
35.0,5.1665,127.4492,1,5,21,1,4.2
28.0,19.4638,-64.8171,1,5,21,0,3.66
329.758,34.0604,137.2567,1,5,21,1,4.2
10.0,28.7388,52.3533,0,5,21,1,4.3
10.0,-27.7623,-176.4995,0,5,21,1,4.6
7.6892,31.531,-104.004,0,5,21,0,2.6
34.47,19.045,-155.400833333333,23,5,20,0,2.64
10.0,35.18,24.5143,23,5,20,1,4.1
8.65,37.067,-112.8585,23,5,20,0,2.64
122.55,-6.1561,130.3866,23,5,20,1,4.9
101.0,-56.1123,-27.8772,23,5,20,1,5.7
12.33,18.0243333333333,-66.7501666666667,21,5,20,0,2.87
10.0,-57.0566,-25.0426,21,5,20,1,4.6
35.0,36.3752,141.3757,21,5,20,1,4.2
11.2101,39.3081,-119.0686,21,5,20,0,2.77
55.3,62.705,-149.257,21,5,20,0,2.7
69.674,51.9564,-173.2972,21,5,20,0,3.1
102.689,53.7257,-166.4801,21,5,20,0,2.5
76.325,-7.8862,108.2822,21,5,20,1,4.4
0.0,40.6015,-109.4807,21,5,20,0,3.3
143.578,18.2321,145.8839,20,5,20,1,4.4
75.9,59.865,-151.443,20,5,20,0,3.3
100.916,25.0931,124.4074,20,5,20,1,4.3
1.3,60.174,-140.735,19,5,20,0,2.7
10.0,-16.0849,-172.8925,19,5,20,1,4.6
32.24,17.9265,-65.4998333333333,19,5,20,0,2.53
7.94,35.79766667,-96.65483333,18,5,20,0,2.7
10.0,-55.9121,-123.1819,18,5,20,1,5.5
1.7259,38.185,-117.8076,18,5,20,0,2.65
10.0,-55.9978,-122.2979,17,5,20,2,6.6
32.01,19.2133333333333,-64.531,17,5,20,0,3.34
32.31,18.9035,-155.464166666667,17,5,20,0,2.68
260.684,-19.3968,169.4907,16,5,20,1,4.5
8.0,57.923,-155.876,16,5,20,0,2.9
36.8,61.518,-149.905,16,5,20,0,2.5
71.79,18.6073333333333,-66.8151666666667,15,5,20,0,2.81
118.0,63.264,-150.401,15,5,20,0,3.0
10.0,-57.1229,-25.168,14,5,20,1,4.3
10.0,55.4327,11.9271,14,5,20,0,3.5
88.5,60.226,-152.266,14,5,20,0,3.8
594.312,-20.8294,-178.5802,13,5,20,1,4.4
25.9,65.161,-168.656,13,5,20,0,3.6
37.166,1.2827,126.2968,12,5,20,1,4.6
26.034,23.2435,121.4413,12,5,20,1,4.4
29.88,19.181,-64.6608333333333,12,5,20,0,2.91
64.6,61.98,-150.43,11,5,20,0,2.9
10.0,-8.1963,119.2415,10,5,20,1,5.2
10.0,-5.5003,152.3,10,5,20,1,4.6
19.461,-5.4844,152.534,10,5,20,1,4.7
10.0,-17.297,176.118,9,5,20,1,5.1
10.0,2.7046,-84.4428,9,5,20,1,4.4
10.0,34.9488,26.015,9,5,20,1,4.2
10.0,-17.1604,176.1459,8,5,20,1,4.7
10.0,-17.2226,176.1641,8,5,20,1,4.7
28.0,19.6956,-63.6011,8,5,20,0,3.74
10.0,41.235,83.4674,8,5,20,1,4.4
10.0,-55.833,-122.4121,6,5,20,1,4.5
10.0,52.3636,-169.7704,6,5,20,0,3.0
5.399,44.5362,-114.2651,6,5,20,0,2.6
10.0,52.5936,-167.0105,6,5,20,0,3.2
10.0,38.2203,38.5575,6,5,20,1,5.4
175.287,-5.4916,147.0339,4,5,20,1,4.2
29.98,19.1838333333333,-64.6068333333333,4,5,20,0,2.67
24.19,19.067,-64.7871666666667,4,5,20,0,2.66
61.84,18.8661666666667,-64.4691666666667,3,5,20,0,3.01
18.77,19.145,-64.5868333333333,3,5,20,0,3.21
-1.65,19.4088333333333,-155.620333333333,3,5,20,0,2.55
36.04,19.0671666666667,-64.8033333333333,3,5,20,0,2.94
21.48,19.127,-64.3738333333333,2,5,20,0,3.09
35.0,54.5711,-160.5959,2,5,20,0,3.1
42.0,27.4702,128.7075,2,5,20,1,5.9
10.0,-41.3978,-89.608,2,5,20,1,5.0
35.0,54.4177,-161.4716,2,5,20,0,2.8
10.0,7.5271,126.9379,2,5,20,1,4.3
10.0,-28.2753,-66.1089,2,5,20,1,4.5
371.172,-15.8754,-176.4042,2,5,20,1,4.4
87.668,9.97,125.9102,2,5,20,1,4.7
27.65,19.254,-64.621,2,5,20,0,3.42
75.787,-4.7891,151.5412,2,5,20,1,4.3
22.27,19.0108333333333,-64.2701666666667,2,5,20,0,3.14
10.0,2.3544,96.2351,2,5,20,1,4.6
2.185,54.4022,-160.3427,1,5,20,0,2.5
23.98,19.0148333333333,-65.1966666666667,1,5,20,0,3.08
24.454,19.1663,-65.1524,1,5,20,0,2.9
29.461,23.3154,121.4341,1,5,20,1,4.3
60.6,19.0156666666667,-64.6231666666667,0,5,20,0,3.03
249.234,-17.419,-175.9026,0,5,20,1,4.2
10.0,24.6296,109.273,0,5,20,1,4.4
10.0,27.2424,55.7928,23,5,19,1,4.3
10.0,27.2446,55.8114,23,5,19,1,4.7
11.1,52.103,-170.943,23,5,19,0,3.0
262.065,36.3152,137.077,23,5,19,1,4.5
89.503,51.7102,-179.8449,22,5,19,0,2.9
15.8,32.8118333333333,-115.468666666667,22,5,19,0,2.55
228.578,-17.9876,-175.3165,22,5,19,1,4.2
10.0,50.1555,-179.9599,21,5,19,0,3.6
108.436,-28.5291,-69.9525,21,5,19,1,4.1
10.0,40.3268,63.0939,20,5,19,1,4.9
10.64,33.8816666666667,-118.450833333333,19,5,19,0,2.66
139.09,1.92,128.2466,19,5,19,1,4.5
10.0,-11.4423,116.9838,18,5,19,1,4.3
61.56,18.9761666666667,-64.4166666666667,18,5,19,0,2.9
53.58,18.9743333333333,-64.3266666666667,18,5,19,0,3.24
57.0,-14.1667,-75.4795,17,5,19,1,5.8
51.43,19.0005,-64.2943333333333,17,5,19,0,3.39
57.0,18.9983,-64.2425,17,5,19,1,4.13
10.0,38.0319,68.9854,17,5,19,1,4.4
5.0,61.103,-140.0329,17,5,19,0,2.7
35.0,28.5745,129.6769,17,5,19,1,4.2
58.36,19.0433333333333,-64.565,16,5,19,0,3.35
29.57,19.1385,-65.176,16,5,19,0,3.4
46.3,57.539,-154.118,16,5,19,0,3.0
232.071,52.4525,-175.4495,15,5,19,0,3.8
10.0,53.5123,-160.1761,15,5,19,0,3.1
7.8,64.491,-146.901,14,5,19,0,2.5
69.718,-17.8884,168.3319,14,5,19,1,4.8
66.946,12.6102,-88.1615,14,5,19,1,4.7
27.0,19.0983,-65.1711,13,5,19,1,4.05
36.796,51.5271,-177.7464,13,5,19,0,3.0
62.881,-6.1912,150.5287,13,5,19,1,4.6
18.3,64.618,-149.361,11,5,19,0,2.6
10.0,33.9781,47.7671,11,5,19,1,4.8
13.5,64.743,-156.039,11,5,19,1,4.8
9.4482,31.845,-101.813,10,5,19,0,3.2
0.56,19.4745,-155.455166666667,10,5,19,0,2.51
71.779,40.8836,142.4577,10,5,19,1,4.4
116.5,63.008,-150.733,10,5,19,0,3.2
590.131,-22.0704,-179.5768,9,5,19,1,4.6
0.8,54.203,-161.405,9,5,19,0,2.5
35.0,51.7103,-175.0584,9,5,19,0,2.7
10.37,18.8746666666667,-155.205666666667,9,5,19,0,3.31
35.0,51.1971,-177.4562,9,5,19,0,3.1
137.288,-14.7911,167.2613,9,5,19,1,4.0
573.853,-18.0928,-177.7969,8,5,19,1,4.4
100.6,62.852,-150.977,8,5,19,0,2.6
19.17,-37.5826,-74.2441,7,5,19,1,4.1
17.47,35.39716667,-96.81583333,6,5,19,0,3.5
63.82,18.6796666666667,-64.9381666666667,6,5,19,0,2.75
20.82,19.0823333333333,-65.1578333333333,6,5,19,0,3.14
20.06,42.976,-124.55233333333334,6,5,19,0,2.57
10.0,-2.773,129.7422,5,5,19,1,4.5
35.0,51.2093,-176.3549,5,5,19,0,2.8
100.945,25.0838,124.4143,5,5,19,1,4.4
26.4,53.467,-165.26,5,5,19,0,2.5
35.0,53.7693,160.8025,4,5,19,1,4.0
85.574,-6.1486,148.4968,4,5,19,1,4.1
566.089,-17.7318,-178.7313,3,5,19,1,4.7
76.499,-6.6497,147.1127,3,5,19,1,4.2
94.5,55.875,-159.814,3,5,19,0,3.0
74.449,-10.2827,161.2344,2,5,19,1,4.8
27.0,-18.1664,168.2247,2,5,19,1,5.7
10.0,9.0311,-82.9156,2,5,19,1,4.5
9.12,19.7136666666667,-156.094,2,5,19,0,2.92
158.5,62.043,-152.611,2,5,19,0,3.8
51.849,51.5197,-176.8256,2,5,19,0,3.7
35.0,51.5224,-176.3949,0,5,19,0,2.5
6.2,55.348,-159.356,0,5,19,0,2.8
10.0,52.55,-171.7042,23,5,18,0,3.2
10.0,51.9477,174.0554,22,5,18,1,4.3
10.0,52.4866,-171.7704,21,5,18,1,4.9
35.0,53.8214,-164.3161,21,5,18,0,2.5
125.246,-15.0468,167.5801,21,5,18,1,4.4
10.0,52.019,176.341,21,5,18,0,3.7
10.0,52.0571,176.3935,21,5,18,0,3.7
3.445,51.8217,-173.6579,20,5,18,0,3.0
27.136,1.8741,96.9642,19,5,18,1,4.1
22.0,51.179,-177.066,19,5,18,0,2.8
35.0,52.1412,174.0546,19,5,18,0,3.6
5.93,19.4428333333333,-155.840666666667,19,5,18,0,2.82
10.0,-54.2632,-1.2582,18,5,18,1,5.3
66.511,6.0809,126.9702,18,5,18,1,4.4
17.078,39.7924,143.4021,17,5,18,1,4.6
10.0,56.7071,-148.6194,16,5,18,0,2.7
4.59,35.7828333333333,-119.855166666667,15,5,18,0,3.05
545.063,-23.5202,179.8063,15,5,18,1,4.4
10.0,24.4416,109.2566,13,5,18,1,5.1
6.49,19.0733333333333,-65.3618333333333,13,5,18,0,3.11
4.1,51.532,-174.464,12,5,18,0,2.7
5.485,37.5805,-104.805,12,5,18,0,2.9
44.663,1.8793,126.582,11,5,18,1,4.2
26.0,19.1051,-65.3303,11,5,18,1,4.19
10.0,-2.8424,147.5056,11,5,18,1,4.3
1.7,65.164,-162.843,11,5,18,0,2.8
61.0,18.9941,-65.323,10,5,18,0,3.57
32.98,19.1493333333333,-65.3105,10,5,18,0,2.87
6.95,19.093,-65.3076666666667,10,5,18,0,3.2
67.73,18.9918333333333,-65.295,9,5,18,0,3.31
2.04,33.0573333333333,-115.921833333333,9,5,18,0,2.66
23.351,-2.8534,139.3824,9,5,18,1,4.3
85.1,19.0398333333333,-65.2491666666667,9,5,18,0,3.38
5.139,31.3566,-94.5944,8,5,18,0,2.5
99.884,36.0713,70.6119,8,5,18,1,4.5
86.459,-20.463,-70.2054,8,5,18,1,4.7
2.77,33.0526666666667,-115.9165,8,5,18,0,2.63
139.055,-5.7955,105.9107,8,5,18,1,4.4
38.221,43.7675,87.3923,8,5,18,1,4.5
2.19,33.0525,-115.9195,8,5,18,0,2.77
2.12,33.0563333333333,-115.919666666667,7,5,18,0,3.14
197.404,-18.6269,-175.6128,7,5,18,1,4.3
7.5274,39.2644,-119.097,7,5,18,0,2.57
10.0,-28.5773,74.2575,7,5,18,1,5.1
429.353,30.2224,138.579,7,5,18,1,4.1
2.5,33.0555,-115.918333333333,7,5,18,0,2.64
63.799,55.9041,162.1146,7,5,18,1,4.3
59.579,37.9167,141.7105,6,5,18,1,4.4
42.962,35.0383,27.7376,5,5,18,1,4.3
10.0,40.9991,84.509,5,5,18,1,4.4
29.789,-17.8749,168.127,4,5,18,1,4.5
99.037,-5.4017,144.9317,4,5,18,1,4.0
70.844,-16.3305,-174.1817,4,5,18,1,4.1
10.0,14.5043,119.0886,3,5,18,1,4.2
15.7,19.0136666666667,-64.4393333333333,3,5,18,0,3.19
10.0,-30.028,60.7057,2,5,18,1,4.9
10.0,-43.4014,91.3397,2,5,18,1,4.6
10.0,-43.3627,-82.3028,2,5,18,1,4.3
10.0,-43.4469,-82.4535,2,5,18,1,5.4
10.0,16.4177,96.3726,2,5,18,1,5.2
571.414,-24.1863,179.3944,0,5,18,1,4.0
5.0745,31.653,-104.419,0,5,18,0,2.6
35.0,19.2288,-64.1475,0,5,18,0,3.78
10.0,30.2769,104.1555,23,5,17,0,3.9
255.647,-22.4843,-66.2438,23,5,17,1,4.5
10.0,24.6105,123.8879,23,5,17,1,4.5
10.0,24.4759,123.8664,23,5,17,1,4.6
22.1,19.543,-67.9506666666667,23,5,17,0,3.12
10.0,43.6876,-128.5184,23,5,17,1,4.1
35.0,19.123,-64.1998,23,5,17,0,3.65
20.8,52.916,-167.66,23,5,17,0,2.9
64.1,-6.4292,147.5985,22,5,17,1,5.0
35.0,51.4868,-178.1615,22,5,17,0,3.6
10.0,44.0833,-128.0091,22,5,17,0,3.8
26.0,19.1913,-64.2466,22,5,17,0,3.79
29.0,19.3051,-64.2696,22,5,17,0,3.89
35.0,19.448,-64.2481,22,5,17,0,3.79
10.0,14.2718,-93.7607,22,5,17,1,4.1
439.827,-15.9781,-177.3564,21,5,17,1,4.2
530.577,-25.8683,179.4571,21,5,17,1,4.1
0.0,43.7676,-105.3209,21,5,17,0,3.2
10.0,-6.3057,151.6745,20,5,17,1,4.8
10.0,53.273,-161.4993,20,5,17,0,3.5
29.73,40.3511666666667,-124.06,18,5,17,0,2.91
66.297,44.535,148.2314,18,5,17,1,4.3
33.42,19.1915,-155.4885,18,5,17,0,2.6
574.536,-4.6812,149.5069,18,5,17,1,4.3
39.093,-3.856,128.5172,17,5,17,1,4.5
23.12,19.4486666666667,-67.8675,17,5,17,0,3.43
10.0,24.4295,109.2354,16,5,17,1,5.0
101.454,-19.4638,-69.4531,16,5,17,1,4.1
8.5,56.078,-159.967,16,5,17,0,2.6
12.28,17.988,-66.8093333333333,15,5,17,0,2.62
13.56,17.9971666666667,-66.8085,15,5,17,0,3.18
171.516,-5.5309,147.249,15,5,17,1,4.1
60.27,-7.2307,106.6987,15,5,17,1,4.4
17.0,56.937,-154.515,15,5,17,0,2.6
131.094,-15.7708,167.3916,13,5,17,1,4.4
65.1,62.502,-150.007,13,5,17,0,3.0
200.885,-23.357,-66.6786,13,5,17,1,4.5
275.124,-18.5858,-175.6317,13,5,17,1,4.5
35.0,52.1257,174.0334,11,5,17,0,3.8
10.0,-57.5243,-23.5814,10,5,17,1,4.3
57.6,57.547,-153.248,10,5,17,0,2.6
7.0814,28.791,-98.984,10,5,17,0,2.6
22.5,61.583,-146.64,10,5,17,0,2.8
7.41,17.996,-65.4693333333333,10,5,17,0,2.5
10.0,11.0619,95.1269,9,5,17,1,4.6
136.394,-21.1564,-68.585,9,5,17,1,4.2
10.0,24.8368,108.9715,9,5,17,1,4.5
35.0,39.0741,142.3609,9,5,17,1,4.3
196.794,52.2607,-174.2833,8,5,17,0,3.6
1.9,60.485,-139.86,8,5,17,0,2.5
44.0,50.7793,157.3503,8,5,17,1,5.4
10.0,-2.9481,147.7111,7,5,17,1,5.0
-3.16,42.4056666666667,-111.438,7,5,17,0,2.93
144.7,59.803,-153.619,6,5,17,0,2.6
10.0,-34.6179,-179.1435,6,5,17,1,4.3
7.19,36.82,-121.351666666667,6,5,17,0,3.58
20.65,17.8516666666667,-63.901,6,5,17,0,3.21
10.0,52.005,-172.5274,5,5,17,0,3.2
62.783,50.3838,156.707,5,5,17,1,4.1
32.655,13.855,-91.9778,4,5,17,1,4.2
10.0,-39.7086,179.0195,3,5,17,1,4.5
38.687,38.762,142.4021,2,5,17,1,4.4
47.231,-31.6717,-71.5076,2,5,17,1,4.2
10.0,-2.9487,147.6828,2,5,17,1,4.4
10.0,10.6158,-66.5378,1,5,17,0,3.8
144.318,-23.6865,-67.8241,1,5,17,1,4.4
35.0,0.5602,126.2707,1,5,17,1,4.3
3.222,37.0371,-104.9776,1,5,17,0,3.0
15.832,24.0173,120.9449,0,5,17,1,4.4
72.9,61.681,-150.79,0,5,17,0,3.3
204.23,-18.4576,-175.6378,0,5,17,1,4.4
10.0,-17.8109,168.8929,0,5,17,1,4.8
35.0,39.9154,142.9166,0,5,17,1,4.8
10.0,-15.3926,169.733,23,5,16,1,4.7
17.5,18.083,-66.9478333333333,22,5,16,0,2.91
10.0,11.0097,122.2785,22,5,16,1,4.4
13.037,-11.6817,138.4003,22,5,16,1,4.5
10.0,-2.8843,147.9521,22,5,16,1,4.3
31.75,1.3663,126.1644,22,5,16,1,4.4
10.0,-17.8762,169.2322,21,5,16,1,4.6
96.882,13.0167,93.7021,21,5,16,1,4.7
14.811,49.407,-116.892,20,5,16,0,3.2
10.0,-15.2103,-173.5973,20,5,16,1,4.2
8.0709,39.2733,-119.1054,18,5,16,0,2.73
39.208,-22.5246,-70.284,17,5,16,1,4.4
10.0,36.7786,53.8176,16,5,16,1,4.4
10.0,-17.9226,169.0273,16,5,16,1,4.5
63.362,-8.9507,111.6234,16,5,16,1,4.0
10.0,2.1941,-101.0997,15,5,16,1,4.6
10.0,-17.845,169.1032,15,5,16,1,5.5
72.175,-8.7588,160.7222,15,5,16,1,4.3
63.4,18.5878333333333,-65.0983333333333,15,5,16,0,3.41
289.988,-36.9438,176.9668,15,5,16,1,4.2
219.988,-18.2827,-175.3215,15,5,16,1,4.7
10.0,-17.8496,168.9574,15,5,16,1,4.8
10.0,-17.7481,169.0384,15,5,16,1,4.4
32.0,-8.6195,160.8153,15,5,16,1,5.7
47.0,17.4228,-61.2882,14,5,16,2,6.0
10.0,39.9805,77.9201,14,5,16,1,4.4
10.0,-17.7675,169.1997,14,5,16,1,5.2
9.65,39.7335,-114.056,13,5,16,0,2.92
10.0,-17.8933,169.1485,13,5,16,1,4.5
86.074,54.2925,-164.7006,13,5,16,0,3.4
10.0,-17.8693,169.1748,12,5,16,1,5.3
10.0,-17.8721,169.1056,12,5,16,1,4.5
37.567,51.4763,-177.64,12,5,16,0,2.5
10.0,-41.7889,-83.7856,11,5,16,1,4.5
8.969,37.8751,-108.0933,11,5,16,0,2.6
10.0,6.8189,124.695,11,5,16,1,5.0
242.778,-22.8968,-66.2495,10,5,16,1,4.7
187.028,-24.2139,-67.3986,10,5,16,1,4.2
10.0,9.5822,-84.6055,10,5,16,0,3.2
10.0,52.0812,176.2414,10,5,16,1,4.2
10.0,-53.4132,25.2704,8,5,16,1,4.7
10.0,-1.1324,120.1013,8,5,16,1,4.4
6.74,33.0285,-116.302666666667,8,5,16,0,2.65
35.0,-29.6331,-177.235,8,5,16,1,4.7
7.8302,32.07,-103.724,7,5,16,0,2.5
35.0,51.9671,-171.5707,7,5,16,0,3.4
316.092,-17.7404,-66.7779,7,5,16,1,4.3
190.012,-24.1346,-66.8738,6,5,16,1,4.3
10.0,-31.9635,-178.1781,6,5,16,1,4.9
10.0,11.4524,142.6765,6,5,16,1,4.3
10.0,-41.7898,174.2248,6,5,16,1,4.0
293.138,-15.5852,-175.0343,6,5,16,1,4.6
29.5,53.092,-166.807,5,5,16,0,2.8
60.713,48.2451,154.2068,5,5,16,1,4.2
54.763,48.3291,154.2307,5,5,16,1,4.1
58.0,18.8978,-68.4733,4,5,16,1,4.09
205.317,-24.1537,-67.1375,3,5,16,1,4.0
127.545,-21.8389,-68.4042,1,5,16,1,4.7
10.0,79.7815,3.4809,1,5,16,1,4.4
35.0,-32.5108,-178.4343,1,5,16,1,4.6
35.0,51.4995,-176.7,0,5,16,0,3.7
234.104,-21.4306,-66.9565,0,5,16,1,4.3
10.0,38.5084,89.3733,23,5,15,1,4.3
10.0,10.5399,-72.4762,23,5,15,1,4.4
5.0,69.576,-144.632,22,5,15,0,3.1
560.028,-17.8835,-178.7113,22,5,15,1,4.5
572.533,-17.9118,-178.6662,21,5,15,1,4.7
40.88,18.9721666666667,-156.631666666667,21,5,15,0,2.57
74.142,53.5372,160.0042,21,5,15,1,4.1
10.0,36.623,25.7835,20,5,15,1,4.2
43.182,19.1865,121.1351,20,5,15,1,4.3
10.0,14.5534,119.2296,20,5,15,1,4.4
37.183,39.9359,143.0906,20,5,15,1,4.3
71.605,53.5287,-166.051,20,5,15,0,2.5
0.0,43.6758,-105.3232,19,5,15,0,3.3
173.083,-8.3939,119.5206,19,5,15,1,4.1
35.0,52.9333,-168.9229,19,5,15,0,3.4
14.927,54.6291,-159.6218,18,5,15,0,2.9
168.973,43.6594,143.3616,18,5,15,1,4.0
26.12,20.1593333333333,-155.895,18,5,15,0,2.95
10.0,-17.9669,169.2681,18,5,15,1,4.6
35.0,51.5996,-175.3555,17,5,15,0,3.6
9.71,17.8233333333333,-65.8006666666667,16,5,15,0,2.74
132.957,-17.685,-70.0413,15,5,15,1,4.9
10.0,-0.2431,-18.7444,14,5,15,1,4.9
35.0,19.5736,-66.7013,14,5,15,0,3.6
145.0,18.194,-68.2655,13,5,15,0,3.69
10.0,-43.1876,90.9588,13,5,15,1,4.5
17.6,55.241,-154.967,13,5,15,0,2.6
18.5,65.128,-146.128,12,5,15,0,2.8
42.0,38.9352,142.1579,11,5,15,2,6.7
47.328,27.84,142.0172,11,5,15,1,4.8
1.39,42.3928333333333,-111.4245,11,5,15,0,3.81
10.0,37.3935,69.6188,10,5,15,1,4.3
35.0,14.272,-93.0398,10,5,15,1,4.3
218.705,18.9802,145.4718,9,5,15,1,4.2
74.771,-22.4817,171.4298,8,5,15,1,4.3
9.34,36.4351666666667,-89.5385,6,5,15,0,2.64
39.039,51.343,-174.2639,5,5,15,0,3.7
2.37,38.8231666666667,-122.764333333333,5,5,15,0,2.72
5.57,34.4225,-97.468,4,5,15,0,2.72
5.0,34.8698,-121.6425,4,5,15,0,2.5
13.4941,39.4244,-119.0889,3,5,15,0,2.64
4.2,57.628,-155.968,3,5,15,0,2.6
10.0,9.5753,57.0418,2,5,15,1,4.3
7.3,58.267,-155.537,2,5,15,0,2.7
1.9,58.267,-155.572,2,5,15,0,2.7
10.0,-3.0286,147.7949,1,5,15,1,5.3
56.458,18.3505,146.7106,0,5,15,1,4.4
157.887,-4.0559,152.442,23,5,14,1,4.4
597.48,-20.2418,-178.4941,23,5,14,1,4.3
168.562,4.5368,125.5105,23,5,14,1,4.2
10.0,-40.6111,-16.6884,23,5,14,1,4.5
10.0,-5.8026,-11.3589,23,5,14,1,4.8
10.0,51.9434,171.672,22,5,14,0,3.9
24.448,39.8749,143.3295,22,5,14,1,4.4
32.861,39.9556,143.0347,22,5,14,1,4.1
67.451,-58.29,-25.4121,22,5,14,1,4.5
10.0,-55.4381,-26.8968,22,5,14,1,4.8
3.9,57.629,-156.008,22,5,14,0,3.1
35.0,51.4231,-177.6603,22,5,14,0,2.6
10.0,-20.0949,-71.0786,22,5,14,1,4.2
123.554,5.4133,126.1368,22,5,14,1,4.0
10.0,50.6323,-172.9401,19,5,14,0,3.2
522.513,-24.0987,-179.9268,18,5,14,1,4.4
137.0,-6.1497,130.3809,17,5,14,2,6.2
10.0,41.2756,84.2042,17,5,14,1,4.1
36.0,19.1435,-155.507666666667,17,5,14,0,2.85
82.4,62.292,-151.065,15,5,14,0,3.8
156.598,25.1628,141.35,15,5,14,1,5.2
83.5,60.759,-151.286,15,5,14,0,2.5
93.5,59.533,-152.581,13,5,14,1,4.0
10.0,-2.9384,147.6769,13,5,14,1,4.8
112.725,4.1341,-76.6659,12,5,14,1,5.3
35.0,39.73,143.1787,10,5,14,1,4.2
51.452,-58.3454,-25.5355,9,5,14,1,5.1
10.0,51.0681,-178.3164,9,5,14,0,2.6
10.0,50.9722,-178.5387,9,5,14,0,3.2
8.5765,39.1617,-119.0358,9,5,14,0,2.59
40.609,36.5969,21.6155,9,5,14,1,4.2
13.95,17.9246666666667,-66.9121666666667,8,5,14,0,2.51
10.0,30.1632,56.5035,7,5,14,1,4.7
10.0,57.5335,-142.828,6,5,14,0,2.8
43.594,-55.7494,-27.5868,5,5,14,1,4.3
110.734,12.6459,143.6203,5,5,14,1,4.2
9.2057,39.2635,-119.0834,5,5,14,0,2.57
10.0,0.9985,-85.4514,5,5,14,1,4.4
36.9,51.188,-176.984,4,5,14,0,2.5
10.0,9.5253,-84.6545,4,5,14,0,3.2
33.66,19.048,-155.368333333333,4,5,14,0,2.78
10.0,9.5901,-84.5982,3,5,14,1,4.4
4.38,54.1816,-162.315,3,5,14,0,2.5
35.0,0.6027,126.2902,2,5,14,1,4.8
46.472,54.3592,-162.4086,2,5,14,0,3.5
47.675,54.3012,-162.3287,2,5,14,1,4.7
178.314,-24.2333,-66.9599,2,5,14,1,4.6
10.0,-20.0439,168.4346,2,5,14,1,4.5
147.1,52.206,-173.317,2,5,14,0,2.7
10.0,51.9834,-30.8295,1,5,14,1,4.5
1.4,51.31,-174.493,0,5,14,0,2.6
10.0,5.0241,36.8619,0,5,14,1,4.7
40.2,51.253,-178.272,0,5,14,0,2.5
10.0,-12.0763,65.6898,23,5,13,1,4.2
82.697,-17.2343,-174.2144,22,5,13,1,4.4
35.0,18.9902,121.2276,22,5,13,1,4.6
5.0,56.017,-159.869,22,5,13,0,3.4
35.0,19.0885,121.233,22,5,13,1,5.3
10.0,-43.3406,91.7045,21,5,13,1,4.5
188.409,-13.5013,167.1035,20,5,13,1,4.3
10.0,79.1774,2.6555,20,5,13,1,4.4
10.0,41.2905,84.0985,20,5,13,1,4.5
126.448,-5.9823,130.9791,20,5,13,0,3.8
10.0,54.2128,-162.4883,20,5,13,0,2.9
10.0,39.9416,141.2099,20,5,13,1,4.4
10.44,18.7213333333333,-67.3358333333333,19,5,13,0,3.02
4.0,39.324,-119.0372,19,5,13,0,3.38
9.618,54.1797,-162.5003,19,5,13,0,2.9
59.7,56.037,-158.175,19,5,13,0,3.0
10.0,-24.124,69.7296,18,5,13,1,4.2
613.658,-12.3327,171.9479,18,5,13,1,4.1
5.683,51.4816,-173.6431,18,5,13,0,2.8
6.786,40.5785,140.3191,17,5,13,1,4.2
10.8161,37.1179,-115.3139,17,5,13,0,2.85
10.0,9.8989,56.991,16,5,13,1,4.8
10.0,9.6751,-84.4935,16,5,13,1,5.0
35.0,53.8344,-163.9155,15,5,13,0,2.9
184.365,52.1067,-175.6389,14,5,13,0,3.1
22.08,19.2956666666667,-67.3365,14,5,13,0,3.12
520.723,-23.0921,-179.5802,14,5,13,1,4.2
110.179,-20.3513,-68.8513,13,5,13,1,4.2
132.3,59.954,-153.252,13,5,13,0,2.6
10.0,51.2832,-174.3468,13,5,13,0,2.8
8.1389,39.2737,-119.1025,13,5,13,0,2.79
10.0,-15.4323,-173.3302,12,5,13,1,4.6
10.0,-19.1778,168.0036,12,5,13,1,4.0
62.433,51.604,-176.5326,12,5,13,0,2.7
10.0,-9.8271,154.927,12,5,13,1,4.5
569.68,-18.5192,-178.0947,12,5,13,1,4.3
138.191,51.9235,-176.0503,11,5,13,0,2.7
14.899,-5.3594,152.8463,11,5,13,1,4.5
21.1,-5.4141,152.7909,11,5,13,1,4.7
10.0,28.6714,-43.5197,11,5,13,1,4.5
180.521,-16.1359,167.8744,11,5,13,1,4.4
10.0,52.8682,-163.1304,11,5,13,0,2.8
10.0,43.7195,-127.5335,10,5,13,0,3.6
20.647,23.9508,121.6879,10,5,13,1,4.5
112.412,-29.2763,-69.718,10,5,13,1,4.5
199.567,13.1827,-87.8208,9,5,13,1,4.5
10.0,-15.0855,-173.6805,9,5,13,1,4.5
10.0,17.8717,-76.6605,8,5,13,1,4.3
35.0,-55.2876,-28.1075,8,5,13,1,5.1
353.951,-30.1367,-179.4387,7,5,13,1,4.5
27.5,53.955,-163.839,7,5,13,0,2.5
35.0,-55.332,-28.2777,6,5,13,1,5.0
52.711,51.3481,158.4425,5,5,13,1,4.5
10.0,-2.8556,147.763,5,5,13,1,4.6
10.0,-5.3578,-11.7226,4,5,13,1,4.3
8.1,61.84,-148.867,4,5,13,0,2.5
107.474,-3.7108,128.7516,4,5,13,1,4.1
77.775,11.685,-86.6954,3,5,13,1,4.4
97.3,60.177,-152.493,3,5,13,0,2.7
28.948,50.9798,179.3048,3,5,13,0,3.9
484.752,30.3404,138.3561,3,5,13,1,5.1
0.8,58.452,-137.119,3,5,13,0,2.6
10.0,41.6233,145.8788,2,5,13,1,4.9
10.0,-32.2853,-178.4897,2,5,13,1,4.5
10.0,-20.3042,67.7711,1,5,13,1,4.6
35.0,51.193,-178.4431,0,5,13,0,2.7
31.002,51.3905,-176.1665,0,5,13,0,3.2
10.0,51.2649,174.5363,0,5,13,1,4.2
538.489,-23.6233,179.9222,0,5,13,1,4.4
65.3,61.822,-150.902,23,5,12,0,2.9
10.0,-55.595,-124.2617,23,5,12,1,4.4
78.896,4.7477,126.5495,23,5,12,1,4.2
35.0,0.2935,126.3625,22,5,12,1,4.4
10.0,-21.5221,-174.3272,21,5,12,1,5.1
10.0,-19.7965,168.2447,21,5,12,1,4.3
154.0,-23.3501,-176.8356,21,5,12,1,5.7
13.69,33.235,-116.790333333333,20,5,12,0,2.51
10.0,35.715,51.9166,20,5,12,1,4.3
0.0,43.6526,-105.4125,20,5,12,0,3.4
4.78,38.7695,-122.608,19,5,12,0,2.85
35.0,51.3,-177.6065,19,5,12,0,2.9
181.768,-16.989,-69.7145,18,5,12,1,4.2
9.1,53.471,-164.734,18,5,12,0,2.5
71.729,2.9083,127.8786,18,5,12,1,4.7
5.8,57.691,-137.824,17,5,12,0,3.0
110.7,59.712,-153.143,16,5,12,0,2.5
64.72,-10.6401,164.9581,15,5,12,1,5.6
35.0,52.281,-169.644,15,5,12,0,2.7
20.9,52.261,-169.458,15,5,12,0,2.7
509.659,-23.3294,-179.3664,15,5,12,1,4.1
10.0,56.2078,-149.1816,15,5,12,0,3.0
1.7,64.523,-147.142,14,5,12,0,2.5
10.0,28.46,104.8375,14,5,12,1,4.8
19.25,40.3475,-124.768166666667,14,5,12,0,2.93
5.8,56.071,-156.556,14,5,12,0,2.5
10.0,28.4171,105.1206,14,5,12,1,4.4
144.182,-31.6441,-67.134,12,5,12,1,4.1
205.258,-39.507,174.2688,12,5,12,1,4.1
9.0,56.834,-155.805,12,5,12,0,2.5
10.0,54.4985,-163.1707,12,5,12,0,2.8
10.0,47.7315,-128.9996,11,5,12,1,4.0
10.0,47.7325,-128.7667,11,5,12,0,3.9
10.0,47.8953,-128.7932,11,5,12,0,3.9
112.457,-23.1167,-68.6744,10,5,12,1,4.3
10.0,56.2641,-149.2558,10,5,12,0,3.0
10.0,-34.0757,77.6667,10,5,12,1,4.6
10.0,-7.7342,-13.5595,10,5,12,1,4.7
10.0,-34.3701,77.2906,10,5,12,1,4.7
1.3,69.557,-144.566,10,5,12,0,2.6
29.274,51.4306,-176.6149,9,5,12,0,2.9
10.0,47.8109,-128.8838,9,5,12,0,3.5
5.0,58.62,-142.641,9,5,12,0,2.8
28.839,-41.4666,174.5306,9,5,12,1,4.4
120.156,4.7983,127.5163,8,5,12,1,5.0
93.7,60.867,-151.902,7,5,12,0,2.8
212.006,-5.4939,147.0459,7,5,12,1,4.3
23.172,23.2462,121.531,6,5,12,1,5.1
35.0,51.3446,-174.3318,6,5,12,0,3.4
35.0,51.3096,-174.2383,6,5,12,0,3.5
10.0,51.895,160.2352,6,5,12,1,4.4
10.0,52.1364,160.2391,6,5,12,1,4.6
35.0,-16.4107,-73.869,6,5,12,1,4.1
10.0,36.8731,143.843,5,5,12,1,4.5
53.41,-5.619,151.4861,5,5,12,1,4.2
10.0,6.9852,92.3567,5,5,12,1,4.9
88.74,18.3271666666667,-67.4596666666667,5,5,12,0,3.06
35.0,53.9703,-162.9703,5,5,12,0,2.9
35.0,51.2734,-174.1878,4,5,12,0,3.6
10.0,52.1757,160.7879,4,5,12,1,4.5
59.694,-10.2077,161.2204,3,5,12,1,4.9
10.0,-55.2253,-31.5328,2,5,12,1,4.6
10.0,53.1751,-162.1396,2,5,12,0,2.9
10.0,24.4631,141.7695,0,5,12,1,4.4
12.6,51.557,-179.156,0,5,12,0,2.7
75.292,36.2532,139.748,0,5,12,1,4.3
17.2,51.296,-176.15,23,5,11,0,2.5
10.0,59.702,-136.166,23,5,11,0,2.9
7.84,35.3053333333333,-117.810166666667,23,5,11,0,2.87
10.0,-25.6171,-71.3766,23,5,11,1,4.4
35.0,38.2862,142.9162,22,5,11,1,4.3
14.91,17.895,-65.2076666666667,22,5,11,0,3.23
5.5,51.269,-174.361,22,5,11,0,2.6
10.0,12.2834,144.4786,22,5,11,1,4.5
98.227,-5.364,145.8171,21,5,11,1,4.4
18.59,18.6181666666667,-66.7275,21,5,11,0,2.54
128.6,60.017,-153.128,20,5,11,0,2.5
10.0,13.179,145.994,20,5,11,1,4.8
10.0,-15.4991,-177.5257,20,5,11,1,4.8
7.6569,39.339,-119.0169,18,5,11,0,2.71
21.57,18.9318333333333,-65.919,18,5,11,0,3.11
8.835,-17.7297,125.6459,18,5,11,1,4.2
0.0,43.8082,-105.346,17,5,11,0,3.1
3.138,-31.7023,-70.4867,17,5,11,1,4.4
16.7,55.045,-160.484,17,5,11,0,2.6
10.0,51.4861,-173.3547,16,5,11,0,3.5
8.68,18.8585,-64.4876666666667,16,5,11,0,2.63
5.64,39.9433333333333,-123.716333333333,16,5,11,0,2.6
68.164,53.2098,159.8535,15,5,11,1,4.2
14.17,18.9776666666667,-67.1365,15,5,11,0,3.14
13.9,55.936,-159.765,15,5,11,0,2.7
5.0,40.1683,-98.3584,14,5,11,0,2.9
18.945,52.6055,-164.9601,14,5,11,0,3.5
95.42,2.8018,127.8554,13,5,11,1,4.0
25.047,37.5328,21.1373,13,5,11,1,4.2
10.0,55.8197,114.5242,13,5,11,1,4.0
39.0,19.1418,-67.967,12,5,11,0,3.68
1.5,53.951,-162.463,12,5,11,0,2.7
69.713,51.9685,-173.2606,12,5,11,0,3.8
22.691,51.0663,179.1802,12,5,11,0,3.5
4.5,37.5118333333333,-118.831166666667,11,5,11,0,2.58
4.49,39.945,-123.714,11,5,11,0,3.01
42.048,51.6059,-177.9347,11,5,11,0,2.6
4.54,39.945,-123.713166666667,11,5,11,0,2.81
10.0,51.19,-174.2021,10,5,11,0,2.9
8.2404,39.2744,-119.1062,10,5,11,0,2.79
8.7057,39.2777,-119.1003,10,5,11,0,2.89
35.0,51.2446,-177.0795,10,5,11,0,3.1
10.0,51.2262,-174.1911,9,5,11,0,3.4
10.0,-9.3115,159.1816,9,5,11,1,5.2
108.84,51.696,-178.5508,9,5,11,0,2.6
19.046,51.4291,-179.0807,9,5,11,0,2.6
15.58,32.9445,-115.535,9,5,11,0,2.53
35.0,52.1249,-170.8387,8,5,11,0,3.8
3.41,39.9445,-123.711666666667,8,5,11,0,2.52
10.0,56.259,-149.339,8,5,11,0,3.1
10.0,56.1146,-149.3463,8,5,11,0,2.7
4.33,39.943,-123.7135,8,5,11,0,2.55
40.75,-17.9465,-173.6344,7,5,11,1,4.3
10.0,8.1187,126.3586,7,5,11,1,4.6
14.314,40.4264,-125.8612,7,5,11,0,2.7
35.0,39.6104,143.2,6,5,11,1,4.1
52.243,17.2155,120.3885,6,5,11,1,4.2
10.0,51.2769,-174.336,5,5,11,0,3.1
10.0,50.9128,-175.2934,5,5,11,0,2.5
113.631,-23.0596,-68.628,5,5,11,1,4.6
111.4,62.915,-151.198,5,5,11,0,3.3
10.0,3.7685,-32.8973,4,5,11,1,4.5
10.0,56.2079,-149.2072,4,5,11,0,3.1
9.4556,38.9276,-118.8221,4,5,11,0,2.58
167.773,36.3284,69.4816,4,5,11,1,4.3
73.253,32.5902,140.6231,4,5,11,1,4.1
35.0,1.295,126.3886,3,5,11,1,4.4
54.665,41.1548,142.3508,2,5,11,1,4.3
10.0,27.4219,129.5472,1,5,11,1,4.7
10.0,39.857,143.6856,0,5,11,1,4.9
109.68,51.8163,-179.4917,0,5,11,0,2.9
35.0,39.8176,143.1799,0,5,11,1,4.2
69.142,54.3062,-163.7566,0,5,11,0,3.2
35.0,-0.4584,98.7333,23,5,10,1,4.2
551.905,-23.4759,-179.8946,23,5,10,1,5.0
560.698,-23.3879,-179.8953,23,5,10,1,5.1
27.7,61.827,-146.94,23,5,10,0,2.7
6.29,38.0001666666667,-122.281666666667,22,5,10,0,2.72
